3230
default.def 111111111111111111111111111111111111111111111111 000000000000000000000000000000000000000000000000 000000000 000000000 0 0 0 0
AVCvgr.def 011111110111111101111111111111111111111111111111 000000001000000000000000000000000000000000000000 111111111 011111111 33 2 0 0
avcvgarm.def 011111110111111101111111111111111111111111111111 000000001000000000000000000000000000000000000000 111111111 011111111 33 3 0 0
ZGarn002.def 011111110111111101111111111111111111111111111111 000000001000000000000000000000000000000000000000 111111111 011111111 33 4 0 0
ZObj044.def 000111110011111111111111111111111111111111111111 100000000000000000000000000000000000000000000000 111111111 011111111 63 63 1 0
ZObj045.def 011111111111111111111111111111111111111111111111 100000000000000000000000000000000000000000000000 111111111 011111111 49 1 0 0
ZObj046.def 011111111111111111111111111111111111111111111111 100000000000000000000000000000000000000000000000 111111111 011111111 90 1 0 0
ZObj047.def 011111111111111111111111111111111111111111111111 100000000000000000000000000000000000000000000000 111111111 000001000 91 0 0 0
ZObj048.def 011111111111111111111111111111111111111111111111 100000000000000000000000000000000000000000000000 111111111 000000100 91 0 0 0
ZObj049.def 001111110111111111111111111111111111111111111111 010000000000000000000000000000000000000000000000 111111111 011111111 63 64 1 0
ZObj050.def 001111111111111111111111111111111111111111111111 100000000000000000000000000000000000000000000000 111111111 011111111 63 65 1 0
SFzerk.def 011111110011111111111111111111111111111111111111 100000000000000000000000000000000000000000000000 111111111 011111111 63 66 1 0
Zchst1.def 011111111111111111111111111111111111111111111111 100000000000000000000000000000000000000000000000 111111111 011111111 101 1 5 0
Zchst2.def 011111111111111111111111111111111111111111111111 100000000000000000000000000000000000000000000000 111111111 011111111 101 2 5 0
Zchst3.def 011111111111111111111111111111111111111111111111 100000000000000000000000000000000000000000000000 111111111 011111111 101 3 5 0
Zchst4.def 011111111111111111111111111111111111111111111111 100000000000000000000000000000000000000000000000 111111111 011111111 101 4 5 0
Zchst5.def 011111111111111111111111111111111111111111111111 100000000000000000000000000000000000000000000000 111111111 011111111 101 5 5 0
Zchst6.def 011111111111111111111111111111111111111111111111 100000000000000000000000000000000000000000000000 111111111 011111111 101 6 5 0
ZCBON000.def 011111111111111111111111111111111111111111111111 100000000000000000000000000000000000000000000000 111111111 011111111 101 7 5 0
ZCBON001.def 011111111111111111111111111111111111111111111111 100000000000000000000000000000000000000000000000 111111111 011111111 101 8 5 0
ZCBON002.def 011111111111111111111111111111111111111111111111 100000000000000000000000000000000000000000000000 111111111 011111111 101 9 5 0
ZCBON003.def 011111111111111111111111111111111111111111111111 100000000000000000000000000000000000000000000000 111111111 011111111 101 10 5 0
Zmithr.def 011111111111111111111111111111111111111111111111 100000000000000000000000000000000000000000000000 111111111 011111111 79 7 5 0
ZSnow001.def 111111111111111111111111111111111111111111111111 000000000000000000000000000000000000000000000000 111111111 000001000 40 0 0 0
lavam.def 111111111111111111111111111111111111111111111111 000000000000000000000000000000000000000000000000 111111111 010000000 40 1 0 1
ZRain00.def 111111111111111111111111111111111111111111111111 000000000000000000000000000000000000000000000000 111111111 000010000 40 2 0 0
ZCrBGod1.def 111011111010011100000011000001111100111111111111 000000000000000000100000000000000000000000000000 111111111 011111111 16 13 0 0
ZCrBGod2.def 111011111010011100000011000001111100111111111111 000000000000000000100000000000000000000000000000 111111111 011111111 16 14 0 0
ZCrBGod3.def 111011111010011100000011000001111100111111111111 000000000000000000100000000000000000000000000000 111111111 011111111 16 15 0 0
ZCrBGod4.def 111011111010011100000011000001111100111111111111 000000000000000000100000000000000000000000000000 111111111 011111111 16 16 0 0
ZObrevno.def 111111111111111111111111111111111111111111111111 000000000000000000000000000000000000000000000000 111111111 011111111 208 1 0 1
zzzz.def 011111111111111111111111111111111111111111111111 000000000000000000000000000000000000000000000000 111111111 011111111 207 1 1 0
ZCrBank1.def 100111111001111111111111111111111111111111111111 010000000000000000000000000000000000000000000000 111111111 011111111 16 11 0 0
ZCrBank2.def 100111111001111111111111111111111111111111111111 001000000000000000000000000000000000000000000000 111111111 011111111 16 12 0 0
ZCrBank3.def 111111111000011110000111111111111111111111111111 000000000010000000000000000000000000000000000000 111111111 011111111 16 20 0 0
ZCrBVm17.def 001111111111111111111111111111111111111111111111 010000000000000000000000000000000000000000000000 111111111 011111111 16 17 0 0
ZCrBVm18.def 001111111111111111111111111111111111111111111111 010000000000000000000000000000000000000000000000 111111111 011111111 16 18 0 0
ZCrBJn19.def 011111111111111111111111111111111111111111111111 100000000000000000000000000000000000000000000000 100000000 100000000 16 19 0 0
ZMermd01.def 000111110001111111111111111111111111111111111111 010000000000000000000000000000000000000000000000 100000000 100000000 52 0 0 0
ZMermd02.def 101111111111111111111111111111111111111111111111 010000000000000000000000000000000000000000000000 100000000 100000000 52 0 0 0
AVGelp.def 001111111111111111111111111111111111111111111111 100000000000000000000000000000000000000000000000 111111111 011111111 17 60 0 0
ZAVG150Z.def 100111111111111111111111111111111111111111111111 010000000000000000000000000000000000000000000000 111111111 011111111 17 80 0 0
ZAVG151Z.def 001111111111111111111111111111111111111111111111 010000000000000000000000000000000000000000000000 111111111 011111111 17 81 0 0
ZAVG152Z.def 001111111011111111111111111111111111111111111111 100000000000000000000000000000000000000000000000 111111111 011111111 17 82 0 0
ZAVG153Z.def 001111111111111111111111111111111111111111111111 100000000000000000000000000000000000000000000000 111111111 011111111 17 83 0 0
ZAVG154Z.def 001111111111111111111111111111111111111111111111 010000000000000000000000000000000000000000000000 111111111 011111111 17 84 0 0
ZAVG155Z.def 100111111111111111111111111111111111111111111111 010000000000000000000000000000000000000000000000 111111111 011111111 17 85 0 0
ZAVG156Z.def 100111111111111111111111111111111111111111111111 010000000000000000000000000000000000000000000000 111111111 011111111 17 86 0 0
ZAVG157Z.def 001111111111111111111111111111111111111111111111 010000000000000000000000000000000000000000000000 111111111 011111111 17 87 0 0
ZAVG158Z.def 100111111111111111111111111111111111111111111111 010000000000000000000000000000000000000000000000 111111111 011111111 17 88 0 0
ZAVG170Z.def 001111111111111111111111111111111111111111111111 010000000000000000000000000000000000000000000000 111111111 011111111 17 90 0 0
ZAVG171Z.def 001111111111111111111111111111111111111111111111 010000000000000000000000000000000000000000000000 111111111 011111111 17 89 0 0
ZAVG172A.def 000111111111111111111111111111111111111111111111 010000000000000000000000000000000000000000000000 111111111 011111111 17 91 0 0
ZAVG172B.def 000111111111111111111111111111111111111111111111 010000000000000000000000000000000000000000000000 111111111 011111111 17 91 0 0
ZAVG169.def 100111111111111111111111111111111111111111111111 010000000000000000000000000000000000000000000000 111111111 011111111 17 94 0 0
ZAVG173A.def 001111111111111111111111111111111111111111111111 010000000000000000000000000000000000000000000000 111111111 011111111 17 92 0 0
ZAVG174A.def 001111111111111111111111111111111111111111111111 010000000000000000000000000000000000000000000000 111111111 011111111 17 93 0 0
ZAVG173.def 001111110011111111111111111111111111111111111111 100000000000000000000000000000000000000000000000 111111111 011111111 17 95 0 0
ZAVG192.def 001111111111111111111111111111111111111111111111 100000000000000000000000000000000000000000000000 111111111 011111111 17 96 0 0
ZAVG193.def 001111111111111111111111111111111111111111111111 010000000000000000000000000000000000000000000000 111111111 011111111 17 97 0 0
ZAVG194.def 001111111111111111111111111111111111111111111111 100000000000000000000000000000000000000000000000 111111111 011111111 17 98 0 0
ZAVG195.def 000111110001111111111111111111111111111111111111 010000000000000000000000000000000000000000000000 111111111 011111111 17 99 0 0
ZAVG196.def 001111111111111111111111111111111111111111111111 010000000000000000000000000000000000000000000000 111111111 011111111 17 100 0 0
ZMM150Z.def 011111111111111111111111111111111111111111111111 100000000000000000000000000000000000000000000000 111111111 011111111 54 150 2 0
ZMM151Z.def 011111111111111111111111111111111111111111111111 100000000000000000000000000000000000000000000000 111111111 011111111 54 151 2 0
ZMM152Z.def 011111111111111111111111111111111111111111111111 100000000000000000000000000000000000000000000000 111111111 011111111 54 152 2 0
ZMM153Z.def 011111111111111111111111111111111111111111111111 100000000000000000000000000000000000000000000000 111111111 011111111 54 153 2 0
ZMM154Z.def 011111111111111111111111111111111111111111111111 100000000000000000000000000000000000000000000000 111111111 011111111 54 154 2 0
ZMM155Z.def 011111111111111111111111111111111111111111111111 100000000000000000000000000000000000000000000000 111111111 011111111 54 155 2 0
ZMM156Z.def 011111111111111111111111111111111111111111111111 100000000000000000000000000000000000000000000000 111111111 011111111 54 156 2 0
ZMM157Z.def 011111111111111111111111111111111111111111111111 100000000000000000000000000000000000000000000000 111111111 011111111 54 157 2 0
ZMM158Z.def 011111111111111111111111111111111111111111111111 100000000000000000000000000000000000000000000000 111111111 011111111 54 158 2 0
ZMM164D.def 011111111111111111111111111111111111111111111111 100000000000000000000000000000000000000000000000 111111111 011111111 54 164 2 0
ZMM165D.def 011111111111111111111111111111111111111111111111 100000000000000000000000000000000000000000000000 111111111 011111111 54 165 2 0
ZMM166D.def 011111111111111111111111111111111111111111111111 100000000000000000000000000000000000000000000000 111111111 011111111 54 166 2 0
ZMM167D.def 011111111111111111111111111111111111111111111111 100000000000000000000000000000000000000000000000 111111111 011111111 54 167 2 0
ZMM168G.def 011111111111111111111111111111111111111111111111 100000000000000000000000000000000000000000000000 111111111 011111111 54 168 2 0
ZMM169Z.def 011111111111111111111111111111111111111111111111 100000000000000000000000000000000000000000000000 111111111 011111111 54 169 2 0
ZMM170S.def 011111111111111111111111111111111111111111111111 100000000000000000000000000000000000000000000000 111111111 011111111 54 170 2 0
ZMM171S.def 011111111111111111111111111111111111111111111111 100000000000000000000000000000000000000000000000 111111111 011111111 54 171 2 0
ZMM172N.def 011111111111111111111111111111111111111111111111 100000000000000000000000000000000000000000000000 111111111 011111111 54 172 2 0
ZMM173M.def 011111111111111111111111111111111111111111111111 100000000000000000000000000000000000000000000000 111111111 011111111 54 173 2 0
ZMM192Z.def 011111111111111111111111111111111111111111111111 100000000000000000000000000000000000000000000000 111111111 000000001 54 192 2 0
ZMM193Z.def 011111111111111111111111111111111111111111111111 100000000000000000000000000000000000000000000000 111111111 000000001 54 193 2 0
ZMM194Z.def 011111111111111111111111111111111111111111111111 100000000000000000000000000000000000000000000000 111111111 000000001 54 194 2 0
ZMM195Z.def 011111111111111111111111111111111111111111111111 100000000000000000000000000000000000000000000000 111111111 000000001 54 195 2 0
ZMM196Z.def 011111111111111111111111111111111111111111111111 100000000000000000000000000000000000000000000000 111111111 000000001 54 196 2 0
ZH4Obj02.def 000111110001111111111111111111111111111111111111 010000000000000000000000000000000000000000000000 111111111 000010101 63 2 0 0
ZH4Obj01.def 100011111000111111111111111111111111111111111111 001000000000000000000000000000000000000000000000 111111111 000000010 63 1 0 0
ZObj001.def 111111111000111111111111111111111111111111111111 000000000010000000000000000000000000000000000000 111111111 011111111 63 3 0 0
ZObj002.def 110111110101011110101111111111111111111111111111 000000000010000000000000000000000000000000000000 111111111 011111111 63 4 0 0
ZObj003.def 101011110000011110001111111111111111111111111111 000000000010000000000000000000000000000000000000 111111111 011111111 63 5 0 0
ZObj004.def 111111110000111111111111111111111111111111111111 000000000010000000000000000000000000000000000000 111111111 011111111 63 6 0 0
ZObj005.def 110111111010011111111111111111111111111111111111 000000000001000000000000000000000000000000000000 111111111 011111111 63 7 0 0
ZObj006.def 111111111000011111111111111111111111111111111111 000000000010000000000000000000000000000000000000 111111111 011111111 63 8 0 0
ZObj007.def 101111111111111111111111111111111111111111111111 010000000000000000000000000000000000000000000000 111111111 011111111 63 9 0 0
ZObj008.def 101111111111111111111111111111111111111111111111 010000000000000000000000000000000000000000000000 111111111 011111111 63 14 1 0
ZObj009.def 101111111111111111111111111111111111111111111111 010000000000000000000000000000000000000000000000 111111111 011111111 63 15 1 0
ZObj010.def 000111111011111111111111111111111111111111111111 001000000000000000000000000000000000000000000000 111111111 011111111 63 16 1 0
ZObj011.def 000111111011111111111111111111111111111111111111 001000000000000000000000000000000000000000000000 111111111 011111111 63 17 1 0
ZObj012.def 101111111111111111111111111111111111111111111111 010000000000000000000000000000000000000000000000 111111111 011111111 63 18 1 0
ZObj013.def 001111110011111111111111111111111111111111111111 010000000000000000000000000000000000000000000000 111111111 011111111 63 19 1 0
ZObj014.def 001111111111111111111111111111111111111111111111 010000000000000000000000000000000000000000000000 111111111 011111111 63 20 1 0
ZObj015.def 101111110001111111111111111111111111111111111111 010000000000000000000000000000000000000000000000 111111111 011111111 63 21 1 0
ZObj016.def 011111111111111111111111111111111111111111111111 100000000000000000000000000000000000000000000000 111111111 011111111 63 22 1 0
ZObj017.def 101111111011111111111111111111111111111111111111 010000000000000000000000000000000000000000000000 111111111 011111111 63 23 1 0
ZObj018.def 101111111111111111111111111111111111111111111111 010000000000000000000000000000000000000000000000 111111111 011111111 63 24 1 0
ZObj019.def 000111111111111111111111111111111111111111111111 001000000000000000000000000000000000000000000000 111111111 011111111 63 25 1 0
ZObj020.def 000111111111111111111111111111111111111111111111 001000000000000000000000000000000000000000000000 111111111 011111111 63 26 1 0
ZObj021.def 011111111111111111111111111111111111111111111111 100000000000000000000000000000000000000000000000 111111111 011111111 63 27 1 0
ZObj022.def 001111111111111111111111111111111111111111111111 010000000000000000000000000000000000000000000000 111111111 011111111 63 28 1 0
ZObj023.def 101111111111111111111111111111111111111111111111 010000000000000000000000000000000000000000000000 111111111 011111111 63 29 1 0
ZObj024.def 101111111011111111111111111111111111111111111111 010000000000000000000000000000000000000000000000 111111111 011111111 63 30 1 0
ZObj025.def 100111111000111111011111111111111111111111111111 010000000000000000000000000000000000000000000000 111111111 011111111 63 31 1 0
ZObj026.def 100111111000011111011111111111111111111111111111 010000000000000000000000000000000000000000000000 111111111 011111111 63 32 1 0
ZObj027.def 100011111000111111011111111111111111111111111111 010000000000000000000000000000000000000000000000 111111111 011111111 63 33 1 0
ZObj028.def 000111111000111111011111111111111111111111111111 010000000000000000000000000000000000000000000000 111111111 011111111 63 34 1 0
ZObj029.def 110011111000011111011111111111111111111111111111 000100000000000000000000000000000000000000000000 111111111 011111111 63 35 1 0
ZObj030.def 100011110000111101111111111111111111111111111111 010000000000000000000000000000000000000000000000 111111111 011111111 63 36 1 0
ZObj031.def 000011110001111110111111111111111111111111111111 100000000000000000000000000000000000000000000000 111111111 011111111 63 37 1 0
ZObj032.def 000011111001111111111111111111111111111111111111 010000000000000000000000000000000000000000000000 111111111 011111111 63 38 1 0
ZObj033.def 000111111000111111111111111111111111111111111111 001000000000000000000000000000000000000000000000 111111111 011111111 63 39 1 0
ZObj034.def 100111110000111110111111111111111111111111111111 010000000000000000000000000000000000000000000000 111111111 011111111 63 40 1 0
ZObj035.def 100111110000111110111111111111111111111111111111 001000000000000000000000000000000000000000000000 111111111 011111111 63 41 1 0
ZObj036.def 000111111000111111011111111111111111111111111111 001000000000000000000000000000000000000000000000 111111111 011111111 63 42 1 0
ZObj037.def 000011110001111111111111111111111111111111111111 100000000000000000000000000000000000000000000000 111111111 011111111 63 43 1 0
ZObj038.def 100111110001111110111111111111111111111111111111 001000000000000000000000000000000000000000000000 111111111 011111111 63 44 1 0
ZObj039.def 001111111011111111111111111111111111111111111111 010000000000000000000000000000000000000000000000 111111111 011111111 63 45 1 0
ZObj040.def 001111111011111111111111111111111111111111111111 100000000000000000000000000000000000000000000000 111111111 011111111 63 46 1 0
ZObj041.def 100111111001111111111111111111111111111111111111 010000000000000000000000000000000000000000000000 111111111 011111111 63 47 1 0
ZObj042.def 011111111111111111111111111111111111111111111111 100000000000000000000000000000000000000000000000 111111111 011111111 63 48 1 0
ZObj043.def 001111111111111111111111111111111111111111111111 010000000000000000000000000000000000000000000000 111111111 011111111 63 49 1 0
Skull.def 101111111011111111111111111111111111111111111111 010000000000000000000000000000000000000000000000 111111111 011111111 63 50 1 0
AVXMKTT0.def 001111111111111111111111111111111111111111111111 100000000000000000000000000000000000000000000000 111111111 011111111 63 51 1 0
ZArtif1.def 100011111111111111111111111111111111111111111111 001000000000000000000000000000000000000000000000 111111111 011111111 63 52 1 0
ZLWork1.def 000111111111111111111111111111111111111111111111 010000000000000000000000000000000000000000000000 111111111 011111111 63 53 1 0
ZMark1.def 000111111111111111111111111111111111111111111111 010000000000000000000000000000000000000000000000 111111111 011111111 63 54 1 0
ZyZop1.def 101111111111111111111111111111111111111111111111 010000000000000000000000000000000000000000000000 111111111 011111111 63 55 1 0
ZyZop2.def 101111111111111111111111111111111111111111111111 010000000000000000000000000000000000000000000000 111111111 011111111 63 56 1 0
ZCave1.def 000111111111111111111111111111111111111111111111 010000000000000000000000000000000000000000000000 111111111 011111111 63 57 1 0
ZCave2.def 000111111111111111111111111111111111111111111111 010000000000000000000000000000000000000000000000 111111111 011111111 63 58 1 0
ZCave3.def 000111111111111111111111111111111111111111111111 010000000000000000000000000000000000000000000000 111111111 011111111 63 59 1 0
ZCave4.def 000111111111111111111111111111111111111111111111 010000000000000000000000000000000000000000000000 111111111 011111111 63 60 1 0
ZCave5.def 100001111111111111111111111111111111111111111111 010000000000000000000000000000000000000000000000 111111111 011111111 63 61 1 0
ZTower1.def 001111111111111111111111111111111111111111111111 100000000000000000000000000000000000000000000000 111111111 011111111 63 62 1 0
ZSphnx10.def 001111111111111111111111111111111111111111111111 010000000000000000000000000000000000000000000000 111111111 001000010 63 10 0 0
ZSphnx11.def 001111111111111111111111111111111111111111111111 010000000000000000000000000000000000000000000000 111111111 110100000 63 11 0 0
ZSphnx12.def 001111111111111111111111111111111111111111111111 010000000000000000000000000000000000000000000000 111111111 000010101 63 12 0 0
ZSphnx13.def 001111111111111111111111111111111111111111111111 010000000000000000000000000000000000000000000000 111111111 000001000 63 13 0 0
ZFntnG01.def 001111111111111111111111111111111111111111111111 010000000000000000000000000000000000000000000000 111111111 000001000 30 0 0 0
ZGarn001.def 000111111111111111111111111111111111111111111111 010000000000000000000000000000000000000000000000 111111111 011111111 33 0 0 0
ZGarn002.def 011111110111111101111111111111111111111111111111 000000001000000000000000000000000000000000000000 111111111 011111111 219 0 0 0
ZGarn003.def 001111110111111111111111111111111111111111111111 100000000000000000000000000000000000000000000000 011111111 011111111 33 0 0 0
Zfohill0.def 001111111111111111111111111111111111111111111111 100000000000000000000000000000000000000000000000 111111111 000001000 35 0 0 0
ZDenT001.def 001111111111111111111111111111111111111111111111 100000000000000000000000000000000000000000000000 111111111 011111111 97 0 0 0
ZTPort01.def 101111111111111111111111111111111111111111111111 010000000000000000000000000000000000000000000000 011111111 011111111 45 7 0 0
ZSeer001.def 101111111111111111111111111111111111111111111111 010000000000000000000000000000000000000000000000 011100000 011111111 83 0 0 0
ZSeer002.def 111111111000111111111111111111111111111111111111 000000000010000000000000000000000000000000000000 111111111 011111111 83 1 0 0
ZDec0001.def 011111111111111111111111111111111111111111111111 000000000000000000000000000000000000000000000000 111111111 000010000 208 0 0 0
ZDec0002.def 001111111111111111111111111111111111111111111111 000000000000000000000000000000000000000000000000 111111111 000001000 208 0 0 0
ZDec0003.def 011111111111111111111111111111111111111111111111 000000000000000000000000000000000000000000000000 111111111 000001000 208 0 0 0
ZDec0004.def 001111111111111111111111111111111111111111111111 000000000000000000000000000000000000000000000000 111111111 000001000 208 0 0 0
ZDec0005.def 011111111111111111111111111111111111111111111111 000000000000000000000000000000000000000000000000 111111111 000000001 208 0 0 0
ZDec0007.def 011111111111111111111111111111111111111111111111 000000000000000000000000000000000000000000000000 111111111 000000010 208 0 0 0
ZDec0008.def 001111111111111111111111111111111111111111111111 000000000000000000000000000000000000000000000000 111111111 010000000 208 0 0 0
ZDec0009.def 001111111111111111111111111111111111111111111111 000000000000000000000000000000000000000000000000 111111111 000000100 208 0 0 0
ZDec0010.def 101111111111111111111111111111111111111111111111 000000000000000000000000000000000000000000000000 111111111 000100000 208 0 0 0
ZDec0011.def 101111111111111111111111111111111111111111111111 000000000000000000000000000000000000000000000000 111111111 000000001 208 0 0 0
ZDec0012.def 100111110000111111111111111111111111111111111111 000000000000000000000000000000000000000000000000 111111111 001000000 208 0 0 0
ZDec0013.def 100111110000111111111111111111111111111111111111 000000000000000000000000000000000000000000000000 111111111 010000000 208 0 0 0
ZDec0014.def 101111111001111100011111111111111111111111111111 000000000000000000000000000000000000000000000000 111111111 010000000 208 0 0 0
ZDec0015.def 101111111111111111111111111111111111111111111111 000000000000000000000000000000000000000000000000 111111111 010000000 208 0 0 0
ZLava001.def 100111111001111111111111111111111111111111111111 000000000000000000000000000000000000000000000000 111111111 010000000 158 0 0 0
ZWall001.def 111111110001111111111111111111111111111111111111 000000000000000000000000000000000000000000000000 111111111 011111111 208 0 1 0
ZWall002.def 100111111011111111111111111111111111111111111111 000000000000000000000000000000000000000000000000 111111111 011111111 208 0 1 0
ZWall003.def 001111111011111111111111111111111111111111111111 000000000000000000000000000000000000000000000000 111111111 011111111 208 0 1 0
Wall1.def 110111110001111101111111111111111111111111111111 000000000000000000000000000000000000000000000000 111111111 011111111 208 0 1 0
Wall2.def 011111110001111111011111111111111111111111111111 000000000000000000000000000000000000000000000000 111111111 011111111 208 0 1 0
ZWFall01.def 111111111011111110001111110011111111111111111111 000000000000000000000000000000000000000000000000 111111111 011111111 208 0 1 1
ZWFall02.def 111111111100111100001111101111111111111111111111 000000000000000000000000000000000000000000000000 111111111 011111111 208 0 1 1
ZWFall03.def 111111111101111111111111111111111111111111111111 000000000000000000000000000000000000000000000000 111111111 011111111 208 0 1 1
ZFlame1.def 111111111111111111111111111111111111111111111111 000000000000000000000000000000000000000000000000 111111111 011111111 208 0 1 0
ZReef1.def 001111111111111111111111111111111111111111111111 000000000000000000000000000000000000000000000000 100000000 100000000 208 0 0 0
ZReef2.def 011111111111111111111111111111111111111111111111 000000000000000000000000000000000000000000000000 100000000 100000000 208 0 0 0
ZReef3.def 001111111111111111111111111111111111111111111111 000000000000000000000000000000000000000000000000 100000000 100000000 208 0 0 0
ZReef4.def 011111111111111111111111111111111111111111111111 000000000000000000000000000000000000000000000000 100000000 100000000 208 0 0 0
ZReef5.def 001111111111111111111111111111111111111111111111 000000000000000000000000000000000000000000000000 100000000 100000000 208 0 0 0
ZWVolc1.def 011111111000111111111111111111111111111111111111 000000000000000000000000000000000000000000000000 100000000 100000000 208 0 0 0
Z358O1.def 011111111111111111111111111111111111111111111111 100000000000000000000000000000000000000000000000 111111111 011111111 100 1 0 0
Z358O2.def 011111111111111111111111111111111111111111111111 100000000000000000000000000000000000000000000000 111111111 011111111 38 1 0 0
Z358O3.def 000011110011111111111111111111111111111111111111 010000000000000000000000000000000000000000000000 111111111 011111111 41 1 0 0
Z358O4.def 101111111111111111111111111111111111111111111111 010000000000000000000000000000000000000000000000 111111111 011111111 113 1 0 0
Z358O5.def 000111111011111111111111111111111111111111111111 010000000000000000000000000000000000000000000000 011111111 011111111 103 1 0 0
Z358O6.def 101111111111111111111111111111111111111111111111 010000000000000000000000000000000000000000000000 111111111 000001000 102 0 0 0
Z358O7.def 001111111111111111111111111111111111111111111111 010000000000000000000000000000000000000000000000 111111111 011111111 95 1 0 0
Z358O8.def 011111111111111111111111111111111111111111111111 100000000000000000000000000000000000000000000000 111111111 000000001 54 159 2 0
Z358O9.def 000111111011111111111111111111111111111111111111 010000000000000000000000000000000000000000000000 111111111 011111111 63 67 1 0
Z358O10.def 100011110001111111111111111111111111111111111111 010000000000000000000000000000000000000000000000 111111111 011111111 63 68 1 0
Z358o11.def 000111110001111111111111111111111111111111111111 010000000000000000000000000000000000000000000000 111111111 011111111 63 69 1 1
Z358o12.def 000111110001111111111111111111111111111111111111 010000000000000000000000000000000000000000000000 111111111 011111111 63 70 1 1
Z358o13.def 000111110001111111111111111111111111111111111111 010000000000000000000000000000000000000000000000 111111111 011111111 63 71 1 1
Z358o14.def 000111110001111111111111111111111111111111111111 010000000000000000000000000000000000000000000000 111111111 011111111 63 72 1 1
Z358O15.def 111111111001111111111111111111111111111111111111 000000000100000000000000000000000000000000000000 111111111 011111111 63 73 1 1
Z358O16.def 111111111001111111111111111111111111111111111111 000000000100000000000000000000000000000000000000 111111111 011111111 63 74 1 1
AVA0000.def 011111111111111111111111111111111111111111111111 100000000000000000000000000000000000000000000000 111111111 000000001 5 0 4 0
AVA0001.def 011111111111111111111111111111111111111111111111 100000000000000000000000000000000000000000000000 111111111 000000001 93 0 4 0
AVA0002.def 011111111111111111111111111111111111111111111111 100000000000000000000000000000000000000000000000 111111111 000000001 5 2 4 0
AVA0003.def 011111111111111111111111111111111111111111111111 100000000000000000000000000000000000000000000000 111111111 000000001 5 3 4 0
AVA0004.def 011111111111111111111111111111111111111111111111 100000000000000000000000000000000000000000000000 111111111 000000001 5 4 4 0
AVA0005.def 011111111111111111111111111111111111111111111111 100000000000000000000000000000000000000000000000 111111111 000000001 5 5 4 0
AVA0006.def 011111111111111111111111111111111111111111111111 100000000000000000000000000000000000000000000000 111111111 000000001 5 6 4 0
AVA0007.def 011111111111111111111111111111111111111111111111 100000000000000000000000000000000000000000000000 111111111 000000001 5 7 4 0
AVA0008.def 011111111111111111111111111111111111111111111111 100000000000000000000000000000000000000000000000 111111111 000000001 5 8 4 0
AVA0009.def 011111111111111111111111111111111111111111111111 100000000000000000000000000000000000000000000000 111111111 000000001 5 9 4 0
AVA0010.def 011111111111111111111111111111111111111111111111 100000000000000000000000000000000000000000000000 111111111 000000001 5 10 4 0
AVA0011.def 011111111111111111111111111111111111111111111111 100000000000000000000000000000000000000000000000 111111111 000000001 5 11 4 0
AVA0012.def 011111111111111111111111111111111111111111111111 100000000000000000000000000000000000000000000000 111111111 000000001 5 12 4 0
AVA0013.def 011111111111111111111111111111111111111111111111 100000000000000000000000000000000000000000000000 111111111 000000001 5 13 4 0
AVA0014.def 011111111111111111111111111111111111111111111111 100000000000000000000000000000000000000000000000 111111111 000000001 5 14 4 0
AVA0015.def 011111111111111111111111111111111111111111111111 100000000000000000000000000000000000000000000000 111111111 000000001 5 15 4 0
AVA0016.def 011111111111111111111111111111111111111111111111 100000000000000000000000000000000000000000000000 111111111 000000001 5 16 4 0
AVA0017.def 011111111111111111111111111111111111111111111111 100000000000000000000000000000000000000000000000 111111111 000000001 5 17 4 0
AVA0018.def 011111111111111111111111111111111111111111111111 100000000000000000000000000000000000000000000000 111111111 000000001 5 18 4 0
AVA0019.def 011111111111111111111111111111111111111111111111 100000000000000000000000000000000000000000000000 111111111 000000001 5 19 4 0
AVA0020.def 011111111111111111111111111111111111111111111111 100000000000000000000000000000000000000000000000 111111111 000000001 5 20 4 0
AVA0021.def 011111111111111111111111111111111111111111111111 100000000000000000000000000000000000000000000000 111111111 000000001 5 21 4 0
AVA0022.def 011111111111111111111111111111111111111111111111 100000000000000000000000000000000000000000000000 111111111 000000001 5 22 4 0
AVA0023.def 011111111111111111111111111111111111111111111111 100000000000000000000000000000000000000000000000 111111111 000000001 5 23 4 0
AVA0024.def 011111111111111111111111111111111111111111111111 100000000000000000000000000000000000000000000000 111111111 000000001 5 24 4 0
AVA0025.def 011111111111111111111111111111111111111111111111 100000000000000000000000000000000000000000000000 111111111 000000001 5 25 4 0
AVA0026.def 011111111111111111111111111111111111111111111111 100000000000000000000000000000000000000000000000 111111111 000000001 5 26 4 0
AVA0027.def 011111111111111111111111111111111111111111111111 100000000000000000000000000000000000000000000000 111111111 000000001 5 27 4 0
AVA0028.def 011111111111111111111111111111111111111111111111 100000000000000000000000000000000000000000000000 111111111 000000001 5 28 4 0
AVA0029.def 011111111111111111111111111111111111111111111111 100000000000000000000000000000000000000000000000 111111111 000000001 5 29 4 0
AVA0030.def 011111111111111111111111111111111111111111111111 100000000000000000000000000000000000000000000000 111111111 000000001 5 30 4 0
AVA0031.def 011111111111111111111111111111111111111111111111 100000000000000000000000000000000000000000000000 111111111 000000001 5 31 4 0
AVA0032.def 011111111111111111111111111111111111111111111111 100000000000000000000000000000000000000000000000 111111111 000000001 5 32 4 0
AVA0033.def 011111111111111111111111111111111111111111111111 100000000000000000000000000000000000000000000000 111111111 000000001 5 33 4 0
AVA0034.def 011111111111111111111111111111111111111111111111 100000000000000000000000000000000000000000000000 111111111 000000001 5 34 4 0
AVA0035.def 011111111111111111111111111111111111111111111111 100000000000000000000000000000000000000000000000 111111111 000000001 5 35 4 0
AVA0036.def 011111111111111111111111111111111111111111111111 100000000000000000000000000000000000000000000000 111111111 000000001 5 36 4 0
AVA0037.def 011111111111111111111111111111111111111111111111 100000000000000000000000000000000000000000000000 111111111 000000001 5 37 4 0
AVA0038.def 011111111111111111111111111111111111111111111111 100000000000000000000000000000000000000000000000 111111111 000000001 5 38 4 0
AVA0039.def 011111111111111111111111111111111111111111111111 100000000000000000000000000000000000000000000000 111111111 000000001 5 39 4 0
AVA0040.def 011111111111111111111111111111111111111111111111 100000000000000000000000000000000000000000000000 111111111 000000001 5 40 4 0
AVA0041.def 011111111111111111111111111111111111111111111111 100000000000000000000000000000000000000000000000 111111111 000000001 5 41 4 0
AVA0042.def 011111111111111111111111111111111111111111111111 100000000000000000000000000000000000000000000000 111111111 000000001 5 42 4 0
AVA0043.def 011111111111111111111111111111111111111111111111 100000000000000000000000000000000000000000000000 111111111 000000001 5 43 4 0
AVA0044.def 011111111111111111111111111111111111111111111111 100000000000000000000000000000000000000000000000 111111111 000000001 5 44 4 0
AVA0045.def 011111111111111111111111111111111111111111111111 100000000000000000000000000000000000000000000000 111111111 000000001 5 45 4 0
AVA0046.def 011111111111111111111111111111111111111111111111 100000000000000000000000000000000000000000000000 111111111 000000001 5 46 4 0
AVA0047.def 011111111111111111111111111111111111111111111111 100000000000000000000000000000000000000000000000 111111111 000000001 5 47 4 0
AVA0048.def 011111111111111111111111111111111111111111111111 100000000000000000000000000000000000000000000000 111111111 000000001 5 48 4 0
AVA0049.def 011111111111111111111111111111111111111111111111 100000000000000000000000000000000000000000000000 111111111 000000001 5 49 4 0
AVA0050.def 011111111111111111111111111111111111111111111111 100000000000000000000000000000000000000000000000 111111111 000000001 5 50 4 0
AVA0051.def 011111111111111111111111111111111111111111111111 100000000000000000000000000000000000000000000000 111111111 000000001 5 51 4 0
AVA0052.def 011111111111111111111111111111111111111111111111 100000000000000000000000000000000000000000000000 111111111 000000001 5 52 4 0
AVA0053.def 011111111111111111111111111111111111111111111111 100000000000000000000000000000000000000000000000 111111111 000000001 5 53 4 0
AVA0054.def 011111111111111111111111111111111111111111111111 100000000000000000000000000000000000000000000000 111111111 000000001 5 54 4 0
AVA0055.def 011111111111111111111111111111111111111111111111 100000000000000000000000000000000000000000000000 111111111 000000001 5 55 4 0
AVA0056.def 011111111111111111111111111111111111111111111111 100000000000000000000000000000000000000000000000 111111111 000000001 5 56 4 0
AVA0057.def 011111111111111111111111111111111111111111111111 100000000000000000000000000000000000000000000000 111111111 000000001 5 57 4 0
AVA0058.def 011111111111111111111111111111111111111111111111 100000000000000000000000000000000000000000000000 111111111 000000001 5 58 4 0
AVA0059.def 011111111111111111111111111111111111111111111111 100000000000000000000000000000000000000000000000 111111111 000000001 5 59 4 0
AVA0060.def 011111111111111111111111111111111111111111111111 100000000000000000000000000000000000000000000000 111111111 000000001 5 60 4 0
AVA0061.def 011111111111111111111111111111111111111111111111 100000000000000000000000000000000000000000000000 111111111 000000001 5 61 4 0
AVA0062.def 011111111111111111111111111111111111111111111111 100000000000000000000000000000000000000000000000 111111111 000000001 5 62 4 0
AVA0063.def 011111111111111111111111111111111111111111111111 100000000000000000000000000000000000000000000000 111111111 000000001 5 63 4 0
AVA0064.def 011111111111111111111111111111111111111111111111 100000000000000000000000000000000000000000000000 111111111 000000001 5 64 4 0
AVA0065.def 011111111111111111111111111111111111111111111111 100000000000000000000000000000000000000000000000 111111111 000000001 5 65 4 0
AVA0066.def 011111111111111111111111111111111111111111111111 100000000000000000000000000000000000000000000000 111111111 000000001 5 66 4 0
AVA0067.def 011111111111111111111111111111111111111111111111 100000000000000000000000000000000000000000000000 111111111 000000001 5 67 4 0
AVA0068.def 011111111111111111111111111111111111111111111111 100000000000000000000000000000000000000000000000 111111111 000000001 5 68 4 0
AVA0069.def 011111111111111111111111111111111111111111111111 100000000000000000000000000000000000000000000000 111111111 000000001 5 69 4 0
AVA0070.def 011111111111111111111111111111111111111111111111 100000000000000000000000000000000000000000000000 111111111 000000001 5 70 4 0
AVA0071.def 011111111111111111111111111111111111111111111111 100000000000000000000000000000000000000000000000 111111111 000000001 5 71 4 0
AVA0072.def 011111111111111111111111111111111111111111111111 100000000000000000000000000000000000000000000000 111111111 000000001 5 72 4 0
AVA0073.def 011111111111111111111111111111111111111111111111 100000000000000000000000000000000000000000000000 111111111 000000001 5 73 4 0
AVA0074.def 011111111111111111111111111111111111111111111111 100000000000000000000000000000000000000000000000 111111111 000000001 5 74 4 0
AVA0075.def 011111111111111111111111111111111111111111111111 100000000000000000000000000000000000000000000000 111111111 000000001 5 75 4 0
AVA0076.def 011111111111111111111111111111111111111111111111 100000000000000000000000000000000000000000000000 111111111 000000001 5 76 4 0
AVA0077.def 011111111111111111111111111111111111111111111111 100000000000000000000000000000000000000000000000 111111111 000000001 5 77 4 0
AVA0078.def 011111111111111111111111111111111111111111111111 100000000000000000000000000000000000000000000000 111111111 000000001 5 78 4 0
AVA0079.def 011111111111111111111111111111111111111111111111 100000000000000000000000000000000000000000000000 111111111 000000001 5 79 4 0
AVA0080.def 011111111111111111111111111111111111111111111111 100000000000000000000000000000000000000000000000 111111111 000000001 5 80 4 0
AVA0081.def 011111111111111111111111111111111111111111111111 100000000000000000000000000000000000000000000000 111111111 000000001 5 81 4 0
AVA0082.def 011111111111111111111111111111111111111111111111 100000000000000000000000000000000000000000000000 111111111 000000001 5 82 4 0
AVA0083.def 011111111111111111111111111111111111111111111111 100000000000000000000000000000000000000000000000 111111111 000000001 5 83 4 0
AVA0084.def 011111111111111111111111111111111111111111111111 100000000000000000000000000000000000000000000000 111111111 000000001 5 84 4 0
AVA0085.def 011111111111111111111111111111111111111111111111 100000000000000000000000000000000000000000000000 111111111 000000001 5 85 4 0
AVA0086.def 011111111111111111111111111111111111111111111111 100000000000000000000000000000000000000000000000 111111111 000000001 5 86 4 0
AVA0087.def 011111111111111111111111111111111111111111111111 100000000000000000000000000000000000000000000000 111111111 000000001 5 87 4 0
AVA0088.def 011111111111111111111111111111111111111111111111 100000000000000000000000000000000000000000000000 111111111 000000001 5 88 4 0
AVA0089.def 011111111111111111111111111111111111111111111111 100000000000000000000000000000000000000000000000 111111111 000000001 5 89 4 0
AVA0090.def 011111111111111111111111111111111111111111111111 100000000000000000000000000000000000000000000000 111111111 000000001 5 90 4 0
AVA0091.def 011111111111111111111111111111111111111111111111 100000000000000000000000000000000000000000000000 111111111 000000001 5 91 4 0
AVA0092.def 011111111111111111111111111111111111111111111111 100000000000000000000000000000000000000000000000 111111111 000000001 5 92 4 0
AVA0093.def 011111111111111111111111111111111111111111111111 100000000000000000000000000000000000000000000000 111111111 000000001 5 93 4 0
AVA0094.def 011111111111111111111111111111111111111111111111 100000000000000000000000000000000000000000000000 111111111 000000001 5 94 4 0
AVA0095.def 011111111111111111111111111111111111111111111111 100000000000000000000000000000000000000000000000 111111111 000000001 5 95 4 0
AVA0096.def 011111111111111111111111111111111111111111111111 100000000000000000000000000000000000000000000000 111111111 000000001 5 96 4 0
AVA0097.def 011111111111111111111111111111111111111111111111 100000000000000000000000000000000000000000000000 111111111 000000001 5 97 4 0
AVA0098.def 011111111111111111111111111111111111111111111111 100000000000000000000000000000000000000000000000 111111111 000000001 5 98 4 0
AVA0099.def 011111111111111111111111111111111111111111111111 100000000000000000000000000000000000000000000000 111111111 000000001 5 99 4 0
AVA0100.def 011111111111111111111111111111111111111111111111 100000000000000000000000000000000000000000000000 111111111 000000001 5 100 4 0
AVA0101.def 011111111111111111111111111111111111111111111111 100000000000000000000000000000000000000000000000 111111111 000000001 5 101 4 0
AVA0102.def 011111111111111111111111111111111111111111111111 100000000000000000000000000000000000000000000000 111111111 000000001 5 102 4 0
AVA0103.def 011111111111111111111111111111111111111111111111 100000000000000000000000000000000000000000000000 111111111 000000001 5 103 4 0
AVA0104.def 011111111111111111111111111111111111111111111111 100000000000000000000000000000000000000000000000 111111111 000000001 5 104 4 0
AVA0105.def 011111111111111111111111111111111111111111111111 100000000000000000000000000000000000000000000000 111111111 000000001 5 105 4 0
AVA0106.def 011111111111111111111111111111111111111111111111 100000000000000000000000000000000000000000000000 111111111 000000001 5 106 4 0
AVA0107.def 011111111111111111111111111111111111111111111111 100000000000000000000000000000000000000000000000 111111111 000000001 5 107 4 0
AVA0108.def 011111111111111111111111111111111111111111111111 100000000000000000000000000000000000000000000000 111111111 000000001 5 108 4 0
AVA0109.def 011111111111111111111111111111111111111111111111 100000000000000000000000000000000000000000000000 111111111 000000001 5 109 4 0
AVA0110.def 011111111111111111111111111111111111111111111111 100000000000000000000000000000000000000000000000 111111111 000000001 5 110 4 0
AVA0111.def 011111111111111111111111111111111111111111111111 100000000000000000000000000000000000000000000000 111111111 000000001 5 111 4 0
AVA0112.def 011111111111111111111111111111111111111111111111 100000000000000000000000000000000000000000000000 111111111 000000001 5 112 4 0
AVA0113.def 011111111111111111111111111111111111111111111111 100000000000000000000000000000000000000000000000 111111111 000000001 5 113 4 0
AVA0114.def 011111111111111111111111111111111111111111111111 100000000000000000000000000000000000000000000000 111111111 000000001 5 114 4 0
AVA0115.def 011111111111111111111111111111111111111111111111 100000000000000000000000000000000000000000000000 111111111 000000001 5 115 4 0
AVA0116.def 011111111111111111111111111111111111111111111111 100000000000000000000000000000000000000000000000 111111111 000000001 5 116 4 0
AVA0117.def 011111111111111111111111111111111111111111111111 100000000000000000000000000000000000000000000000 111111111 000000001 5 117 4 0
AVA0118.def 011111111111111111111111111111111111111111111111 100000000000000000000000000000000000000000000000 111111111 000000001 5 118 4 0
AVA0119.def 011111111111111111111111111111111111111111111111 100000000000000000000000000000000000000000000000 111111111 000000001 5 119 4 0
AVA0120.def 011111111111111111111111111111111111111111111111 100000000000000000000000000000000000000000000000 111111111 000000001 5 120 4 0
AVA0121.def 011111111111111111111111111111111111111111111111 100000000000000000000000000000000000000000000000 111111111 000000001 5 121 4 0
AVA0122.def 011111111111111111111111111111111111111111111111 100000000000000000000000000000000000000000000000 111111111 000000001 5 122 4 0
AVA0123.def 011111111111111111111111111111111111111111111111 100000000000000000000000000000000000000000000000 111111111 000000001 5 123 4 0
AVA0124.def 011111111111111111111111111111111111111111111111 100000000000000000000000000000000000000000000000 111111111 000000001 5 124 4 0
AVA0125.def 011111111111111111111111111111111111111111111111 100000000000000000000000000000000000000000000000 111111111 000000001 5 125 4 0
AVA0126.def 011111111111111111111111111111111111111111111111 100000000000000000000000000000000000000000000000 111111111 000000001 5 126 4 0
AVA0127.def 011111111111111111111111111111111111111111111111 100000000000000000000000000000000000000000000000 111111111 011111111 5 127 4 0
AVA0129.def 011111111111111111111111111111111111111111111111 100000000000000000000000000000000000000000000000 111111111 011111111 5 128 4 0
AVA0130.def 011111111111111111111111111111111111111111111111 100000000000000000000000000000000000000000000000 111111111 011111111 5 129 4 0
AVA0131.def 011111111111111111111111111111111111111111111111 100000000000000000000000000000000000000000000000 111111111 011111111 5 130 4 0
AVA0132.def 011111111111111111111111111111111111111111111111 100000000000000000000000000000000000000000000000 111111111 011111111 5 131 4 0
AVA0133.def 011111111111111111111111111111111111111111111111 100000000000000000000000000000000000000000000000 111111111 011111111 5 132 4 0
AVA0134.def 011111111111111111111111111111111111111111111111 100000000000000000000000000000000000000000000000 111111111 011111111 5 133 4 0
AVA0135.def 011111111111111111111111111111111111111111111111 100000000000000000000000000000000000000000000000 111111111 011111111 5 134 4 0
AVA0136.def 011111111111111111111111111111111111111111111111 100000000000000000000000000000000000000000000000 111111111 011111111 5 135 4 0
AVA0137.def 011111111111111111111111111111111111111111111111 100000000000000000000000000000000000000000000000 111111111 011111111 5 136 4 0
AVA0138.def 011111111111111111111111111111111111111111111111 100000000000000000000000000000000000000000000000 111111111 011111111 5 137 4 0
AVA0139.def 011111111111111111111111111111111111111111111111 100000000000000000000000000000000000000000000000 111111111 011111111 5 138 4 0
AVA0140.def 011111111111111111111111111111111111111111111111 100000000000000000000000000000000000000000000000 111111111 011111111 5 139 4 0
AVA0141.def 011111111111111111111111111111111111111111111111 100000000000000000000000000000000000000000000000 111111111 011111111 5 140 4 0
ZArt141.def 011111111111111111111111111111111111111111111111 100000000000000000000000000000000000000000000000 111111111 011111111 5 141 4 0
ZArt142.def 011111111111111111111111111111111111111111111111 100000000000000000000000000000000000000000000000 111111111 011111111 5 142 4 0
ZArt143.def 011111111111111111111111111111111111111111111111 100000000000000000000000000000000000000000000000 111111111 011111111 5 143 4 0
ZArt146.def 011111111111111111111111111111111111111111111111 100000000000000000000000000000000000000000000000 111111111 011111111 5 146 4 0
ZArt147.def 011111111111111111111111111111111111111111111111 100000000000000000000000000000000000000000000000 111111111 011111111 5 147 4 0
ZArt148.def 011111111111111111111111111111111111111111111111 100000000000000000000000000000000000000000000000 111111111 011111111 5 148 4 0
ZArt149.def 011111111111111111111111111111111111111111111111 100000000000000000000000000000000000000000000000 111111111 011111111 5 149 4 0
ZArt150.def 011111111111111111111111111111111111111111111111 100000000000000000000000000000000000000000000000 111111111 011111111 5 150 4 0
ZArt151.def 011111111111111111111111111111111111111111111111 100000000000000000000000000000000000000000000000 111111111 011111111 5 151 4 0
ZArt152.def 011111111111111111111111111111111111111111111111 100000000000000000000000000000000000000000000000 111111111 011111111 5 152 4 0
ZArt153.def 011111111111111111111111111111111111111111111111 100000000000000000000000000000000000000000000000 111111111 011111111 5 153 4 0
ZArt154.def 011111111111111111111111111111111111111111111111 100000000000000000000000000000000000000000000000 111111111 011111111 5 154 4 0
ZArt155.def 011111111111111111111111111111111111111111111111 100000000000000000000000000000000000000000000000 111111111 011111111 5 155 4 0
ZArt156.def 011111111111111111111111111111111111111111111111 100000000000000000000000000000000000000000000000 111111111 011111111 5 156 4 0
ZArt157.def 011111111111111111111111111111111111111111111111 100000000000000000000000000000000000000000000000 111111111 011111111 5 157 4 0
ZArt158.def 011111111111111111111111111111111111111111111111 100000000000000000000000000000000000000000000000 111111111 011111111 5 158 4 0
ZArt159.def 011111111111111111111111111111111111111111111111 100000000000000000000000000000000000000000000000 111111111 011111111 5 159 4 0
ZArt160.def 011111111111111111111111111111111111111111111111 100000000000000000000000000000000000000000000000 111111111 011111111 5 160 4 0
ZArt161.def 011111111111111111111111111111111111111111111111 100000000000000000000000000000000000000000000000 111111111 011111111 5 161 4 0
ZArt162.def 011111111111111111111111111111111111111111111111 100000000000000000000000000000000000000000000000 111111111 011111111 5 162 4 0
ZArt163.def 011111111111111111111111111111111111111111111111 100000000000000000000000000000000000000000000000 111111111 011111111 5 163 4 0
ZArt164.def 011111111111111111111111111111111111111111111111 100000000000000000000000000000000000000000000000 111111111 011111111 5 164 4 0
ZArt165.def 011111111111111111111111111111111111111111111111 100000000000000000000000000000000000000000000000 111111111 011111111 5 165 4 0
ZArt166.def 011111111111111111111111111111111111111111111111 100000000000000000000000000000000000000000000000 111111111 011111111 5 166 4 0
ZArt167.def 011111111111111111111111111111111111111111111111 100000000000000000000000000000000000000000000000 111111111 011111111 5 167 4 0
ZArt168.def 011111111111111111111111111111111111111111111111 100000000000000000000000000000000000000000000000 111111111 011111111 5 168 4 0
ZArt169.def 011111111111111111111111111111111111111111111111 100000000000000000000000000000000000000000000000 111111111 011111111 5 169 4 0
ZArt170.def 011111111111111111111111111111111111111111111111 100000000000000000000000000000000000000000000000 111111111 011111111 5 170 4 0
AVA0128.def 011111111111111111111111111111111111111111111111 100000000000000000000000000000000000000000000000 111111111 000000001 6 0 4 0
AVAdlic0.def 001111111111111111111111111111111111111111111111 010000000000000000000000000000000000000000000000 100000000 100000000 24 0 0 0
AVAflot0.def 011111111111111111111111111111111111111111111111 100000000000000000000000000000000000000000000000 100000000 100000000 29 0 0 0
AVArand.def 011111111111111111111111111111111111111111111111 100000000000000000000000000000000000000000000000 111111111 000000001 65 0 4 0
AVArnd1.def 011111111111111111111111111111111111111111111111 100000000000000000000000000000000000000000000000 111111111 000000001 66 0 4 0
AVArnd2.def 011111111111111111111111111111111111111111111111 100000000000000000000000000000000000000000000000 111111111 000000001 67 0 4 0
AVArnd3.def 011111111111111111111111111111111111111111111111 100000000000000000000000000000000000000000000000 111111111 000000001 68 0 4 0
AVArnd4.def 011111111111111111111111111111111111111111111111 100000000000000000000000000000000000000000000000 111111111 000000001 69 0 4 0
AVAsurv0.def 011111111111111111111111111111111111111111111111 100000000000000000000000000000000000000000000000 100000000 100000000 86 0 0 0
AVAwrek0.def 001111111111111111111111111111111111111111111111 010000000000000000000000000000000000000000000000 100000000 100000000 85 0 0 0
AVAwre20.def 001111111111111111111111111111111111111111111111 100000000000000000000000000000000000000000000000 100000000 100000000 85 0 0 0
AVCcasx0.def 000001110000011110001111111111111111111111111111 001000000000000000000000000000000000000000000000 011111111 011111111 98 0 1 0
AVCramx0.def 000001110000011110001111111111111111111111111111 001000000000000000000000000000000000000000000000 011111111 011111111 98 1 1 0
AVCtowx0.def 000001110000011110001111111111111111111111111111 001000000000000000000000000000000000000000000000 011111111 011111111 98 2 1 0
AVCinfx0.def 000001110000011110001111111111111111111111111111 001000000000000000000000000000000000000000000000 011111111 011111111 98 3 1 0
AVCnecx0.def 000001110000011110001111111111111111111111111111 001000000000000000000000000000000000000000000000 011111111 011111111 98 4 1 0
AVCdunx0.def 000001110000011110001111111111111111111111111111 001000000000000000000000000000000000000000000000 011111111 011111111 98 5 1 0
AVCstrx0.def 000001110000011110001111111111111111111111111111 001000000000000000000000000000000000000000000000 011111111 011111111 98 6 1 0
AVCftrx0.def 000001110000011110001111111111111111111111111111 001000000000000000000000000000000000000000000000 011111111 011111111 98 7 1 0
avchforx.def 000001110000011110001111111111111111111111111111 001000000000000000000000000000000000000000000000 011111111 011111111 98 8 1 0
AVCranx0.def 000001110000011110001111111111111111111111111111 001000000000000000000000000000000000000000000000 011111111 011111111 77 0 1 0
AVGpike0.def 001111111011111111111111111111111111111111111111 100000000000000000000000000000000000000000000000 111111111 011111111 17 56 0 0
AVGcros0.def 001111111111111111111111111111111111111111111111 010000000000000000000000000000000000000000000000 111111111 011111111 17 57 0 0
AVGgrff0.def 001111111111111111111111111111111111111111111111 100000000000000000000000000000000000000000000000 111111111 011111111 17 25 0 0
AVGswor0.def 001111111111111111111111111111111111111111111111 100000000000000000000000000000000000000000000000 111111111 011111111 17 58 0 0
AVGmonk0.def 001111111111111111111111111111111111111111111111 100000000000000000000000000000000000000000000000 111111111 011111111 17 35 0 0
AVGcavl0.def 001111111111111111111111111111111111111111111111 100000000000000000000000000000000000000000000000 111111111 011111111 17 5 0 0
AVGangl0.def 100111111111111111111111111111111111111111111111 010000000000000000000000000000000000000000000000 111111111 011111111 17 8 0 0
AVGcent0.def 001111111111111111111111111111111111111111111111 100000000000000000000000000000000000000000000000 111111111 011111111 17 6 0 0
AVGdwrf0.def 001111111111111111111111111111111111111111111111 010000000000000000000000000000000000000000000000 111111111 011111111 17 12 0 0
AVGelf0.def 001111111111111111111111111111111111111111111111 010000000000000000000000000000000000000000000000 111111111 011111111 17 15 0 0
AVGpega0.def 001111111111111111111111111111111111111111111111 100000000000000000000000000000000000000000000000 111111111 011111111 17 50 0 0
AVGtree0.def 001111111111111111111111111111111111111111111111 100000000000000000000000000000000000000000000000 111111111 011111111 17 45 0 0
AVGunic0.def 000111111001111111111111111111111111111111111111 010000000000000000000000000000000000000000000000 111111111 011111111 17 51 0 0
AVGgdrg0.def 001111111111111111111111111111111111111111111111 100000000000000000000000000000000000000000000000 111111111 011111111 17 24 0 0
AVGgrem0.def 001111111111111111111111111111111111111111111111 100000000000000000000000000000000000000000000000 111111111 011111111 17 43 0 0
AVGgarg0.def 001111111111111111111111111111111111111111111111 100000000000000000000000000000000000000000000000 111111111 011111111 17 17 0 0
AVGgolm0.def 001111111111111111111111111111111111111111111111 100000000000000000000000000000000000000000000000 111111111 011111111 20 1 0 0
AVGmage0.def 001111111111111111111111111111111111111111111111 100000000000000000000000000000000000000000000000 111111111 011111111 17 31 0 0
AVGgeni0.def 001111111111111111111111111111111111111111111111 100000000000000000000000000000000000000000000000 111111111 011111111 17 18 0 0
AVGnaga0.def 001111110011111111111111111111111111111111111111 100000000000000000000000000000000000000000000000 111111111 011111111 17 36 0 0
AVGtitn0.def 001111111011111111111111111111111111111111111111 100000000000000000000000000000000000000000000000 111111111 011111111 17 44 0 0
AVGimp0.def 001111111111111111111111111111111111111111111111 100000000000000000000000000000000000000000000000 111111111 011111111 17 29 0 0
AVGgogs0.def 001111111111111111111111111111111111111111111111 010000000000000000000000000000000000000000000000 111111111 011111111 17 22 0 0
AVGhell0.def 001111111111111111111111111111111111111111111111 100000000000000000000000000000000000000000000000 111111111 011111111 17 27 0 0
AVGdemn0.def 001111111111111111111111111111111111111111111111 100000000000000000000000000000000000000000000000 111111111 011111111 17 37 0 0
AVGpit0.def 001111111111111111111111111111111111111111111111 100000000000000000000000000000000000000000000000 111111111 011111111 17 40 0 0
AVGefre0.def 001111111111111111111111111111111111111111111111 010000000000000000000000000000000000000000000000 111111111 011111111 17 14 0 0
AVGdevl0.def 001111111111111111111111111111111111111111111111 100000000000000000000000000000000000000000000000 111111111 011111111 17 10 0 0
AVGskel0.def 001111111111111111111111111111111111111111111111 100000000000000000000000000000000000000000000000 111111111 011111111 17 54 0 0
AVGzomb0.def 001111111111111111111111111111111111111111111111 100000000000000000000000000000000000000000000000 111111111 011111111 17 55 0 0
AVGwght0.def 001111111111111111111111111111111111111111111111 010000000000000000000000000000000000000000000000 111111111 011111111 17 48 0 0
AVGvamp0.def 001111111111111111111111111111111111111111111111 010000000000000000000000000000000000000000000000 111111111 011111111 17 53 0 0
AVGlich0.def 001111111111111111111111111111111111111111111111 100000000000000000000000000000000000000000000000 111111111 011111111 17 52 0 0
AVGbkni0.def 001111111111111111111111111111111111111111111111 100000000000000000000000000000000000000000000000 111111111 011111111 17 3 0 0
AVGbone0.def 001111111111111111111111111111111111111111111111 010000000000000000000000000000000000000000000000 111111111 011111111 17 4 0 0
AVGtrog0.def 001111111111111111111111111111111111111111111111 100000000000000000000000000000000000000000000000 111111111 011111111 17 46 0 0
AVGharp0.def 001111111111111111111111111111111111111111111111 100000000000000000000000000000000000000000000000 111111111 011111111 17 26 0 0
AVGbhld0.def 001111111111111111111111111111111111111111111111 010000000000000000000000000000000000000000000000 111111111 011111111 17 2 0 0
AVGmdsa0.def 001111111111111111111111111111111111111111111111 100000000000000000000000000000000000000000000000 111111111 011111111 17 33 0 0
AVGmino0.def 001111111111111111111111111111111111111111111111 010000000000000000000000000000000000000000000000 111111111 011111111 17 34 0 0
AVGmant0.def 001111111111111111111111111111111111111111111111 100000000000000000000000000000000000000000000000 111111111 011111111 17 32 0 0
AVGrdrg0.def 001111111111111111111111111111111111111111111111 010000000000000000000000000000000000000000000000 111111111 011111111 17 41 0 0
AVGgobl0.def 001111111111111111111111111111111111111111111111 100000000000000000000000000000000000000000000000 111111111 011111111 17 21 0 0
AVGwolf0.def 001111111011111111111111111111111111111111111111 100000000000000000000000000000000000000000000000 111111111 011111111 17 19 0 0
AVGorcg0.def 001111111111111111111111111111111111111111111111 100000000000000000000000000000000000000000000000 111111111 011111111 17 39 0 0
AVGogre0.def 001111110011111111111111111111111111111111111111 100000000000000000000000000000000000000000000000 111111111 011111111 17 38 0 0
AVGrocs0.def 001111111111111111111111111111111111111111111111 100000000000000000000000000000000000000000000000 111111111 011111111 17 42 0 0
AVGcycl0.def 001111111111111111111111111111111111111111111111 100000000000000000000000000000000000000000000000 111111111 011111111 17 9 0 0
AVGbhmt0.def 001111111111111111111111111111111111111111111111 100000000000000000000000000000000000000000000000 111111111 011111111 17 1 0 0
AVGgnll0.def 001111111111111111111111111111111111111111111111 100000000000000000000000000000000000000000000000 111111111 011111111 17 20 0 0
AVGlzrd0.def 001111111111111111111111111111111111111111111111 100000000000000000000000000000000000000000000000 111111111 011111111 17 30 0 0
AVGdfly0.def 001111111111111111111111111111111111111111111111 100000000000000000000000000000000000000000000000 111111111 011111111 17 11 0 0
AVGbasl0.def 001111111111111111111111111111111111111111111111 100000000000000000000000000000000000000000000000 111111111 011111111 17 0 0 0
AVGgorg0.def 001111111111111111111111111111111111111111111111 100000000000000000000000000000000000000000000000 111111111 011111111 17 23 0 0
AVGwyvn0.def 001111111111111111111111111111111111111111111111 010000000000000000000000000000000000000000000000 111111111 011111111 17 49 0 0
AVGhydr0.def 001111111111111111111111111111111111111111111111 010000000000000000000000000000000000000000000000 111111111 011111111 17 28 0 0
AVGelem0.def 000111110001111111111111111111111111111111111111 010000000000000000000000000000000000000000000000 111111111 011111111 20 0 0 0
AVGair0.def 000111111111111111111111111111111111111111111111 010000000000000000000000000000000000000000000000 111111111 011111111 17 7 0 0
AVGerth0.def 000111111111111111111111111111111111111111111111 010000000000000000000000000000000000000000000000 111111111 011111111 17 13 0 0
AVGfire0.def 000111111111111111111111111111111111111111111111 010000000000000000000000000000000000000000000000 111111111 011111111 17 16 0 0
AVGwatr0.def 000111111011111111111111111111111111111111111111 010000000000000000000000000000000000000000000000 111111111 011111111 17 47 0 0
AVGrust.def 001111111111111111111111111111111111111111111111 100000000000000000000000000000000000000000000000 111111111 011111111 17 65 0 0
AVGpixie.def 001111111111111111111111111111111111111111111111 100000000000000000000000000000000000000000000000 111111111 011111111 17 59 0 0
AVGelp.def 001111111111111111111111111111111111111111111111 100000000000000000000000000000000000000000000000 111111111 011111111 17 60 0 0
AVGfbrd.def 001111111111111111111111111111111111111111111111 100000000000000000000000000000000000000000000000 111111111 011111111 17 61 0 0
AVGench.def 001111111111111111111111111111111111111111111111 100000000000000000000000000000000000000000000000 111111111 011111111 17 66 0 0
AVGshrp.def 001111111111111111111111111111111111111111111111 100000000000000000000000000000000000000000000000 111111111 011111111 17 67 0 0
AVG2ela.def 001111111111111111111111111111111111111111111111 100000000000000000000000000000000000000000000000 111111111 011111111 17 69 0 0
AVG2ele.def 001111111111111111111111111111111111111111111111 100000000000000000000000000000000000000000000000 111111111 011111111 17 70 0 0
AVG2elf.def 001111111111111111111111111111111111111111111111 100000000000000000000000000000000000000000000000 111111111 011111111 17 71 0 0
AVG2elw.def 001111111111111111111111111111111111111111111111 100000000000000000000000000000000000000000000000 111111111 011111111 17 72 0 0
AVG2uni.def 001111111111111111111111111111111111111111111111 100000000000000000000000000000000000000000000000 111111111 011111111 17 68 0 0
AVGazur.def 001111111111111111111111111111111111111111111111 100000000000000000000000000000000000000000000000 111111111 011111111 17 62 0 0
AVGcdrg.def 001111111111111111111111111111111111111111111111 100000000000000000000000000000000000000000000000 111111111 011111111 17 63 0 0
AVGfdrg.def 001111111111111111111111111111111111111111111111 100000000000000000000000000000000000000000000000 111111111 011111111 17 64 0 0
AVGhalf.def 001111111111111111111111111111111111111111111111 100000000000000000000000000000000000000000000000 111111111 011111111 17 73 0 0
AVGpeas.def 001111111111111111111111111111111111111111111111 100000000000000000000000000000000000000000000000 111111111 011111111 17 74 0 0
AVGboar.def 001111110011111111111111111111111111111111111111 100000000000000000000000000000000000000000000000 111111111 011111111 17 75 0 0
AVGmumy.def 001111110011111111111111111111111111111111111111 010000000000000000000000000000000000000000000000 111111111 011111111 17 76 0 0
AVGnomd.def 001111111111111111111111111111111111111111111111 100000000000000000000000000000000000000000000000 111111111 011111111 17 77 0 0
AVGrog.def 001111111111111111111111111111111111111111111111 100000000000000000000000000000000000000000000000 111111111 011111111 17 78 0 0
AVGtrll.def 001111111011111111111111111111111111111111111111 100000000000000000000000000000000000000000000000 111111111 011111111 17 79 0 0
AVGsieg0.def 001111111111111111111111111111111111111111111111 010000000000000000000000000000000000000000000000 111111111 011111111 106 0 0 0
AVGrefg0.def 001111111111111111111111111111111111111111111111 100000000000000000000000000000000000000000000000 111111111 011111111 78 0 0 0
avlautr0.def 011111111111111111111111111111111111111111111111 000000000000000000000000000000000000000000000000 111111111 000000101 135 0 0 0
avlautr1.def 011111111111111111111111111111111111111111111111 000000000000000000000000000000000000000000000000 111111111 000000101 135 0 0 0
AVLAUTR2.def 100111110011111111111111111111111111111111111111 000000000000000000000000000000000000000000000000 111111111 000000101 135 0 0 0
AVLAUTR3.def 100111110011111111111111111111111111111111111111 000000000000000000000000000000000000000000000000 111111111 000000101 135 0 0 0
AVLAUTR4.def 001111111001111111111111111111111111111111111111 000000000000000000000000000000000000000000000000 111111111 000000101 135 0 0 0
AVLAUTR5.def 001111111001111111111111111111111111111111111111 000000000000000000000000000000000000000000000000 111111111 000000101 135 0 0 0
AVLautr6.def 001111110001111110011111111111111111111111111111 000000000000000000000000000000000000000000000000 111111111 000000101 135 0 0 0
AVLautr7.def 100111110001111100111111111111111111111111111111 000000000000000000000000000000000000000000000000 111111111 000000101 135 0 0 0
avlbuzr0.def 001111111111111111111111111111111111111111111111 000000000000000000000000000000000000000000000000 111111111 000100000 147 0 0 0
AVLc10l0.def 001111111111111111111111111111111111111111111111 000000000000000000000000000000000000000000000000 111111111 010000000 118 0 0 1
AVLc11l0.def 011111110011111111111111111111111111111111111111 000000000000000000000000000000000000000000000000 111111111 010000000 118 0 0 1
AVLc12l0.def 011111111111111111111111111111111111111111111111 000000000000000000000000000000000000000000000000 111111111 010000000 118 0 0 1
AVLc13l0.def 011111111111111111111111111111111111111111111111 000000000000000000000000000000000000000000000000 111111111 010000000 118 0 0 1
AVLc14l0.def 011111111111111111111111111111111111111111111111 000000000000000000000000000000000000000000000000 111111111 010000000 118 0 0 1
AVLca010.def 011111111111111111111111111111111111111111111111 000000000000000000000000000000000000000000000000 111111111 000000010 116 0 0 0
AVLca020.def 011111111111111111111111111111111111111111111111 000000000000000000000000000000000000000000000000 111111111 000000010 116 0 0 0
AVLca030.def 011111111111111111111111111111111111111111111111 000000000000000000000000000000000000000000000000 111111111 000000010 116 0 0 0
AVLca040.def 011111111111111111111111111111111111111111111111 000000000000000000000000000000000000000000000000 111111111 000000010 116 0 0 0
AVLca050.def 011111111111111111111111111111111111111111111111 000000000000000000000000000000000000000000000000 111111111 000000010 116 0 0 0
AVLca060.def 011111111111111111111111111111111111111111111111 000000000000000000000000000000000000000000000000 111111111 000000010 116 0 0 0
AVLca070.def 011111111111111111111111111111111111111111111111 000000000000000000000000000000000000000000000000 111111111 000000010 116 0 0 0
AVLca080.def 011111111111111111111111111111111111111111111111 000000000000000000000000000000000000000000000000 111111111 000000010 116 0 0 0
AVLca090.def 011111111111111111111111111111111111111111111111 000000000000000000000000000000000000000000000000 111111111 000000010 116 0 0 0
AVLca100.def 011111111111111111111111111111111111111111111111 000000000000000000000000000000000000000000000000 111111111 000000010 116 0 0 0
AVLca110.def 011111111111111111111111111111111111111111111111 000000000000000000000000000000000000000000000000 111111111 000000010 116 0 0 0
AVLca120.def 011111111111111111111111111111111111111111111111 000000000000000000000000000000000000000000000000 111111111 000000010 116 0 0 0
AVLca130.def 011111111111111111111111111111111111111111111111 000000000000000000000000000000000000000000000000 111111111 000000010 116 0 0 0
AVLca1r0.def 011111111111111111111111111111111111111111111111 000000000000000000000000000000000000000000000000 111111111 000100000 116 0 0 0
AVLca2r0.def 011111111111111111111111111111111111111111111111 000000000000000000000000000000000000000000000000 111111111 000100000 116 0 0 0
AVLct1d0.def 001111111111111111111111111111111111111111111111 000000000000000000000000000000000000000000000000 111111111 000000001 118 0 0 1
AVLct1g0.def 000111110000111111111111111111111111111111111111 000000000000000000000000000000000000000000000000 111111111 000000100 118 0 0 1
AVLct1l0.def 000011110000111111111111111111111111111111111111 000000000000000000000000000000000000000000000000 111111111 010000000 118 0 0 1
AVLct1r0.def 100111110011111111111111111111111111111111111111 000000000000000000000000000000000000000000000000 111111111 000100000 118 0 0 1
AVLct2d0.def 001111111111111111111111111111111111111111111111 000000000000000000000000000000000000000000000000 111111111 000000001 118 0 0 1
AVLct2g0.def 000111110001111100011111111111111111111111111111 000000000000000000000000000000000000000000000000 111111111 000000100 118 0 0 1
AVLct2l0.def 001111110011111100111111001111111111111111111111 000000000000000000000000000000000000000000000000 111111111 010000000 118 0 0 1
AVLct2r0.def 101111110011111100111111111111111111111111111111 000000000000000000000000000000000000000000000000 111111111 000100000 118 0 0 1
AVLct3d0.def 001111111111111111111111111111111111111111111111 000000000000000000000000000000000000000000000000 111111111 000000001 118 0 0 1
AVLct3g0.def 001111110011111111111111111111111111111111111111 000000000000000000000000000000000000000000000000 111111111 000000100 118 0 0 1
AVLct3l0.def 001111110011111111111111111111111111111111111111 000000000000000000000000000000000000000000000000 111111111 010000000 118 0 0 1
AVLct3r0.def 000111111111111111111111111111111111111111111111 000000000000000000000000000000000000000000000000 111111111 000100000 118 0 0 1
AVLct4d0.def 001111111111111111111111111111111111111111111111 000000000000000000000000000000000000000000000000 111111111 000000001 118 0 0 1
AVLct4g0.def 111111111111111111111111111111111111111111111111 000000000000000000000000000000000000000000000000 111111111 000000100 118 0 0 1
AVLct4l0.def 101111110011111111111111111111111111111111111111 000000000000000000000000000000000000000000000000 111111111 010000000 118 0 0 1
AVLct4r0.def 001111111111111111111111111111111111111111111111 000000000000000000000000000000000000000000000000 111111111 000100000 118 0 0 1
AVLct5d0.def 001111110011111111111111111111111111111111111111 000000000000000000000000000000000000000000000000 111111111 000000001 118 0 0 1
AVLct5g0.def 001111111111111111111111111111111111111111111111 000000000000000000000000000000000000000000000000 111111111 000000100 118 0 0 1
AVLct5l0.def 011111110111111111111111111111111111111111111111 000000000000000000000000000000000000000000000000 111111111 010000000 118 0 0 1
AVLct5r0.def 001111111111111111111111111111111111111111111111 000000000000000000000000000000000000000000000000 111111111 000100000 118 0 0 1
AVLct6g0.def 111111111111111111111111111111111111111111111111 000000000000000000000000000000000000000000000000 111111111 000000100 118 0 0 1
AVLct6l0.def 011111110111111111111111111111111111111111111111 000000000000000000000000000000000000000000000000 111111111 010000000 118 0 0 1
AVLct6r0.def 001111110011111111111111111111111111111111111111 000000000000000000000000000000000000000000000000 111111111 000100000 118 0 0 1
AVLct7l0.def 011111110111111111111111111111111111111111111111 000000000000000000000000000000000000000000000000 111111111 010000000 118 0 0 1
AVLct7r0.def 011111111111111111111111111111111111111111111111 000000000000000000000000000000000000000000000000 111111111 000100000 118 0 0 1
AVLct8l0.def 011111110111111111111111111111111111111111111111 000000000000000000000000000000000000000000000000 111111111 010000000 118 0 0 1
AVLct8r0.def 001111111111111111111111111111111111111111111111 000000000000000000000000000000000000000000000000 111111111 000100000 118 0 0 1
AVLct9l0.def 001111111111111111111111111111111111111111111111 000000000000000000000000000000000000000000000000 111111111 010000000 118 0 0 1
AVLct9r0.def 001111110011111111111111111111111111111111111111 000000000000000000000000000000000000000000000000 111111111 000100000 118 0 0 1
AVLctds0.def 001111111111111111111111111111111111111111111111 000000000000000000000000000000000000000000000000 111111111 000000010 118 0 0 1
AVLctrd0.def 001111111111111111111111111111111111111111111111 000000000000000000000000000000000000000000000000 111111111 000000001 118 0 0 1
AVLctrg0.def 001111111111111111111111111111111111111111111111 000000000000000000000000000000000000000000000000 111111111 000000100 118 0 0 1
AVLctrl0.def 001111111111111111111111111111111111111111111111 000000000000000000000000000000000000000000000000 111111111 010000000 118 0 0 1
AVLctrr0.def 001111111111111111111111111111111111111111111111 000000000000000000000000000000000000000000000000 111111111 000100000 118 0 0 1
AVLctrs0.def 001111111111111111111111111111111111111111111111 000000000000000000000000000000000000000000000000 111111111 000010000 118 0 0 1
AVLctsn0.def 001111111111111111111111111111111111111111111111 000000000000000000000000000000000000000000000000 111111111 000001000 118 0 0 1
AVLct1u0.def 001111111111111111111111111111111111111111111111 000000000000000000000000000000000000000000000000 111111111 001000000 118 0 0 1
AVLct2u0.def 011111111111111111111111111111111111111111111111 000000000000000000000000000000000000000000000000 111111111 001000000 118 0 0 1
AVLct3u0.def 011111110111111111111111111111111111111111111111 000000000000000000000000000000000000000000000000 111111111 001000000 118 0 0 1
AVLct4u0.def 001111110011111111111111111111111111111111111111 000000000000000000000000000000000000000000000000 111111111 001000000 118 0 0 1
AVLct5u0.def 011111111111111111111111111111111111111111111111 000000000000000000000000000000000000000000000000 111111111 001000000 118 0 0 1
AVLd1sn0.def 001111111111111111111111111111111111111111111111 000000000000000000000000000000000000000000000000 111111111 000001000 119 0 0 0
AVLd2sn0.def 000111111111111111111111111111111111111111111111 000000000000000000000000000000000000000000000000 111111111 000001000 119 0 0 0
AVLd3sn0.def 011111111111111111111111111111111111111111111111 000000000000000000000000000000000000000000000000 111111111 000001000 119 0 0 0
AVLd4sn0.def 001111111111111111111111111111111111111111111111 000000000000000000000000000000000000000000000000 111111111 000001000 119 0 0 0
AVLd5sn0.def 011111111111111111111111111111111111111111111111 000000000000000000000000000000000000000000000000 111111111 000001000 119 0 0 0
AVLd6sn0.def 011111111111111111111111111111111111111111111111 000000000000000000000000000000000000000000000000 111111111 000001000 119 0 0 0
AVLd7sn0.def 011111111111111111111111111111111111111111111111 000000000000000000000000000000000000000000000000 111111111 000001000 119 0 0 0
AVLd8sn0.def 011111111111111111111111111111111111111111111111 000000000000000000000000000000000000000000000000 111111111 000001000 119 0 0 0
AVLd9sn0.def 011111111111111111111111111111111111111111111111 000000000000000000000000000000000000000000000000 111111111 000001000 119 0 0 0
AVLddsn0.def 011111111111111111111111111111111111111111111111 000000000000000000000000000000000000000000000000 111111111 000001000 119 0 0 0
AVLddsn1.def 011111111111111111111111111111111111111111111111 000000000000000000000000000000000000000000000000 111111111 000001000 119 0 0 0
AVLddsn2.def 001111111001111111111111111111111111111111111111 000000000000000000000000000000000000000000000000 111111111 000001000 119 0 0 0
AVLddsn3.def 100111110011111111111111111111111111111111111111 000000000000000000000000000000000000000000000000 111111111 000001000 119 0 0 0
AVLddsn4.def 001111111001111111111111111111111111111111111111 000000000000000000000000000000000000000000000000 111111111 000001000 119 0 0 0
AVLddsn5.def 100111110011111111111111111111111111111111111111 000000000000000000000000000000000000000000000000 111111111 000001000 119 0 0 0
AVLddsn6.def 001111110001111110011111111111111111111111111111 000000000000000000000000000000000000000000000000 111111111 000001000 119 0 0 0
AVLddsn7.def 100111110001111100111111111111111111111111111111 000000000000000000000000000000000000000000000000 111111111 000001000 119 0 0 0
AVLdead0.def 011111111111111111111111111111111111111111111111 000000000000000000000000000000000000000000000000 111111111 011010000 119 0 0 0
AVLdead1.def 011111111111111111111111111111111111111111111111 000000000000000000000000000000000000000000000000 111111111 011010000 119 0 0 0
AVLdead2.def 001111111001111111111111111111111111111111111111 000000000000000000000000000000000000000000000000 111111111 011010000 119 0 0 0
AVLdead3.def 100111110011111111111111111111111111111111111111 000000000000000000000000000000000000000000000000 111111111 011010000 119 0 0 0
AVLdead4.def 001111111001111111111111111111111111111111111111 000000000000000000000000000000000000000000000000 111111111 011010000 119 0 0 0
AVLdead5.def 100111110011111111111111111111111111111111111111 000000000000000000000000000000000000000000000000 111111111 011010000 119 0 0 0
AVLdead6.def 001111110001111110011111111111111111111111111111 000000000000000000000000000000000000000000000000 111111111 011010000 119 0 0 0
AVLdead7.def 100111110001111100111111111111111111111111111111 000000000000000000000000000000000000000000000000 111111111 011010000 119 0 0 0
AvLdlog.def 011111111111111111111111111111111111111111111111 000000000000000000000000000000000000000000000000 111111111 000100101 130 0 0 0
AVLdt1s0.def 001111111111111111111111111111111111111111111111 000000000000000000000000000000000000000000000000 111111111 000010000 119 0 0 0
AVLdt2s0.def 001111111111111111111111111111111111111111111111 000000000000000000000000000000000000000000000000 111111111 000010000 119 0 0 0
AVLdt3s0.def 001111110011111111111111111111111111111111111111 000000000000000000000000000000000000000000000000 111111111 000010000 119 0 0 0
AVLdun10.def 001111111111111111111111111111111111111111111111 000000000000000000000000000000000000000000000000 111111111 000000010 148 0 0 0
AVLdun20.def 001111111111111111111111111111111111111111111111 000000000000000000000000000000000000000000000000 111111111 000000010 148 0 0 0
AVLdun30.def 000111111111111111111111111111111111111111111111 000000000000000000000000000000000000000000000000 111111111 000000010 148 0 0 0
AVLf01g0.def 011111111111111111111111111111111111111111111111 000000000000000000000000000000000000000000000000 111111111 000000100 120 0 0 0
AVLf02g0.def 000111111111111111111111111111111111111111111111 000000000000000000000000000000000000000000000000 111111111 000000100 120 0 0 0
AVLf03g0.def 000111111111111111111111111111111111111111111111 000000000000000000000000000000000000000000000000 111111111 000000100 120 0 0 0
AVLf04g0.def 000111111111111111111111111111111111111111111111 000000000000000000000000000000000000000000000000 111111111 000000100 120 0 0 0
AVLf05g0.def 000111111111111111111111111111111111111111111111 000000000000000000000000000000000000000000000000 111111111 000000100 120 0 0 0
AVLf06g0.def 001111111111111111111111111111111111111111111111 000000000000000000000000000000000000000000000000 111111111 000000100 120 0 0 0
AVLf07g0.def 001111111111111111111111111111111111111111111111 000000000000000000000000000000000000000000000000 111111111 000000100 120 0 0 0
AVLf08g0.def 001111111111111111111111111111111111111111111111 000000000000000000000000000000000000000000000000 111111111 000000100 120 0 0 0
AVLf09g0.def 011111111111111111111111111111111111111111111111 000000000000000000000000000000000000000000000000 111111111 000000100 120 0 0 0
AVLf10g0.def 001111111111111111111111111111111111111111111111 000000000000000000000000000000000000000000000000 111111111 000000100 120 0 0 0
AVLf11g0.def 011111111111111111111111111111111111111111111111 000000000000000000000000000000000000000000000000 111111111 000000100 120 0 0 0
AVLf12g0.def 011111111111111111111111111111111111111111111111 000000000000000000000000000000000000000000000000 111111111 000000100 120 0 0 0
AVLfl1d0.def 001111111111111111111111111111111111111111111111 000000000000000000000000000000000000000000000000 111111111 000000001 120 0 0 0
AVLfl2d0.def 001111111111111111111111111111111111111111111111 000000000000000000000000000000000000000000000000 111111111 000000001 120 0 0 0
AVLfl3d0.def 001111111111111111111111111111111111111111111111 000000000000000000000000000000000000000000000000 111111111 000000001 120 0 0 0
AVLfl4d0.def 001111111111111111111111111111111111111111111111 000000000000000000000000000000000000000000000000 111111111 000000001 120 0 0 0
AVLfl5d0.def 000111111111111111111111111111111111111111111111 000000000000000000000000000000000000000000000000 111111111 000000001 120 0 0 0
AVLfl6d0.def 011111111111111111111111111111111111111111111111 000000000000000000000000000000000000000000000000 111111111 000000001 120 0 0 0
AVLfl7d0.def 001111111111111111111111111111111111111111111111 000000000000000000000000000000000000000000000000 111111111 000000001 120 0 0 0
AVLfl8d0.def 001111111111111111111111111111111111111111111111 000000000000000000000000000000000000000000000000 111111111 000000001 120 0 0 0
AVLfl9d0.def 011111111111111111111111111111111111111111111111 000000000000000000000000000000000000000000000000 111111111 000000001 120 0 0 0
AVLms010.def 001111111111111111111111111111111111111111111111 000000000000000000000000000000000000000000000000 111111111 001000000 129 0 0 0
AVLms020.def 011111111111111111111111111111111111111111111111 000000000000000000000000000000000000000000000000 111111111 001000000 129 0 0 0
AVLms030.def 011111111111111111111111111111111111111111111111 000000000000000000000000000000000000000000000000 111111111 001000000 129 0 0 0
AVLms040.def 011111111111111111111111111111111111111111111111 000000000000000000000000000000000000000000000000 111111111 001000000 129 0 0 0
AVLms050.def 011111111111111111111111111111111111111111111111 000000000000000000000000000000000000000000000000 111111111 001000000 129 0 0 0
AVLms060.def 001111111111111111111111111111111111111111111111 000000000000000000000000000000000000000000000000 111111111 001000000 129 0 0 0
AVLms070.def 001111111111111111111111111111111111111111111111 000000000000000000000000000000000000000000000000 111111111 001000000 129 0 0 0
AVLms080.def 011111111111111111111111111111111111111111111111 000000000000000000000000000000000000000000000000 111111111 001000000 129 0 0 0
AVLms090.def 011111111111111111111111111111111111111111111111 000000000000000000000000000000000000000000000000 111111111 001000000 129 0 0 0
AVLms100.def 011111111111111111111111111111111111111111111111 000000000000000000000000000000000000000000000000 111111111 001000000 129 0 0 0
AVLms110.def 011111111111111111111111111111111111111111111111 000000000000000000000000000000000000000000000000 111111111 001000000 129 0 0 0
AVLms120.def 001111111111111111111111111111111111111111111111 000000000000000000000000000000000000000000000000 111111111 001000000 129 0 0 0
AVLflk10.def 000001110000011111111111111111111111111111111111 000000000000000000000000000000000000000000000000 111111111 000001000 121 0 0 1
AVLflk20.def 000111111111111111111111111111111111111111111111 000000000000000000000000000000000000000000000000 111111111 000001000 121 0 0 1
AVLflk30.def 001111111111111111111111111111111111111111111111 000000000000000000000000000000000000000000000000 111111111 000001000 121 0 0 1
AVLglly0.def 001111110000111111001111111111111111111111111111 000000000000000000000000000000000000000000000000 111111111 000100000 117 0 0 1
AVLhlds0.def 111111111111111111111111111111111111111111111111 000000000000000000000000000000000000000000000000 111111111 000000010 124 0 0 1
AVLhlsn0.def 111111111111111111111111111111111111111111111111 000000000000000000000000000000000000000000000000 111111111 000001000 124 0 0 1
AVLhold0.def 111111111111111111111111111111111111111111111111 000000000000000000000000000000000000000000000000 111111111 000000001 124 0 0 1
AVLholg0.def 111111111111111111111111111111111111111111111111 000000000000000000000000000000000000000000000000 111111111 000000100 124 0 0 1
AVLholl0.def 111111111111111111111111111111111111111111111111 000000000000000000000000000000000000000000000000 111111111 010000000 124 0 0 1
AVLholr0.def 111111111111111111111111111111111111111111111111 000000000000000000000000000000000000000000000000 111111111 000100000 124 0 0 1
AVLhols0.def 111111111111111111111111111111111111111111111111 000000000000000000000000000000000000000000000000 111111111 000010000 124 0 0 1
AVLholx0.def 111111111111111111111111111111111111111111111111 000000000000000000000000000000000000000000000000 111111111 001000000 124 0 0 0
AVLklp10.def 111111111111111111111111111111111111111111111111 000000000000000000000000000000000000000000000000 111111111 100000000 125 0 0 1
AVLklp20.def 111111111111111111111111111111111111111111111111 000000000000000000000000000000000000000000000000 111111111 100000000 125 0 0 1
AVLlav10.def 001111110011111111111111111111111111111111111111 000000000000000000000000000000000000000000000000 111111111 010000000 128 0 0 1
AVLlav20.def 000111110011111111111111111111111111111111111111 000000000000000000000000000000000000000000000000 111111111 010000000 127 0 0 1
AVLlav30.def 000000110000001111111111111111111111111111111111 000000000000000000000000000000000000000000000000 111111111 010000000 127 0 0 1
AVLlav40.def 000111110001111111111111111111111111111111111111 000000000000000000000000000000000000000000000000 111111111 010000000 127 0 0 1
AVLlav50.def 000111110001111111111111111111111111111111111111 000000000000000000000000000000000000000000000000 111111111 010000000 127 0 0 1
AVLlav60.def 001111110011111111111111111111111111111111111111 000000000000000000000000000000000000000000000000 111111111 010000000 127 0 0 1
AVLlav70.def 001111110011111111111111111111111111111111111111 000000000000000000000000000000000000000000000000 111111111 010000000 127 0 0 1
AVLlav80.def 001111110011111111111111111111111111111111111111 000000000000000000000000000000000000000000000000 111111111 010000000 127 0 0 1
AVLlav90.def 000111110001111111111111111111111111111111111111 000000000000000000000000000000000000000000000000 111111111 010000000 127 0 0 1
AVLlk1d0.def 111100010000000100000001111111111111111111111111 000000000000000000000000000000000000000000000000 111111111 000000001 126 0 0 1
AVLlk1g0.def 100011110000011100000111111111111111111111111111 000000000000000000000000000000000000000000000000 111111111 000000100 126 0 0 1
AVLlk1r.def 000011111001111111111111111111111111111111111111 000000000000000000000000000000000000000000000000 111111111 000100000 177 0 0 0
AVLlk1s0.def 100001111000001110000011111111111111111111111111 000000000000000000000000000000000000000000000000 111111111 000010000 126 0 0 1
AVLlk2d0.def 000011110000111111111111111111111111111111111111 000000000000000000000000000000000000000000000000 111111111 000000001 126 0 0 1
AVLlk2g0.def 000011110000111111111111111111111111111111111111 000000000000000000000000000000000000000000000000 111111111 000000100 126 0 0 1
AVLlk2s0.def 100111110001111111111111111111111111111111111111 000000000000000000000000000000000000000000000000 111111111 000010000 126 0 0 1
AVLlk3d0.def 001111111111111111111111111111111111111111111111 000000000000000000000000000000000000000000000000 111111111 000000001 126 0 0 1
AVLlk3g0.def 000111111111111111111111111111111111111111111111 000000000000000000000000000000000000000000000000 111111111 000000100 126 0 0 1
AVLlk3s0.def 100111111001111110011111111111111111111111111111 000000000000000000000000000000000000000000000000 111111111 000010000 126 0 0 1
AVLlk1u0.def 100000010000000100000011111111111111111111111111 000000000000000000000000000000000000000000000000 111111111 001000000 126 0 0 1
AVLlk2u0.def 000011110000111111111111111111111111111111111111 000000000000000000000000000000000000000000000000 111111111 001000000 126 0 0 0
AVLlk3u0.def 001111111111111111111111111111111111111111111111 000000000000000000000000000000000000000000000000 111111111 001000000 126 0 0 0
AVLllk10.def 000111110001111111111111111111111111111111111111 000000000000000000000000000000000000000000000000 111111111 001000000 128 0 0 1
AVLllk20.def 001111110011111111111111111111111111111111111111 000000000000000000000000000000000000000000000000 111111111 001000000 128 0 0 1
AVLlv100.def 000111110001111111111111111111111111111111111111 000000000000000000000000000000000000000000000000 111111111 010000000 127 0 0 1
AVLlv110.def 001111110011111111111111111111111111111111111111 000000000000000000000000000000000000000000000000 111111111 010000000 127 0 0 1
AVLlv120.def 001111111111111111111111111111111111111111111111 000000000000000000000000000000000000000000000000 111111111 010000000 127 0 0 1
AVLlv130.def 001111111111111111111111111111111111111111111111 000000000000000000000000000000000000000000000000 111111111 010000000 127 0 0 1
AVLlv140.def 001111111111111111111111111111111111111111111111 000000000000000000000000000000000000000000000000 111111111 010000000 127 0 0 1
AVLlv150.def 011111111111111111111111111111111111111111111111 000000000000000000000000000000000000000000000000 111111111 010000000 127 0 0 1
AVLlv160.def 011111111111111111111111111111111111111111111111 000000000000000000000000000000000000000000000000 111111111 010000000 127 0 0 1
AVLlv170.def 011111111111111111111111111111111111111111111111 000000000000000000000000000000000000000000000000 111111111 010000000 127 0 0 1
AVLlv180.def 001111110011111111111111111111111111111111111111 000000000000000000000000000000000000000000000000 111111111 010000000 127 0 0 1
AVLlv190.def 001111110011111111111111111111111111111111111111 000000000000000000000000000000000000000000000000 111111111 010000000 127 0 0 1
AVLlv200.def 001111110011111111111111111111111111111111111111 000000000000000000000000000000000000000000000000 111111111 010000000 127 0 0 1
AVLlv210.def 011111111111111111111111111111111111111111111111 000000000000000000000000000000000000000000000000 111111111 010000000 127 0 0 1
AVLlv220.def 011111111111111111111111111111111111111111111111 000000000000000000000000000000000000000000000000 111111111 010000000 127 0 0 1
AVLlv230.def 011111110111111111111111111111111111111111111111 000000000000000000000000000000000000000000000000 111111111 010000000 127 0 0 1
AVLlv240.def 001111111111111111111111111111111111111111111111 000000000000000000000000000000000000000000000000 111111111 010000000 127 0 0 1
AVLlv250.def 011111110111111111111111111111111111111111111111 000000000000000000000000000000000000000000000000 111111111 010000000 127 0 0 1
AVLlv260.def 001111111111111111111111111111111111111111111111 000000000000000000000000000000000000000000000000 111111111 010000000 127 0 0 1
AVLlv1u0.def 001111110011111111111111111111111111111111111111 000000000000000000000000000000000000000000000000 111111111 001000000 127 0 0 1
AVLlv2u0.def 011111110111111111111111111111111111111111111111 000000000000000000000000000000000000000000000000 111111111 001000000 127 0 0 1
AVLlv3u0.def 001111111111111111111111111111111111111111111111 000000000000000000000000000000000000000000000000 111111111 001000000 127 0 0 1
AVLman10.def 011111111111111111111111111111111111111111111111 000000000000000000000000000000000000000000000000 111111111 000010000 131 0 0 0
AVLman20.def 001111111111111111111111111111111111111111111111 000000000000000000000000000000000000000000000000 111111111 000010000 131 0 0 0
AVLman30.def 011111111111111111111111111111111111111111111111 000000000000000000000000000000000000000000000000 111111111 000010000 131 0 0 0
AVLman40.def 000111111111111111111111111111111111111111111111 000000000000000000000000000000000000000000000000 111111111 000010000 131 0 0 0
AVLman50.def 011111111111111111111111111111111111111111111111 000000000000000000000000000000000000000000000000 111111111 000010000 131 0 0 0
AVLmd1d0.def 001111111111111111111111111111111111111111111111 000000000000000000000000000000000000000000000000 111111111 000000001 133 0 0 0
AVLmd1g0.def 001111111111111111111111111111111111111111111111 000000000000000000000000000000000000000000000000 111111111 000000100 133 0 0 0
AVLmd1r0.def 001111111111111111111111111111111111111111111111 000000000000000000000000000000000000000000000000 111111111 000100000 133 0 0 0
AVLmd2d0.def 001111111111111111111111111111111111111111111111 000000000000000000000000000000000000000000000000 111111111 000000001 133 0 0 0
AVLmd2g0.def 001111111111111111111111111111111111111111111111 000000000000000000000000000000000000000000000000 111111111 000000100 133 0 0 0
AVLmd2r0.def 011111111111111111111111111111111111111111111111 000000000000000000000000000000000000000000000000 111111111 000100000 133 0 0 0
AVLmd3r0.def 001111111111111111111111111111111111111111111111 000000000000000000000000000000000000000000000000 111111111 000100000 133 0 0 0
AVLmoss0.def 011111111111111111111111111111111111111111111111 000000000000000000000000000000000000000000000000 111111111 000010000 132 0 0 0
avlmtdr1.def 000111110000011110000111111111111111111111111111 000000000000000000000000000000000000000000000000 111111111 000000001 134 0 0 0
avlmtdr2.def 110001110000011100001111111111111111111111111111 000000000000000000000000000000000000000000000000 111111111 000000001 134 0 0 0
avlmtdr3.def 001111110001111111111111111111111111111111111111 000000000000000000000000000000000000000000000000 111111111 000000001 134 0 0 0
avlmtdr4.def 100111110001111111111111111111111111111111111111 000000000000000000000000000000000000000000000000 111111111 000000001 134 0 0 0
avlmtdr5.def 001111111001111111111111111111111111111111111111 000000000000000000000000000000000000000000000000 111111111 000000001 134 0 0 0
avlmtdr6.def 100111110011111111111111111111111111111111111111 000000000000000000000000000000000000000000000000 111111111 000000001 134 0 0 0
avlmtdr7.def 000111111100011111111111111111111111111111111111 000000000000000000000000000000000000000000000000 111111111 000000001 134 0 0 0
avlmtdr8.def 110001110001111111111111111111111111111111111111 000000000000000000000000000000000000000000000000 111111111 000000001 134 0 0 0
AVLmtds1.def 000111110000011110000111111111111111111111111111 000000000000000000000000000000000000000000000000 111111111 000000010 134 0 0 0
AVLmtds2.def 110001110000011100001111111111111111111111111111 000000000000000000000000000000000000000000000000 111111111 000000010 134 0 0 0
AVLmtds3.def 001111110001111111111111111111111111111111111111 000000000000000000000000000000000000000000000000 111111111 000000010 134 0 0 0
AVLmtds4.def 100111110001111111111111111111111111111111111111 000000000000000000000000000000000000000000000000 111111111 000000010 134 0 0 0
AVLmtds5.def 001111111001111111111111111111111111111111111111 000000000000000000000000000000000000000000000000 111111111 000000010 134 0 0 0
AVLmtds6.def 100111110011111111111111111111111111111111111111 000000000000000000000000000000000000000000000000 111111111 000000010 134 0 0 0
AVLmtgn0.def 110001110000011100001111111111111111111111111111 000000000000000000000000000000000000000000000000 111111111 000000100 134 0 0 0
AVLmtgn1.def 000111110000011110000111111111111111111111111111 000000000000000000000000000000000000000000000000 111111111 000000100 134 0 0 0
AVLmtgn2.def 100111110001111111111111111111111111111111111111 000000000000000000000000000000000000000000000000 111111111 000000100 134 0 0 0
AVLmtgn3.def 001111110001111111111111111111111111111111111111 000000000000000000000000000000000000000000000000 111111111 000000100 134 0 0 0
AVLmtgn4.def 100111110011111111111111111111111111111111111111 000000000000000000000000000000000000000000000000 111111111 000000100 134 0 0 0
AVLmtgn5.def 001111111001111111111111111111111111111111111111 000000000000000000000000000000000000000000000000 111111111 000000100 134 0 0 0
AVLmtgr1.def 000111110000011110000111111111111111111111111111 000000000000000000000000000000000000000000000000 111111111 000000100 134 0 0 0
AVLmtgr2.def 110001110000011100001111111111111111111111111111 000000000000000000000000000000000000000000000000 111111111 000000100 134 0 0 0
AVLmtgr3.def 001111110001111111111111111111111111111111111111 000000000000000000000000000000000000000000000000 111111111 000000100 134 0 0 0
AVLmtgr4.def 100111110001111111111111111111111111111111111111 000000000000000000000000000000000000000000000000 111111111 000000100 134 0 0 0
AVLmtgr5.def 001111111001111111111111111111111111111111111111 000000000000000000000000000000000000000000000000 111111111 000000100 134 0 0 0
AVLmtgr6.def 100111110011111111111111111111111111111111111111 000000000000000000000000000000000000000000000000 111111111 000000100 134 0 0 0
avlmtrf1.def 000111110000011110000111111111111111111111111111 000000000000000000000000000000000000000000000000 111111111 000100000 134 0 0 0
avlmtrf2.def 110001110000011100001111111111111111111111111111 000000000000000000000000000000000000000000000000 111111111 000100000 134 0 0 0
avlmtrf3.def 001111110001111111111111111111111111111111111111 000000000000000000000000000000000000000000000000 111111111 000100000 134 0 0 0
avlmtrf4.def 100111110001111111111111111111111111111111111111 000000000000000000000000000000000000000000000000 111111111 000100000 134 0 0 0
avlmtrf5.def 001111111001111111111111111111111111111111111111 000000000000000000000000000000000000000000000000 111111111 000100000 134 0 0 0
avlmtrf6.def 100111110011111111111111111111111111111111111111 000000000000000000000000000000000000000000000000 111111111 000100000 134 0 0 0
AVLmtsn1.def 000111110000011110000111111111111111111111111111 000000000000000000000000000000000000000000000000 111111111 000001000 134 0 0 0
AVLmtsn2.def 110001110000011100001111111111111111111111111111 000000000000000000000000000000000000000000000000 111111111 000001000 134 0 0 0
AVLmtsn3.def 001111110001111111111111111111111111111111111111 000000000000000000000000000000000000000000000000 111111111 000001000 134 0 0 0
AVLmtsn4.def 100111110001111111111111111111111111111111111111 000000000000000000000000000000000000000000000000 111111111 000001000 134 0 0 0
AVLmtsn5.def 001111111001111111111111111111111111111111111111 000000000000000000000000000000000000000000000000 111111111 000001000 134 0 0 0
AVLmtsn6.def 100111110011111111111111111111111111111111111111 000000000000000000000000000000000000000000000000 111111111 000001000 134 0 0 0
AVLmtsw1.def 000111110000011110000111111111111111111111111111 000000000000000000000000000000000000000000000000 111111111 000010000 134 0 0 0
AVLmtsw2.def 110001110000011100001111111111111111111111111111 000000000000000000000000000000000000000000000000 111111111 000010000 134 0 0 0
AVLmtsw3.def 001111110001111111111111111111111111111111111111 000000000000000000000000000000000000000000000000 111111111 000010000 134 0 0 0
AVLmtsw4.def 100111110001111111111111111111111111111111111111 000000000000000000000000000000000000000000000000 111111111 000010000 134 0 0 0
AVLmtsw5.def 001111111001111111111111111111111111111111111111 000000000000000000000000000000000000000000000000 111111111 000010000 134 0 0 0
AVLmtsw6.def 100111110011111111111111111111111111111111111111 000000000000000000000000000000000000000000000000 111111111 000010000 134 0 0 0
AVLmtvo1.def 000111110000011110000111111111111111111111111111 000000000000000000000000000000000000000000000000 111111111 010000000 134 0 0 0
AVLmtvo2.def 110001110000011110001111111111111111111111111111 000000000000000000000000000000000000000000000000 111111111 010000000 134 0 0 0
AVLmtvo3.def 001111110001111111111111111111111111111111111111 000000000000000000000000000000000000000000000000 111111111 010000000 134 0 0 0
AVLmtvo4.def 100111110001111111111111111111111111111111111111 000000000000000000000000000000000000000000000000 111111111 010000000 134 0 0 0
AVLmtvo5.def 001111111001111111111111111111111111111111111111 000000000000000000000000000000000000000000000000 111111111 010000000 134 0 0 0
AVLmtvo6.def 100111110011111111111111111111111111111111111111 000000000000000000000000000000000000000000000000 111111111 010000000 134 0 0 0
AVLmtsb0.def 110001110000011100001111111111111111111111111111 000000000000000000000000000000000000000000000000 111111111 001000000 134 0 0 0
AVLmtsb1.def 000111110000011110000111111111111111111111111111 000000000000000000000000000000000000000000000000 111111111 001000000 134 0 0 0
AVLmtsb2.def 100111110001111111111111111111111111111111111111 000000000000000000000000000000000000000000000000 111111111 001000000 134 0 0 0
AVLmtsb3.def 001111110001111111111111111111111111111111111111 000000000000000000000000000000000000000000000000 111111111 001000000 134 0 0 0
AVLmtsb4.def 100111110011111111111111111111111111111111111111 000000000000000000000000000000000000000000000000 111111111 001000000 134 0 0 0
AVLmtsb5.def 001111111001111111111111111111111111111111111111 000000000000000000000000000000000000000000000000 111111111 001000000 134 0 0 0
AVLo1sn0.def 001111111111111111111111111111111111111111111111 000000000000000000000000000000000000000000000000 111111111 000001000 136 0 0 1
AVLo2sn0.def 001111111111111111111111111111111111111111111111 000000000000000000000000000000000000000000000000 111111111 000001000 136 0 0 1
AVLo3sn0.def 000111111111111111111111111111111111111111111111 000000000000000000000000000000000000000000000000 111111111 000001000 136 0 0 1
AVLoc1d0.def 001111111111111111111111111111111111111111111111 000000000000000000000000000000000000000000000000 111111111 000000001 136 0 0 1
AVLoc1g0.def 001111111111111111111111111111111111111111111111 000000000000000000000000000000000000000000000000 111111111 000000100 136 0 0 1
AVLoc1r0.def 001111111111111111111111111111111111111111111111 000000000000000000000000000000000000000000000000 111111111 000100000 136 0 0 1
AVLoc2d0.def 001111111111111111111111111111111111111111111111 000000000000000000000000000000000000000000000000 111111111 000000001 136 0 0 1
AVLoc2g0.def 001111111111111111111111111111111111111111111111 000000000000000000000000000000000000000000000000 111111111 000000100 136 0 0 1
AVLoc2r0.def 001111111111111111111111111111111111111111111111 000000000000000000000000000000000000000000000000 111111111 000100000 136 0 0 1
AVLoc3d0.def 001111111111111111111111111111111111111111111111 000000000000000000000000000000000000000000000000 111111111 000000001 136 0 0 1
AVLoc3g0.def 001111111111111111111111111111111111111111111111 000000000000000000000000000000000000000000000000 111111111 000000100 136 0 0 1
AVLoc3r0.def 001111111111111111111111111111111111111111111111 000000000000000000000000000000000000000000000000 111111111 000100000 136 0 0 1
AVLoc4r0.def 001111111111111111111111111111111111111111111111 000000000000000000000000000000000000000000000000 111111111 000100000 136 0 0 1
AVLoc1u0.def 001111111111111111111111111111111111111111111111 000000000000000000000000000000000000000000000000 111111111 001000000 136 0 0 1
AVLoc2u0.def 001111111111111111111111111111111111111111111111 000000000000000000000000000000000000000000000000 111111111 001000000 136 0 0 1
AVLoc3u0.def 001111111111111111111111111111111111111111111111 000000000000000000000000000000000000000000000000 111111111 001000000 136 0 0 1
AVLoc4u0.def 001111111111111111111111111111111111111111111111 000000000000000000000000000000000000000000000000 111111111 001000000 136 0 0 1
AVLp1sn0.def 011111111111111111111111111111111111111111111111 000000000000000000000000000000000000000000000000 111111111 000001000 153 0 0 0
AVLp2sn0.def 011111111111111111111111111111111111111111111111 000000000000000000000000000000000000000000000000 111111111 000001000 153 0 0 0
AVLplm10.def 011111111111111111111111111111111111111111111111 000000000000000000000000000000000000000000000000 111111111 000000010 155 0 0 0
AVLplm20.def 011111111111111111111111111111111111111111111111 000000000000000000000000000000000000000000000000 111111111 000000010 155 0 0 0
AVLplm30.def 011111111111111111111111111111111111111111111111 000000000000000000000000000000000000000000000000 111111111 000000010 155 0 0 0
AVLplm40.def 011111111111111111111111111111111111111111111111 000000000000000000000000000000000000000000000000 111111111 000000010 155 0 0 0
AVLplm50.def 101111111111111111111111111111111111111111111111 000000000000000000000000000000000000000000000000 111111111 000000010 155 0 0 0
AVLPNTR0.def 011111111111111111111111111111111111111111111111 000000000000000000000000000000000000000000000000 111111111 000000101 137 0 0 0
AVLPNTR1.def 011111111111111111111111111111111111111111111111 000000000000000000000000000000000000000000000000 111111111 000000101 137 0 0 0
AVLPNTR2.def 100111110011111111111111111111111111111111111111 000000000000000000000000000000000000000000000000 111111111 000000101 137 0 0 0
AVLPNTR3.def 100111110011111111111111111111111111111111111111 000000000000000000000000000000000000000000000000 111111111 000000101 137 0 0 0
AVLPNTR4.def 001111111001111111111111111111111111111111111111 000000000000000000000000000000000000000000000000 111111111 000000101 137 0 0 0
AVLPNTR5.def 001111111001111111111111111111111111111111111111 000000000000000000000000000000000000000000000000 111111111 000000101 137 0 0 0
AVLpntr6.def 001111110001111110011111111111111111111111111111 000000000000000000000000000000000000000000000000 111111111 000000101 137 0 0 0
AVLpntr7.def 100111110001111100111111111111111111111111111111 000000000000000000000000000000000000000000000000 111111111 000000101 137 0 0 0
AVLr02r0.def 001111111111111111111111111111111111111111111111 000000000000000000000000000000000000000000000000 111111111 000100000 147 0 0 0
AVLr03r0.def 001111111111111111111111111111111111111111111111 000000000000000000000000000000000000000000000000 111111111 000100000 147 0 0 0
AVLr04r0.def 001111111111111111111111111111111111111111111111 000000000000000000000000000000000000000000000000 111111111 000100000 147 0 0 0
AVLr06r0.def 001111111111111111111111111111111111111111111111 000000000000000000000000000000000000000000000000 111111111 000100000 147 0 0 0
AVLr07r0.def 001111111111111111111111111111111111111111111111 000000000000000000000000000000000000000000000000 111111111 000100000 147 0 0 0
AVLr08r0.def 001111111111111111111111111111111111111111111111 000000000000000000000000000000000000000000000000 111111111 000100000 147 0 0 0
AVLr09r0.def 001111111111111111111111111111111111111111111111 000000000000000000000000000000000000000000000000 111111111 000100000 147 0 0 0
AVLr10r0.def 011111111111111111111111111111111111111111111111 000000000000000000000000000000000000000000000000 111111111 000100000 147 0 0 0
AVLr11r0.def 011111111111111111111111111111111111111111111111 000000000000000000000000000000000000000000000000 111111111 000100000 147 0 0 0
AVLr12r0.def 011111111111111111111111111111111111111111111111 000000000000000000000000000000000000000000000000 111111111 000100000 147 0 0 0
AVLr13r0.def 011111111111111111111111111111111111111111111111 000000000000000000000000000000000000000000000000 111111111 000100000 147 0 0 0
AVLr14r0.def 011111111111111111111111111111111111111111111111 000000000000000000000000000000000000000000000000 111111111 000100000 147 0 0 0
AVLr15r0.def 011111111111111111111111111111111111111111111111 000000000000000000000000000000000000000000000000 111111111 000100000 147 0 0 0
AVLr1sn0.def 011111111111111111111111111111111111111111111111 000000000000000000000000000000000000000000000000 111111111 000001000 147 0 0 0
AVLr2sn0.def 001111111111111111111111111111111111111111111111 000000000000000000000000000000000000000000000000 111111111 000001000 147 0 0 0
AVLr3sn0.def 011111111111111111111111111111111111111111111111 000000000000000000000000000000000000000000000000 111111111 000001000 147 0 0 0
AVLr4sn0.def 011111111111111111111111111111111111111111111111 000000000000000000000000000000000000000000000000 111111111 000001000 147 0 0 0
AVLr5sn0.def 011111111111111111111111111111111111111111111111 000000000000000000000000000000000000000000000000 111111111 000001000 147 0 0 0
AVLr6sn0.def 001111111111111111111111111111111111111111111111 000000000000000000000000000000000000000000000000 111111111 000001000 147 0 0 0
AVLr7sn0.def 011111111111111111111111111111111111111111111111 000000000000000000000000000000000000000000000000 111111111 000001000 147 0 0 0
AVLr8sn0.def 011111111111111111111111111111111111111111111111 000000000000000000000000000000000000000000000000 111111111 000001000 147 0 0 0
AvLRD01.def 001111111111111111111111111111111111111111111111 000000000000000000000000000000000000000000000000 111111111 000000001 147 0 0 0
AvLRD02.def 001111111111111111111111111111111111111111111111 000000000000000000000000000000000000000000000000 111111111 000000001 147 0 0 0
AvLRD04.def 011111111111111111111111111111111111111111111111 000000000000000000000000000000000000000000000000 111111111 000000001 147 0 0 0
AVLref10.def 100111110001111100111111111111111111111111111111 000000000000000000000000000000000000000000000000 111111111 100000000 161 0 0 1
AVLref20.def 001111110001111110011111111111111111111111111111 000000000000000000000000000000000000000000000000 111111111 100000000 161 0 0 1
AVLref30.def 001111110011111111111111111111111111111111111111 000000000000000000000000000000000000000000000000 111111111 100000000 161 0 0 1
AVLref40.def 001111110111111111111111111111111111111111111111 000000000000000000000000000000000000000000000000 111111111 100000000 161 0 0 1
AVLref50.def 001111111111111111111111111111111111111111111111 000000000000000000000000000000000000000000000000 111111111 100000000 161 0 0 1
AVLref60.def 011111110111111111111111111111111111111111111111 000000000000000000000000000000000000000000000000 111111111 100000000 161 0 0 1
AvLRG01.def 001111111111111111111111111111111111111111111111 000000000000000000000000000000000000000000000000 111111111 000000100 147 0 0 0
AvLRG02.def 001111111111111111111111111111111111111111111111 000000000000000000000000000000000000000000000000 111111111 000000100 147 0 0 0
AvLRG03.def 011111111111111111111111111111111111111111111111 000000000000000000000000000000000000000000000000 111111111 000000100 147 0 0 0
AvLRG04.def 011111111111111111111111111111111111111111111111 000000000000000000000000000000000000000000000000 111111111 000000100 147 0 0 0
AvLRG05.def 011111111111111111111111111111111111111111111111 000000000000000000000000000000000000000000000000 111111111 000000100 147 0 0 0
AvLRG06.def 011111111111111111111111111111111111111111111111 000000000000000000000000000000000000000000000000 111111111 000000100 147 0 0 0
AvLRG07.def 011111111111111111111111111111111111111111111111 000000000000000000000000000000000000000000000000 111111111 000000100 147 0 0 0
AvLRG08.def 011111111111111111111111111111111111111111111111 000000000000000000000000000000000000000000000000 111111111 000000100 147 0 0 0
AvLRG09.def 011111111111111111111111111111111111111111111111 000000000000000000000000000000000000000000000000 111111111 000000100 147 0 0 0
AvLRG10.def 011111111111111111111111111111111111111111111111 000000000000000000000000000000000000000000000000 111111111 000000100 147 0 0 0
AvLRG11.def 011111111111111111111111111111111111111111111111 000000000000000000000000000000000000000000000000 111111111 000000100 147 0 0 0
AVLrk1s0.def 011111111111111111111111111111111111111111111111 000000000000000000000000000000000000000000000000 111111111 000010000 147 0 0 0
AVLrk1w0.def 001111111111111111111111111111111111111111111111 000000000000000000000000000000000000000000000000 111111111 100000000 147 0 0 0
AVLrk2s0.def 011111111111111111111111111111111111111111111111 000000000000000000000000000000000000000000000000 111111111 000010000 147 0 0 0
AVLrk2w0.def 011111111111111111111111111111111111111111111111 000000000000000000000000000000000000000000000000 111111111 100000000 147 0 0 0
AVLrk3d0.def 001111111111111111111111111111111111111111111111 000000000000000000000000000000000000000000000000 111111111 000000001 147 0 0 0
AVLrk3s0.def 001111111111111111111111111111111111111111111111 000000000000000000000000000000000000000000000000 111111111 000010000 147 0 0 0
AVLrk3w0.def 011111111111111111111111111111111111111111111111 000000000000000000000000000000000000000000000000 111111111 100000000 147 0 0 0
AVLrk4s0.def 011111111111111111111111111111111111111111111111 000000000000000000000000000000000000000000000000 111111111 000010000 147 0 0 0
AVLrk4w0.def 011111111111111111111111111111111111111111111111 000000000000000000000000000000000000000000000000 111111111 100000000 147 0 0 0
AVLrk5d0.def 011111111111111111111111111111111111111111111111 000000000000000000000000000000000000000000000000 111111111 000000001 147 0 0 0
AVLr01u0.def 001111111111111111111111111111111111111111111111 000000000000000000000000000000000000000000000000 111111111 001000000 147 0 0 0
AVLr02u0.def 001111111111111111111111111111111111111111111111 000000000000000000000000000000000000000000000000 111111111 001000000 147 0 0 0
AVLr03u0.def 001111111111111111111111111111111111111111111111 000000000000000000000000000000000000000000000000 111111111 001000000 147 0 0 0
AVLr04u0.def 001111111111111111111111111111111111111111111111 000000000000000000000000000000000000000000000000 111111111 001000000 147 0 0 0
AVLr05u0.def 001111111111111111111111111111111111111111111111 000000000000000000000000000000000000000000000000 111111111 001000000 147 0 0 0
AVLr06u0.def 011111111111111111111111111111111111111111111111 000000000000000000000000000000000000000000000000 111111111 001000000 147 0 0 0
AVLr07u0.def 011111111111111111111111111111111111111111111111 000000000000000000000000000000000000000000000000 111111111 001000000 147 0 0 0
AVLr08u0.def 011111111111111111111111111111111111111111111111 000000000000000000000000000000000000000000000000 111111111 001000000 147 0 0 0
AVLr09u0.def 011111111111111111111111111111111111111111111111 000000000000000000000000000000000000000000000000 111111111 001000000 147 0 0 0
AVLr10u0.def 001111111111111111111111111111111111111111111111 000000000000000000000000000000000000000000000000 111111111 001000000 147 0 0 0
AVLr11u0.def 011111111111111111111111111111111111111111111111 000000000000000000000000000000000000000000000000 111111111 001000000 147 0 0 0
AVLr12u0.def 001111111111111111111111111111111111111111111111 000000000000000000000000000000000000000000000000 111111111 001000000 147 0 0 0
AVLr13u0.def 011111111111111111111111111111111111111111111111 000000000000000000000000000000000000000000000000 111111111 001000000 147 0 0 0
AVLr14u0.def 011111111111111111111111111111111111111111111111 000000000000000000000000000000000000000000000000 111111111 001000000 147 0 0 0
AVLr15u0.def 011111111111111111111111111111111111111111111111 000000000000000000000000000000000000000000000000 111111111 001000000 147 0 0 0
AVLr16u0.def 011111111111111111111111111111111111111111111111 000000000000000000000000000000000000000000000000 111111111 001000000 147 0 0 0
AVLstg10.def 001111111111111111111111111111111111111111111111 000000000000000000000000000000000000000000000000 111111111 001000000 147 0 0 0
AVLstg20.def 011111111111111111111111111111111111111111111111 000000000000000000000000000000000000000000000000 111111111 001000000 147 0 0 0
AVLstg30.def 011111111111111111111111111111111111111111111111 000000000000000000000000000000000000000000000000 111111111 001000000 147 0 0 0
AVLstg40.def 011111111111111111111111111111111111111111111111 000000000000000000000000000000000000000000000000 111111111 001000000 147 0 0 0
AVLstg50.def 011111111111111111111111111111111111111111111111 000000000000000000000000000000000000000000000000 111111111 001000000 147 0 0 0
AVLstg60.def 011111111111111111111111111111111111111111111111 000000000000000000000000000000000000000000000000 111111111 001000000 147 0 0 0
AVLroug0.def 011111111111111111111111111111111111111111111111 000000000000000000000000000000000000000000000000 111111111 000100000 155 0 0 0
AVLroug1.def 011111111111111111111111111111111111111111111111 000000000000000000000000000000000000000000000000 111111111 000100000 155 0 0 0
AVLroug2.def 011111111111111111111111111111111111111111111111 000000000000000000000000000000000000000000000000 111111111 000100000 155 0 0 0
AvLRR01.def 011111111111111111111111111111111111111111111111 000000000000000000000000000000000000000000000000 111111111 000100000 147 0 0 0
AvLRR05.def 001111111111111111111111111111111111111111111111 000000000000000000000000000000000000000000000000 111111111 000100000 147 0 0 0
AVLs01s0.def 001111111111111111111111111111111111111111111111 000000000000000000000000000000000000000000000000 111111111 000010000 150 0 0 0
AVLs02s0.def 000111111111111111111111111111111111111111111111 000000000000000000000000000000000000000000000000 111111111 000010000 150 0 0 0
AVLs03s0.def 000001111111111111111111111111111111111111111111 000000000000000000000000000000000000000000000000 111111111 000010000 150 0 0 0
AVLs04s0.def 000111111111111111111111111111111111111111111111 000000000000000000000000000000000000000000000000 111111111 000010000 150 0 0 0
AVLs05s0.def 011111111111111111111111111111111111111111111111 000000000000000000000000000000000000000000000000 111111111 000010000 150 0 0 0
AVLs06s0.def 001111111111111111111111111111111111111111111111 000000000000000000000000000000000000000000000000 111111111 000010000 150 0 0 0
AVLs07s0.def 011111111111111111111111111111111111111111111111 000000000000000000000000000000000000000000000000 111111111 000010000 150 0 0 0
AVLs08s0.def 011111111111111111111111111111111111111111111111 000000000000000000000000000000000000000000000000 111111111 000010000 150 0 0 0
AVLs09s0.def 001111111111111111111111111111111111111111111111 000000000000000000000000000000000000000000000000 111111111 000010000 150 0 0 0
AVLs10s0.def 011111111111111111111111111111111111111111111111 000000000000000000000000000000000000000000000000 111111111 000010000 150 0 0 0
AVLs11s0.def 011111111111111111111111111111111111111111111111 000000000000000000000000000000000000000000000000 111111111 000010000 150 0 0 0
AVLs1sn0.def 011111111111111111111111111111111111111111111111 000000000000000000000000000000000000000000000000 111111111 000001000 150 0 0 0
AVLs2sn0.def 011111111111111111111111111111111111111111111111 000000000000000000000000000000000000000000000000 111111111 000001000 150 0 0 0
AVLs3sn0.def 001111111111111111111111111111111111111111111111 000000000000000000000000000000000000000000000000 111111111 000001000 150 0 0 0
AVLsh1d0.def 001111111111111111111111111111111111111111111111 000000000000000000000000000000000000000000000000 111111111 000000001 150 0 0 0
AVLsh1g0.def 000111111111111111111111111111111111111111111111 000000000000000000000000000000000000000000000000 111111111 000000100 150 0 0 0
AVLsh1r0.def 011111111111111111111111111111111111111111111111 000000000000000000000000000000000000000000000000 111111111 000100000 150 0 0 0
AVLsh2d0.def 001111111111111111111111111111111111111111111111 000000000000000000000000000000000000000000000000 111111111 000000001 150 0 0 0
AVLsh2g0.def 000111111111111111111111111111111111111111111111 000000000000000000000000000000000000000000000000 111111111 000000100 150 0 0 0
AVLsh2r0.def 011111111111111111111111111111111111111111111111 000000000000000000000000000000000000000000000000 111111111 000100000 150 0 0 0
AVLsh3d0.def 001111111111111111111111111111111111111111111111 000000000000000000000000000000000000000000000000 111111111 000000001 150 0 0 0
AVLsh3g0.def 001111111111111111111111111111111111111111111111 000000000000000000000000000000000000000000000000 111111111 000000100 150 0 0 0
AVLsh3r0.def 011111111111111111111111111111111111111111111111 000000000000000000000000000000000000000000000000 111111111 000100000 150 0 0 0
AVLsh4d0.def 001111111111111111111111111111111111111111111111 000000000000000000000000000000000000000000000000 111111111 000000001 150 0 0 0
AVLsh4g0.def 001111111111111111111111111111111111111111111111 000000000000000000000000000000000000000000000000 111111111 000000100 150 0 0 0
avlsh4r0.def 011111111111111111111111111111111111111111111111 000000000000000000000000000000000000000000000000 111111111 000100000 150 0 0 1
AVLsh5d0.def 011111111111111111111111111111111111111111111111 000000000000000000000000000000000000000000000000 111111111 000000001 150 0 0 0
AVLsh5g0.def 001111111111111111111111111111111111111111111111 000000000000000000000000000000000000000000000000 111111111 000000100 150 0 0 0
avlsh5r0.def 011111111111111111111111111111111111111111111111 000000000000000000000000000000000000000000000000 111111111 000100000 150 0 0 1
AVLsh6d0.def 000111111111111111111111111111111111111111111111 000000000000000000000000000000000000000000000000 111111111 000000001 150 0 0 0
AVLsh6g0.def 001111111111111111111111111111111111111111111111 000000000000000000000000000000000000000000000000 111111111 000000100 150 0 0 0
avlsh6r0.def 001111111111111111111111111111111111111111111111 000000000000000000000000000000000000000000000000 111111111 000100000 150 0 0 1
AVLsh7d0.def 001111111111111111111111111111111111111111111111 000000000000000000000000000000000000000000000000 111111111 000000001 150 0 0 0
avlsh7r0.def 011111111111111111111111111111111111111111111111 000000000000000000000000000000000000000000000000 111111111 000100000 150 0 0 1
AVLsh8d0.def 011111111111111111111111111111111111111111111111 000000000000000000000000000000000000000000000000 111111111 000000001 150 0 0 0
avlsh8r0.def 011111111111111111111111111111111111111111111111 000000000000000000000000000000000000000000000000 111111111 000100000 150 0 0 1
avlsh9r0.def 001111111111111111111111111111111111111111111111 000000000000000000000000000000000000000000000000 111111111 000100000 150 0 0 1
AVLskul0.def 011111111111111111111111111111111111111111111111 000000000000000000000000000000000000000000000000 111111111 000100010 151 0 0 0
AVLSNTR0.def 011111111111111111111111111111111111111111111111 000000000000000000000000000000000000000000000000 111111111 000001000 137 0 0 0
AVLSNTR1.def 011111111111111111111111111111111111111111111111 000000000000000000000000000000000000000000000000 111111111 000001000 137 0 0 0
AVLSNTR2.def 100111110011111111111111111111111111111111111111 000000000000000000000000000000000000000000000000 111111111 000001000 137 0 0 0
AVLSNTR3.def 100111110011111111111111111111111111111111111111 000000000000000000000000000000000000000000000000 111111111 000001000 137 0 0 0
AVLSNTR4.def 001111111001111111111111111111111111111111111111 000000000000000000000000000000000000000000000000 111111111 000001000 137 0 0 0
AVLSNTR5.def 001111111001111111111111111111111111111111111111 000000000000000000000000000000000000000000000000 111111111 000001000 137 0 0 0
AVLsntr6.def 100111110001111100111111111111111111111111111111 000000000000000000000000000000000000000000000000 111111111 000001000 137 0 0 0
AVLsntr7.def 001111110001111110011111111111111111111111111111 000000000000000000000000000000000000000000000000 111111111 000001000 137 0 0 0
AVLspit0.def 000111111111111111111111111111111111111111111111 000000000000000000000000000000000000000000000000 111111111 000000010 149 0 0 1
AVLSPTR0.def 011111111111111111111111111111111111111111111111 000000000000000000000000000000000000000000000000 111111111 000010100 135 0 0 0
AVLSPTR1.def 011111111111111111111111111111111111111111111111 000000000000000000000000000000000000000000000000 111111111 000010100 135 0 0 0
AVLSPTR2.def 011111111111111111111111111111111111111111111111 000000000000000000000000000000000000000000000000 111111111 000010100 135 0 0 0
AVLSPTR3.def 100111110011111111111111111111111111111111111111 000000000000000000000000000000000000000000000000 111111111 000010100 135 0 0 0
AVLSPTR4.def 100111110011111111111111111111111111111111111111 000000000000000000000000000000000000000000000000 111111111 000010100 135 0 0 0
AVLSPTR5.def 001111111001111111111111111111111111111111111111 000000000000000000000000000000000000000000000000 111111111 000010100 135 0 0 0
AVLSPTR6.def 001111111001111111111111111111111111111111111111 000000000000000000000000000000000000000000000000 111111111 000010100 135 0 0 0
AVLsptr7.def 001111110001111110011111111111111111111111111111 000000000000000000000000000000000000000000000000 111111111 000010100 135 0 0 0
AVLsptr8.def 100111110001111100111111111111111111111111111111 000000000000000000000000000000000000000000000000 111111111 000010100 135 0 0 0
AvLStm1.def 011111111111111111111111111111111111111111111111 000000000000000000000000000000000000000000000000 111111111 000100101 153 0 0 0
AvLStm2.def 011111111111111111111111111111111111111111111111 000000000000000000000000000000000000000000000000 111111111 000100101 153 0 0 0
AvLStm3.def 011111111111111111111111111111111111111111111111 000000000000000000000000000000000000000000000000 111111111 000100101 153 0 0 0
AVLswmp0.def 011111111111111111111111111111111111111111111111 000000000000000000000000000000000000000000000000 111111111 000010100 155 0 0 0
AVLswmp1.def 011111111111111111111111111111111111111111111111 000000000000000000000000000000000000000000000000 111111111 000010100 155 0 0 0
AVLswmp2.def 001111111001111111111111111111111111111111111111 000000000000000000000000000000000000000000000000 111111111 000010100 155 0 0 0
AVLswmp3.def 100111110011111111111111111111111111111111111111 000000000000000000000000000000000000000000000000 111111111 000010100 155 0 0 0
AVLswmp4.def 001111111001111111111111111111111111111111111111 000000000000000000000000000000000000000000000000 111111111 000010100 155 0 0 0
AVLswmp5.def 100111110011111111111111111111111111111111111111 000000000000000000000000000000000000000000000000 111111111 000010100 155 0 0 0
AVLswmp6.def 001111110001111110011111111111111111111111111111 000000000000000000000000000000000000000000000000 111111111 000010100 155 0 0 0
AVLswmp7.def 100111110001111100111111111111111111111111111111 000000000000000000000000000000000000000000000000 111111111 000010100 155 0 0 0
AVLswp10.def 000001110000111111111111111111111111111111111111 000000000000000000000000000000000000000000000000 111111111 000010000 150 0 0 1
AVLswp20.def 000111111111111111111111111111111111111111111111 000000000000000000000000000000000000000000000000 111111111 000010000 150 0 0 1
AVLswp30.def 000111111111111111111111111111111111111111111111 000000000000000000000000000000000000000000000000 111111111 000010000 150 0 0 1
AVLswp40.def 001111111111111111111111111111111111111111111111 000000000000000000000000000000000000000000000000 111111111 000010000 150 0 0 1
AVLswp50.def 001111111111111111111111111111111111111111111111 000000000000000000000000000000000000000000000000 111111111 000010000 126 0 0 1
AVLswp60.def 001111111111111111111111111111111111111111111111 000000000000000000000000000000000000000000000000 111111111 000010000 119 0 0 1
AVLswp70.def 011111111111111111111111111111111111111111111111 000000000000000000000000000000000000000000000000 111111111 000010000 119 0 0 1
AVLtr1d0.def 101111111111111111111111111111111111111111111111 000000000000000000000000000000000000000000000000 111111111 000010101 155 0 0 0
AVLtr2d0.def 101111111111111111111111111111111111111111111111 000000000000000000000000000000000000000000000000 111111111 000010101 155 0 0 0
AVLtr3d0.def 011111111111111111111111111111111111111111111111 000000000000000000000000000000000000000000000000 111111111 000010101 155 0 0 0
avlswtr0.def 001111111001111111111111111111111111111111111111 000000000000000000000000000000000000000000000000 111111111 000010000 199 0 0 0
avlswtr1.def 100111110011111111111111111111111111111111111111 000000000000000000000000000000000000000000000000 111111111 000010000 199 0 0 0
avlswtr2.def 001111111001111111111111111111111111111111111111 000000000000000000000000000000000000000000000000 111111111 000010000 199 0 0 0
avlswtr3.def 100111110011111111111111111111111111111111111111 000000000000000000000000000000000000000000000000 111111111 000010000 199 0 0 0
avlswtr4.def 101111110001111110011111111111111111111111111111 000000000000000000000000000000000000000000000000 111111111 000010000 199 0 0 0
avlswtr5.def 101001111100111111111111111111111111111111111111 000000000000000000000000000000000000000000000000 111111111 000010000 199 0 0 0
avlswtr6.def 101111111011111111111111111111111111111111111111 000000000000000000000000000000000000000000000000 111111111 000010000 199 0 0 0
avlswtr7.def 000111111011111111111111111111111111111111111111 000000000000000000000000000000000000000000000000 111111111 000010000 199 0 0 0
avlswtr8.def 001111110011111111111111111111111111111111111111 000000000000000000000000000000000000000000000000 111111111 000010000 199 0 0 0
avlswtr9.def 100011110010011111111111111111111111111111111111 000000000000000000000000000000000000000000000000 111111111 000010000 199 0 0 0
avlswt00.def 011111111111111111111111111111111111111111111111 000000000000000000000000000000000000000000000000 111111111 000010000 199 0 0 0
avlswt01.def 011111111111111111111111111111111111111111111111 000000000000000000000000000000000000000000000000 111111111 000010000 199 0 0 0
avlswt02.def 011111111111111111111111111111111111111111111111 000000000000000000000000000000000000000000000000 111111111 000010000 199 0 0 0
avlswt03.def 011111111111111111111111111111111111111111111111 000000000000000000000000000000000000000000000000 111111111 000010000 199 0 0 0
avlswt04.def 011111111111111111111111111111111111111111111111 000000000000000000000000000000000000000000000000 111111111 000010000 199 0 0 0
avlswt05.def 011111111111111111111111111111111111111111111111 000000000000000000000000000000000000000000000000 111111111 000010000 199 0 0 0
avlswt06.def 011111111111111111111111111111111111111111111111 000000000000000000000000000000000000000000000000 111111111 000010000 199 0 0 0
avlswt07.def 011111111111111111111111111111111111111111111111 000000000000000000000000000000000000000000000000 111111111 000010000 199 0 0 0
avlswt08.def 011111111111111111111111111111111111111111111111 000000000000000000000000000000000000000000000000 111111111 000010000 199 0 0 0
avlswt09.def 011111111111111111111111111111111111111111111111 000000000000000000000000000000000000000000000000 111111111 000010000 199 0 0 0
avlswt10.def 011111111111111111111111111111111111111111111111 000000000000000000000000000000000000000000000000 111111111 000010000 199 0 0 0
avlswt11.def 011111111111111111111111111111111111111111111111 000000000000000000000000000000000000000000000000 111111111 000010000 199 0 0 0
avlswt12.def 011111111111111111111111111111111111111111111111 000000000000000000000000000000000000000000000000 111111111 000010000 199 0 0 0
avlswt13.def 011111111111111111111111111111111111111111111111 000000000000000000000000000000000000000000000000 111111111 000010000 199 0 0 0
avlswt14.def 011111111111111111111111111111111111111111111111 000000000000000000000000000000000000000000000000 111111111 000010000 199 0 0 0
avlswt15.def 011111111111111111111111111111111111111111111111 000000000000000000000000000000000000000000000000 111111111 000010000 199 0 0 0
avlswt16.def 011111111111111111111111111111111111111111111111 000000000000000000000000000000000000000000000000 111111111 000010000 199 0 0 0
avlswt17.def 011111111111111111111111111111111111111111111111 000000000000000000000000000000000000000000000000 111111111 000010000 199 0 0 0
avlswt18.def 011111111111111111111111111111111111111111111111 000000000000000000000000000000000000000000000000 111111111 000010000 199 0 0 0
avlswt19.def 011111111111111111111111111111111111111111111111 000000000000000000000000000000000000000000000000 111111111 000010000 199 0 0 0
avlxds01.def 001111110011111111111111111111111111111111111111 000000000000000000000000000000000000000000000000 111111111 000000010 206 0 0 0
avlxds02.def 001111110011111111111111111111111111111111111111 000000000000000000000000000000000000000000000000 111111111 000000010 206 0 0 0
avlxds03.def 001111111111111111111111111111111111111111111111 000000000000000000000000000000000000000000000000 111111111 000000010 206 0 0 0
avlxds04.def 001111110011111111111111111111111111111111111111 000000000000000000000000000000000000000000000000 111111111 000000010 206 0 0 0
avlxds05.def 001111111011111111111111111111111111111111111111 000000000000000000000000000000000000000000000000 111111111 000000010 206 0 0 0
avlxds06.def 001111110011111111111111111111111111111111111111 000000000000000000000000000000000000000000000000 111111111 000000010 206 0 0 0
avlxds07.def 000111111111111111111111111111111111111111111111 000000000000000000000000000000000000000000000000 111111111 000000010 206 0 0 0
avlxds08.def 000111111111111111111111111111111111111111111111 000000000000000000000000000000000000000000000000 111111111 000000010 206 0 0 0
avlxds09.def 000111111111111111111111111111111111111111111111 000000000000000000000000000000000000000000000000 111111111 000000010 206 0 0 0
avlxds10.def 011111111111111111111111111111111111111111111111 000000000000000000000000000000000000000000000000 111111111 000000010 206 0 0 0
avlxds11.def 011111111111111111111111111111111111111111111111 000000000000000000000000000000000000000000000000 111111111 000000010 206 0 0 0
avlxds12.def 011111111111111111111111111111111111111111111111 000000000000000000000000000000000000000000000000 111111111 000000010 206 0 0 0
avlxdt00.def 001111111111111111111111111111111111111111111111 000000000000000000000000000000000000000000000000 111111111 000000001 207 0 0 0
avlxdt01.def 001111111111111111111111111111111111111111111111 000000000000000000000000000000000000000000000000 111111111 000000001 207 0 0 0
avlxdt02.def 001111111111111111111111111111111111111111111111 000000000000000000000000000000000000000000000000 111111111 000000001 207 0 0 0
avlxdt03.def 001111111111111111111111111111111111111111111111 000000000000000000000000000000000000000000000000 111111111 000000001 207 0 0 0
avlxdt04.def 001111111111111111111111111111111111111111111111 000000000000000000000000000000000000000000000000 111111111 000000001 207 0 0 0
avlxdt05.def 001111111111111111111111111111111111111111111111 000000000000000000000000000000000000000000000000 111111111 000000001 207 0 0 0
avlxdt06.def 000111111111111111111111111111111111111111111111 000000000000000000000000000000000000000000000000 111111111 000000001 207 0 0 0
avlxdt07.def 000111111111111111111111111111111111111111111111 000000000000000000000000000000000000000000000000 111111111 000000001 207 0 0 0
avlxdt08.def 000111111111111111111111111111111111111111111111 000000000000000000000000000000000000000000000000 111111111 000000001 207 0 0 0
avlxdt09.def 000111111111111111111111111111111111111111111111 000000000000000000000000000000000000000000000000 111111111 000000001 207 0 0 0
avlxdt10.def 000111111111111111111111111111111111111111111111 000000000000000000000000000000000000000000000000 111111111 000000001 207 0 0 0
avlxdt11.def 000111111111111111111111111111111111111111111111 000000000000000000000000000000000000000000000000 111111111 000000001 207 0 0 0
avlxgr01.def 001111111111111111111111111111111111111111111111 000000000000000000000000000000000000000000000000 111111111 000000100 208 0 0 0
avlxgr02.def 001111111111111111111111111111111111111111111111 000000000000000000000000000000000000000000000000 111111111 000000100 208 0 0 0
avlxgr03.def 001111111111111111111111111111111111111111111111 000000000000000000000000000000000000000000000000 111111111 000000100 208 0 0 0
avlxgr04.def 001111110011111111111111111111111111111111111111 000000000000000000000000000000000000000000000000 111111111 000000100 208 0 0 0
avlxgr05.def 001111111111111111111111111111111111111111111111 000000000000000000000000000000000000000000000000 111111111 000000100 208 0 0 0
avlxgr06.def 001111110011111111111111111111111111111111111111 000000000000000000000000000000000000000000000000 111111111 000000100 208 0 0 0
avlxgr07.def 000111111111111111111111111111111111111111111111 000000000000000000000000000000000000000000000000 111111111 000000100 208 0 0 0
avlxgr08.def 000111111111111111111111111111111111111111111111 000000000000000000000000000000000000000000000000 111111111 000000100 208 0 0 0
avlxgr09.def 000111111111111111111111111111111111111111111111 000000000000000000000000000000000000000000000000 111111111 000000100 208 0 0 0
avlxgr10.def 011111111111111111111111111111111111111111111111 000000000000000000000000000000000000000000000000 111111111 000000100 208 0 0 0
avlxgr11.def 011111111111111111111111111111111111111111111111 000000000000000000000000000000000000000000000000 111111111 000000100 208 0 0 0
avlxgr12.def 011111111111111111111111111111111111111111111111 000000000000000000000000000000000000000000000000 111111111 000000100 208 0 0 0
avlxro01.def 001111111111111111111111111111111111111111111111 000000000000000000000000000000000000000000000000 111111111 000100000 209 0 0 0
avlxro02.def 001111110011111111111111111111111111111111111111 000000000000000000000000000000000000000000000000 111111111 000100000 209 0 0 0
avlxro03.def 001111110111111111111111111111111111111111111111 000000000000000000000000000000000000000000000000 111111111 000100000 209 0 0 0
avlxro04.def 001111110011111111111111111111111111111111111111 000000000000000000000000000000000000000000000000 111111111 000100000 209 0 0 0
avlxro05.def 001111111111111111111111111111111111111111111111 000000000000000000000000000000000000000000000000 111111111 000100000 209 0 0 0
avlxro06.def 001111110011111111111111111111111111111111111111 000000000000000000000000000000000000000000000000 111111111 000100000 209 0 0 0
avlxro07.def 000111111111111111111111111111111111111111111111 000000000000000000000000000000000000000000000000 111111111 000100000 209 0 0 0
avlxro08.def 000111111111111111111111111111111111111111111111 000000000000000000000000000000000000000000000000 111111111 000100000 209 0 0 0
avlxro09.def 000111111111111111111111111111111111111111111111 000000000000000000000000000000000000000000000000 111111111 000100000 209 0 0 0
avlxro10.def 011111111111111111111111111111111111111111111111 000000000000000000000000000000000000000000000000 111111111 000100000 209 0 0 0
avlxro11.def 011111111111111111111111111111111111111111111111 000000000000000000000000000000000000000000000000 111111111 000100000 209 0 0 0
avlxro12.def 011111111111111111111111111111111111111111111111 000000000000000000000000000000000000000000000000 111111111 000100000 209 0 0 0
AVLtRo00.def 011111111111111111111111111111111111111111111111 000000000000000000000000000000000000000000000000 111111111 000100000 199 0 0 0
AVLtRo01.def 011111111111111111111111111111111111111111111111 000000000000000000000000000000000000000000000000 111111111 000100000 199 0 0 0
AVLtRo02.def 011111111111111111111111111111111111111111111111 000000000000000000000000000000000000000000000000 111111111 000100000 199 0 0 0
AVLtRo03.def 011111111111111111111111111111111111111111111111 000000000000000000000000000000000000000000000000 111111111 000100000 199 0 0 0
AVLtRo04.def 011111111111111111111111111111111111111111111111 000000000000000000000000000000000000000000000000 111111111 000100000 199 0 0 0
AVLtRo05.def 011111111111111111111111111111111111111111111111 000000000000000000000000000000000000000000000000 111111111 000100000 199 0 0 0
AVLtRo06.def 011111111111111111111111111111111111111111111111 000000000000000000000000000000000000000000000000 111111111 000100000 199 0 0 0
AVLtRo07.def 011111111111111111111111111111111111111111111111 000000000000000000000000000000000000000000000000 111111111 000100000 199 0 0 0
AVLtRo08.def 011111111111111111111111111111111111111111111111 000000000000000000000000000000000000000000000000 111111111 000100000 199 0 0 0
AVLtRo09.def 011111111111111111111111111111111111111111111111 000000000000000000000000000000000000000000000000 111111111 000100000 199 0 0 0
AVLtRo10.def 011111111111111111111111111111111111111111111111 000000000000000000000000000000000000000000000000 111111111 000100000 199 0 0 0
AVLtRo11.def 011111111111111111111111111111111111111111111111 000000000000000000000000000000000000000000000000 111111111 000100000 199 0 0 0
AVLtRo12.def 011111111111111111111111111111111111111111111111 000000000000000000000000000000000000000000000000 111111111 000100000 199 0 0 0
AVLtrRo0.def 001111111001111111111111111111111111111111111111 000000000000000000000000000000000000000000000000 111111111 000100000 199 0 0 0
AVLtrRo1.def 100111110011111111111111111111111111111111111111 000000000000000000000000000000000000000000000000 111111111 000100000 199 0 0 0
AVLtrRo2.def 001111111001111111111111111111111111111111111111 000000000000000000000000000000000000000000000000 111111111 000100000 199 0 0 0
AVLtrRo3.def 100111110011111111111111111111111111111111111111 000000000000000000000000000000000000000000000000 111111111 000100000 199 0 0 0
AVLtrRo4.def 001111111001111111111111111111111111111111111111 000000000000000000000000000000000000000000000000 111111111 000100000 199 0 0 0
AVLtrRo5.def 100111110011111111111111111111111111111111111111 000000000000000000000000000000000000000000000000 111111111 000100000 199 0 0 0
AVLtrRo6.def 011111111111111111111111111111111111111111111111 000000000000000000000000000000000000000000000000 111111111 000100000 199 0 0 0
AVLtrRo7.def 011111111111111111111111111111111111111111111111 000000000000000000000000000000000000000000000000 111111111 000100000 199 0 0 0
avlxsu01.def 001111110011111111111111111111111111111111111111 000000000000000000000000000000000000000000000000 111111111 001000000 210 0 0 0
avlxsu02.def 001111110011111111111111111111111111111111111111 000000000000000000000000000000000000000000000000 111111111 001000000 210 0 0 0
avlxsu03.def 001111110011111111111111111111111111111111111111 000000000000000000000000000000000000000000000000 111111111 001000000 210 0 0 0
avlxsu04.def 001111110011111111111111111111111111111111111111 000000000000000000000000000000000000000000000000 111111111 001000000 210 0 0 0
avlxsu05.def 001111111111111111111111111111111111111111111111 000000000000000000000000000000000000000000000000 111111111 001000000 210 0 0 0
avlxsu06.def 001111110111111111111111111111111111111111111111 000000000000000000000000000000000000000000000000 111111111 001000000 210 0 0 0
avlxsu07.def 000111111111111111111111111111111111111111111111 000000000000000000000000000000000000000000000000 111111111 001000000 210 0 0 0
avlxsu08.def 000111111111111111111111111111111111111111111111 000000000000000000000000000000000000000000000000 111111111 001000000 210 0 0 0
avlxsu09.def 000111111111111111111111111111111111111111111111 000000000000000000000000000000000000000000000000 111111111 001000000 210 0 0 0
avlxsu10.def 011111111111111111111111111111111111111111111111 000000000000000000000000000000000000000000000000 111111111 001000000 210 0 0 0
avlxsu11.def 011111111111111111111111111111111111111111111111 000000000000000000000000000000000000000000000000 111111111 001000000 210 0 0 0
avlxsu12.def 011111111111111111111111111111111111111111111111 000000000000000000000000000000000000000000000000 111111111 001000000 210 0 0 0
avlxsw01.def 001111110011111111111111111111111111111111111111 000000000000000000000000000000000000000000000000 111111111 000010000 211 0 0 0
avlxsw02.def 001111110011111111111111111111111111111111111111 000000000000000000000000000000000000000000000000 111111111 000010000 211 0 0 0
avlxsw03.def 001111110011111111111111111111111111111111111111 000000000000000000000000000000000000000000000000 111111111 000010000 211 0 0 0
avlxsw04.def 001111110011111111111111111111111111111111111111 000000000000000000000000000000000000000000000000 111111111 000010000 211 0 0 0
avlxsw05.def 001111110011111111111111111111111111111111111111 000000000000000000000000000000000000000000000000 111111111 000010000 211 0 0 0
avlxsw06.def 001111110011111111111111111111111111111111111111 000000000000000000000000000000000000000000000000 111111111 000010000 211 0 0 0
avlxsw07.def 000111111111111111111111111111111111111111111111 000000000000000000000000000000000000000000000000 111111111 000010000 211 0 0 0
avlxsw08.def 000111111111111111111111111111111111111111111111 000000000000000000000000000000000000000000000000 111111111 000010000 211 0 0 0
avlxsw09.def 000111111111111111111111111111111111111111111111 000000000000000000000000000000000000000000000000 111111111 000010000 211 0 0 0
avlxsw10.def 011111111111111111111111111111111111111111111111 000000000000000000000000000000000000000000000000 111111111 000010000 211 0 0 0
avlxsw11.def 011111111111111111111111111111111111111111111111 000000000000000000000000000000000000000000000000 111111111 000010000 211 0 0 0
AVLvol10.def 001111111111111111111111111111111111111111111111 000000000000000000000000000000000000000000000000 111111111 010000000 158 0 0 0
AVLvol20.def 001111111111111111111111111111111111111111111111 000000000000000000000000000000000000000000000000 111111111 010000000 158 0 0 0
AVLvol30.def 000111111111111111111111111111111111111111111111 000000000000000000000000000000000000000000000000 111111111 010000000 158 0 0 0
AVLvol40.def 000111111011111111111111111111111111111111111111 000000000000000000000000000000000000000000000000 111111111 010000000 158 0 0 0
AVLvol50.def 100011111000111111111111111111111111111111111111 000000000000000000000000000000000000000000000000 111111111 010000000 158 0 0 0
AVLwlw10.def 000111111111111111111111111111111111111111111111 000000000000000000000000000000000000000000000000 111111111 000010100 155 0 0 0
AVLwlw20.def 001111111111111111111111111111111111111111111111 000000000000000000000000000000000000000000000000 111111111 000010100 155 0 0 0
AVLwlw30.def 011111111111111111111111111111111111111111111111 000000000000000000000000000000000000000000000000 111111111 000010100 155 0 0 0
AVLyuc10.def 011111111111111111111111111111111111111111111111 000000000000000000000000000000000000000000000000 111111111 000100010 155 0 0 0
AVLyuc20.def 011111111111111111111111111111111111111111111111 000000000000000000000000000000000000000000000000 111111111 000100010 155 0 0 0
AVLyuc30.def 011111111111111111111111111111111111111111111111 000000000000000000000000000000000000000000000000 111111111 000100010 155 0 0 0
clrdelt1.def 111111111111111111111111111111111111111111111111 000000000000000000000000000000000000000000000000 111111111 000000111 143 0 0 1
clrdelt1.def 111111111111111111111111111111111111111111111111 000000000000000000000000000000000000000000000000 111111111 000111000 143 0 0 1
clrdelt1.def 111111111111111111111111111111111111111111111111 000000000000000000000000000000000000000000000000 111111111 011000000 143 0 0 1
clrdelt2.def 111111111111111111111111111111111111111111111111 000000000000000000000000000000000000000000000000 111111111 000000111 143 0 0 1
clrdelt2.def 111111111111111111111111111111111111111111111111 000000000000000000000000000000000000000000000000 111111111 000111000 143 0 0 1
clrdelt2.def 111111111111111111111111111111111111111111111111 000000000000000000000000000000000000000000000000 111111111 011000000 143 0 0 1
clrdelt3.def 111111111111111111111111111111111111111111111111 000000000000000000000000000000000000000000000000 111111111 000000111 143 0 0 1
clrdelt3.def 111111111111111111111111111111111111111111111111 000000000000000000000000000000000000000000000000 111111111 000111000 143 0 0 1
clrdelt3.def 111111111111111111111111111111111111111111111111 000000000000000000000000000000000000000000000000 111111111 011000000 143 0 0 1
clrdelt4.def 111111111111111111111111111111111111111111111111 000000000000000000000000000000000000000000000000 111111111 000000111 143 0 0 1
clrdelt4.def 111111111111111111111111111111111111111111111111 000000000000000000000000000000000000000000000000 111111111 000111000 143 0 0 1
clrdelt4.def 111111111111111111111111111111111111111111111111 000000000000000000000000000000000000000000000000 111111111 011000000 143 0 0 1
icedelt1.def 111111111111111111111111111111111111111111111111 000000000000000000000000000000000000000000000000 111111111 000001000 143 0 0 1
icedelt2.def 111111111111111111111111111111111111111111111111 000000000000000000000000000000000000000000000000 111111111 000001000 143 0 0 1
icedelt3.def 111111111111111111111111111111111111111111111111 000000000000000000000000000000000000000000000000 111111111 000001000 143 0 0 1
icedelt4.def 111111111111111111111111111111111111111111111111 000000000000000000000000000000000000000000000000 111111111 000001000 143 0 0 1
lavdelt1.def 111111111111111111111111111111111111111111111111 000000000000000000000000000000000000000000000000 111111111 010000000 143 0 0 1
lavdelt2.def 111111111111111111111111111111111111111111111111 000000000000000000000000000000000000000000000000 111111111 010000000 143 0 0 1
lavdelt3.def 111111111111111111111111111111111111111111111111 000000000000000000000000000000000000000000000000 111111111 010000000 143 0 0 1
lavdelt4.def 111111111111111111111111111111111111111111111111 000000000000000000000000000000000000000000000000 111111111 010000000 143 0 0 1
muddelt1.def 111111111111111111111111111111111111111111111111 000000000000000000000000000000000000000000000000 111111111 000000111 143 0 0 1
muddelt1.def 111111111111111111111111111111111111111111111111 000000000000000000000000000000000000000000000000 111111111 000111000 143 0 0 1
muddelt1.def 111111111111111111111111111111111111111111111111 000000000000000000000000000000000000000000000000 111111111 011000000 143 0 0 1
muddelt2.def 111111111111111111111111111111111111111111111111 000000000000000000000000000000000000000000000000 111111111 000000111 143 0 0 1
muddelt2.def 111111111111111111111111111111111111111111111111 000000000000000000000000000000000000000000000000 111111111 000111000 143 0 0 1
muddelt2.def 111111111111111111111111111111111111111111111111 000000000000000000000000000000000000000000000000 111111111 011000000 143 0 0 1
muddelt3.def 111111111111111111111111111111111111111111111111 000000000000000000000000000000000000000000000000 111111111 000111000 143 0 0 1
muddelt3.def 111111111111111111111111111111111111111111111111 000000000000000000000000000000000000000000000000 111111111 011000000 143 0 0 1
muddelt3.def 111111111111111111111111111111111111111111111111 000000000000000000000000000000000000000000000000 111111111 000000111 143 0 0 1
muddelt4.def 111111111111111111111111111111111111111111111111 000000000000000000000000000000000000000000000000 111111111 000000111 143 0 0 1
muddelt4.def 111111111111111111111111111111111111111111111111 000000000000000000000000000000000000000000000000 111111111 000111000 143 0 0 1
muddelt4.def 111111111111111111111111111111111111111111111111 000000000000000000000000000000000000000000000000 111111111 011000000 143 0 0 1
AVMlean0.def 001111111111111111111111111111111111111111111111 100000000000000000000000000000000000000000000000 111111111 000001000 39 0 0 0
AVXabnd0.def 000111111111111111111111111111111111111111111111 010000000000000000000000000000000000000000000000 111111111 000000001 53 7 0 0
AvMAbMG.def 000111111111111111111111111111111111111111111111 010000000000000000000000000000000000000000000000 111111111 000000100 53 7 0 0
AVXamDs.def 000111110001111111111111111111111111111111111111 010000000000000000000000000000000000000000000000 111111111 000000010 220 7 0 0
AVXamGr.def 000111111111111111111111111111111111111111111111 010000000000000000000000000000000000000000000000 111111111 000000100 220 7 0 0
AVXamLv.def 000111111011111111111111111111111111111111111111 010000000000000000000000000000000000000000000000 111111111 010000000 220 7 0 0
AVXamSn.def 000111111111111111111111111111111111111111111111 010000000000000000000000000000000000000000000000 111111111 000001000 220 7 0 0
AVXamSu.def 000111111111111111111111111111111111111111111111 010000000000000000000000000000000000000000000000 111111111 001000000 220 7 0 0
AVXamSw.def 000111110001111111111111111111111111111111111111 010000000000000000000000000000000000000000000000 111111111 000010000 220 7 0 0
AVXamRo.def 000111110011111111111111111111111111111111111111 010000000000000000000000000000000000000000000000 111111111 000100000 220 7 0 0
AVMalch0.def 000111111111111111111111111111111111111111111111 010000000000000000000000000000000000000000000000 111111111 000000111 53 1 0 0
AVMalch0.def 000111111111111111111111111111111111111111111111 010000000000000000000000000000000000000000000000 111111111 001110000 53 1 0 0
AVMalch0.def 000111111111111111111111111111111111111111111111 010000000000000000000000000000000000000000000000 111111111 010000000 53 1 0 0
AVMalcs0.def 000111111111111111111111111111111111111111111111 010000000000000000000000000000000000000000000000 111111111 000001000 53 1 0 0
AVMcrys0.def 000111111111111111111111111111111111111111111111 010000000000000000000000000000000000000000000000 111111111 000000100 53 4 0 0
AVMcrdr0.def 000111111111111111111111111111111111111111111111 010000000000000000000000000000000000000000000000 111111111 000000001 53 4 0 0
AVMcrds0.def 000111110001111111111111111111111111111111111111 010000000000000000000000000000000000000000000000 111111111 000000010 53 4 0 0
AVMcrgr0.def 000111111111111111111111111111111111111111111111 010000000000000000000000000000000000000000000000 111111111 000000100 53 4 0 0
AVMcrrf0.def 000111111111111111111111111111111111111111111111 010000000000000000000000000000000000000000000000 111111111 000100000 53 4 0 0
AVMcrsn0.def 000111111111111111111111111111111111111111111111 010000000000000000000000000000000000000000000000 111111111 000001000 53 4 0 0
AVMcrsu0.def 000111111111111111111111111111111111111111111111 010000000000000000000000000000000000000000000000 111111111 001000000 53 4 0 0
AVMcrsw0.def 000111110001111111111111111111111111111111111111 010000000000000000000000000000000000000000000000 111111111 000010000 53 4 0 0
AVMcrvo0.def 000111111111111111111111111111111111111111111111 010000000000000000000000000000000000000000000000 111111111 010000000 53 4 0 0
AVMgems0.def 000111110001111111111111111111111111111111111111 010000000000000000000000000000000000000000000000 111111111 000010100 53 5 0 1
AVMgedr0.def 000111110001111111111111111111111111111111111111 010000000000000000000000000000000000000000000000 111111111 000000001 53 5 0 1
AVMgelv0.def 000111110001111111111111111111111111111111111111 010000000000000000000000000000000000000000000000 111111111 010000000 53 5 0 1
AVMgerf0.def 000111110001111111111111111111111111111111111111 010000000000000000000000000000000000000000000000 111111111 001100010 53 5 0 1
AVMgesn0.def 000111110001111111111111111111111111111111111111 010000000000000000000000000000000000000000000000 111111111 000001000 53 5 0 1
AVMgodr0.def 000111111111111111111111111111111111111111111111 010000000000000000000000000000000000000000000000 111111111 000000001 53 6 0 0
AVMgogr0.def 000111111111111111111111111111111111111111111111 010000000000000000000000000000000000000000000000 111111111 000000100 53 6 0 0
AVMgold0.def 000111111111111111111111111111111111111111111111 010000000000000000000000000000000000000000000000 111111111 000000100 53 6 0 0
AVMgorf0.def 000111111111111111111111111111111111111111111111 010000000000000000000000000000000000000000000000 111111111 000100000 53 6 0 0
AVMgovo0.def 000111111111111111111111111111111111111111111111 010000000000000000000000000000000000000000000000 111111111 010000000 53 6 0 0
AVMgods0.def 000111110001111111111111111111111111111111111111 010000000000000000000000000000000000000000000000 111111111 000000010 53 6 0 0
AVMgosb0.def 000111111111111111111111111111111111111111111111 010000000000000000000000000000000000000000000000 111111111 001000000 53 6 0 0
AVMgosn0.def 000111111111111111111111111111111111111111111111 010000000000000000000000000000000000000000000000 111111111 000001000 53 6 0 0
AVMgosw0.def 000111110001111111111111111111111111111111111111 010000000000000000000000000000000000000000000000 111111111 000010000 53 6 0 0
AVMordr0.def 000111110001111111111111111111111111111111111111 010000000000000000000000000000000000000000000000 111111111 000000001 53 2 0 1
AVMords0.def 000111110001111111111111111111111111111111111111 010000000000000000000000000000000000000000000000 111111111 000000010 53 2 0 1
AVMore0.def 000111110001111111111111111111111111111111111111 010000000000000000000000000000000000000000000000 111111111 000000100 53 2 0 1
AVMorlv0.def 000111110001111111111111111111111111111111111111 010000000000000000000000000000000000000000000000 111111111 010000000 53 2 0 1
AVMorro0.def 000111110001111111111111111111111111111111111111 010000000000000000000000000000000000000000000000 111111111 000100000 53 2 0 1
AVMorsb0.def 000111110001111111111111111111111111111111111111 010000000000000000000000000000000000000000000000 111111111 001000000 53 2 0 1
AVMorsn0.def 000111110001111111111111111111111111111111111111 010000000000000000000000000000000000000000000000 111111111 000001000 53 2 0 1
AVMorsw0.def 000111110001111111111111111111111111111111111111 010000000000000000000000000000000000000000000000 111111111 000010000 53 2 0 1
AVMsawd0.def 000011110011111111111111111111111111111111111111 010000000000000000000000000000000000000000000000 111111111 000000001 53 0 0 0
AVMsawg0.def 000011110011111111111111111111111111111111111111 010000000000000000000000000000000000000000000000 111111111 000010100 53 0 0 0
AVMsawl0.def 000011110011111111111111111111111111111111111111 010000000000000000000000000000000000000000000000 111111111 011000000 53 0 0 0
AVMsawr0.def 000011110011111111111111111111111111111111111111 010000000000000000000000000000000000000000000000 111111111 000100000 53 0 0 0
AVMswds0.def 000011110011111111111111111111111111111111111111 010000000000000000000000000000000000000000000000 111111111 000000010 53 0 0 0
AVMswsn0.def 000011110011111111111111111111111111111111111111 010000000000000000000000000000000000000000000000 111111111 000001000 53 0 0 0
AVMsulf0.def 000111111111111111111111111111111111111111111111 010000000000000000000000000000000000000000000000 111111111 000000111 53 3 0 0
AVMsulf0.def 000111111111111111111111111111111111111111111111 010000000000000000000000000000000000000000000000 111111111 000111000 53 3 0 0
AVMsulf0.def 000111111111111111111111111111111111111111111111 010000000000000000000000000000000000000000000000 111111111 011000000 53 3 0 0
AVMwndd0.def 101111111111111111111111111111111111111111111111 010000000000000000000000000000000000000000000000 111111111 011111111 112 0 0 0
AVMwmsn0.def 101111111111111111111111111111111111111111111111 010000000000000000000000000000000000000000000000 111111111 000001000 112 0 0 0
AVMwndd0.def 101111111111111111111111111111111111111111111111 010000000000000000000000000000000000000000000000 111111111 000000000 112 0 0 0
AVMwwhl0.def 000111110001111111111111111111111111111111111111 100000000000000000000000000000000000000000000000 111111111 000010101 109 0 0 0
AVMwwsn0.def 000111111111111111111111111111111111111111111111 100000000000000000000000000000000000000000000000 111111111 000001000 109 0 0 0
AVSarna0.def 000111110001111111111111111111111111111111111111 010000000000000000000000000000000000000000000000 111111111 011111111 4 0 0 0
AVSaxis0.def 011111111111111111111111111111111111111111111111 100000000000000000000000000000000000000000000000 111111111 011111111 61 0 0 0
AVSbuoy0.def 011111111111111111111111111111111111111111111111 100000000000000000000000000000000000000000000000 100000000 100000000 11 0 0 0
AVSclvd0.def 001111111111111111111111111111111111111111111111 010000000000000000000000000000000000000000000000 111111111 000000001 14 0 0 0
AVSclvg0.def 001111111111111111111111111111111111111111111111 010000000000000000000000000000000000000000000000 111111111 000000100 14 0 0 0
AVSclvs0.def 001111111111111111111111111111111111111111111111 010000000000000000000000000000000000000000000000 111111111 000010000 14 0 0 0
AVSfntn0.def 011111111111111111111111111111111111111111111111 100000000000000000000000000000000000000000000000 111111111 000010101 30 0 0 0
AVSgrdn0.def 011111111111111111111111111111111111111111111111 100000000000000000000000000000000000000000000000 111111111 001010101 32 0 0 0
AVSgzbo0.def 011111111111111111111111111111111111111111111111 100000000000000000000000000000000000000000000000 111111111 011111111 100 0 0 0
AVSidol0.def 011111111111111111111111111111111111111111111111 100000000000000000000000000000000000000000000000 111111111 011111111 38 0 0 0
AVSlibr0.def 000011110011111111111111111111111111111111111111 010000000000000000000000000000000000000000000000 111111111 011111111 41 0 0 0
AvSMarl.def 001111111111111111111111111111111111111111111111 100000000000000000000000000000000000000000000000 111111111 011111111 23 0 0 0
AVSmerc0.def 000111111111111111111111111111111111111111111111 010000000000000000000000000000000000000000000000 111111111 011111111 51 0 0 0
AVSring0.def 001111111111111111111111111111111111111111111111 010000000000000000000000000000000000000000000000 111111111 000010101 28 0 0 0
AVSschm0.def 011111111111111111111111111111111111111111111111 100000000000000000000000000000000000000000000000 111111111 011111111 47 0 0 0
AVSuniv0.def 000011110000111110001111111111111111111111111111 010000000000000000000000000000000000000000000000 111111111 011111111 104 0 0 0
AVStmpl0.def 001111111111111111111111111111111111111111111111 010000000000000000000000000000000000000000000000 111111111 011111111 96 0 0 0
AVSutop0.def 100011111000001100001111111111111111111111111111 010000000000000000000000000000000000000000000000 111111111 011111111 25 0 0 0
AVSwar20.def 100111110000111110011111111111111111111111111111 010000000000000000000000000000000000000000000000 111111111 011111111 107 0 0 0
AVSwtch0.def 101111111111111111111111111111111111111111111111 010000000000000000000000000000000000000000000000 111111111 011111111 113 0 0 0
AvTCave.def 000111111011111111111111111111111111111111111111 010000000000000000000000000000000000000000000000 011111111 011111111 103 0 0 0
AVTchst0.def 011111111111111111111111111111111111111111111111 100000000000000000000000000000000000000000000000 111111111 011111111 101 0 5 0
AVTcrys0.def 011111111111111111111111111111111111111111111111 100000000000000000000000000000000000000000000000 111111111 000000001 79 4 5 0
AVTgems0.def 011111111111111111111111111111111111111111111111 100000000000000000000000000000000000000000000000 111111111 011111111 79 5 5 0
AVTgold0.def 011111111111111111111111111111111111111111111111 100000000000000000000000000000000000000000000000 111111111 000000001 79 6 5 0
AVTmerc0.def 011111111111111111111111111111111111111111111111 100000000000000000000000000000000000000000000000 111111111 000000001 79 1 5 0
AVTmyst0.def 000111111111111111111111111111111111111111111111 010000000000000000000000000000000000000000000000 111111111 000010101 55 0 0 0
AVTore0.def 011111111111111111111111111111111111111111111111 100000000000000000000000000000000000000000000000 111111111 000000001 79 2 5 0
AVTsulf0.def 011111111111111111111111111111111111111111111111 100000000000000000000000000000000000000000000000 111111111 000000001 79 3 5 0
AVTwagn0.def 011111111111111111111111111111111111111111111111 100000000000000000000000000000000000000000000000 111111111 000100000 105 0 0 0
AVTwood0.def 011111111111111111111111111111111111111111111111 100000000000000000000000000000000000000000000000 111111111 000000001 79 0 5 0
AVTrndm0.def 011111111111111111111111111111111111111111111111 100000000000000000000000000000000000000000000000 111111111 000000001 76 0 5 0
AvWPike.def 011111111111111111111111111111111111111111111111 100000000000000000000000000000000000000000000000 111111111 000000100 54 0 2 0
AVWpikx0.def 011111111111111111111111111111111111111111111111 100000000000000000000000000000000000000000000000 111111111 000000001 54 1 2 0
AvWLCrs.def 011111111111111111111111111111111111111111111111 100000000000000000000000000000000000000000000000 111111111 000000100 54 2 2 0
AvWHCrs.def 011111111111111111111111111111111111111111111111 100000000000000000000000000000000000000000000000 111111111 000000100 54 3 2 0
AvWGrif.def 011111111111111111111111111111111111111111111111 100000000000000000000000000000000000000000000000 111111111 000000100 54 4 2 0
AVWgrix0.def 011111111111111111111111111111111111111111111111 100000000000000000000000000000000000000000000000 111111111 000000001 54 5 2 0
AVWswrd0.def 011111111111111111111111111111111111111111111111 100000000000000000000000000000000000000000000000 111111111 000000001 54 6 2 0
AVWswrx0.def 011111111111111111111111111111111111111111111111 100000000000000000000000000000000000000000000000 111111111 000000001 54 7 2 0
AvWMonk.def 011111111111111111111111111111111111111111111111 100000000000000000000000000000000000000000000000 111111111 000000100 54 8 2 0
AVWmonx0.def 011111111111111111111111111111111111111111111111 100000000000000000000000000000000000000000000000 111111111 000000001 54 9 2 0
AVWcvlr0.def 011111111111111111111111111111111111111111111111 100000000000000000000000000000000000000000000000 111111111 000000001 54 10 2 0
AVWcvlx0.def 011111111111111111111111111111111111111111111111 100000000000000000000000000000000000000000000000 111111111 000000001 54 11 2 0
AvWAngl.def 011111111111111111111111111111111111111111111111 100000000000000000000000000000000000000000000000 111111111 000000100 54 12 2 0
AvWArch.def 011111111111111111111111111111111111111111111111 100000000000000000000000000000000000000000000000 111111111 000000100 54 13 2 0
AVWcent0.def 011111111111111111111111111111111111111111111111 100000000000000000000000000000000000000000000000 111111111 000000001 54 14 2 0
AVWcenx0.def 011111111111111111111111111111111111111111111111 100000000000000000000000000000000000000000000000 111111111 000000001 54 15 2 0
AVWdwrf0.def 011111111111111111111111111111111111111111111111 100000000000000000000000000000000000000000000000 111111111 000000001 54 16 2 0
AVWdwrx0.def 011111111111111111111111111111111111111111111111 100000000000000000000000000000000000000000000000 111111111 000000001 54 17 2 0
AVWelfw0.def 011111111111111111111111111111111111111111111111 100000000000000000000000000000000000000000000000 111111111 000000001 54 18 2 0
AVWelfx0.def 011111111111111111111111111111111111111111111111 100000000000000000000000000000000000000000000000 111111111 000000001 54 19 2 0
AVWpega0.def 011111111111111111111111111111111111111111111111 100000000000000000000000000000000000000000000000 111111111 000000001 54 20 2 0
AVWpegx0.def 011111111111111111111111111111111111111111111111 100000000000000000000000000000000000000000000000 111111111 000000001 54 21 2 0
AVWtree0.def 011111111111111111111111111111111111111111111111 100000000000000000000000000000000000000000000000 111111111 000000001 54 22 2 0
AVWtrex0.def 011111111111111111111111111111111111111111111111 100000000000000000000000000000000000000000000000 111111111 000000001 54 23 2 0
AVWunic0.def 011111111111111111111111111111111111111111111111 100000000000000000000000000000000000000000000000 111111111 000000001 54 24 2 0
AVWunix0.def 011111111111111111111111111111111111111111111111 100000000000000000000000000000000000000000000000 111111111 000000001 54 25 2 0
AVWdrag0.def 011111111111111111111111111111111111111111111111 100000000000000000000000000000000000000000000000 111111111 000000001 54 26 2 0
AVWdrax0.def 011111111111111111111111111111111111111111111111 100000000000000000000000000000000000000000000000 111111111 000000001 54 27 2 0
AVWgrem0.def 011111111111111111111111111111111111111111111111 100000000000000000000000000000000000000000000000 111111111 000000001 54 28 2 0
AVWgrex0.def 011111111111111111111111111111111111111111111111 100000000000000000000000000000000000000000000000 111111111 000000001 54 29 2 0
AVWgarg0.def 011111111111111111111111111111111111111111111111 100000000000000000000000000000000000000000000000 111111111 000000001 54 30 2 0
AVWgarx0.def 011111111111111111111111111111111111111111111111 100000000000000000000000000000000000000000000000 111111111 000000001 54 31 2 0
AVWgolm0.def 011111111111111111111111111111111111111111111111 100000000000000000000000000000000000000000000000 111111111 000000001 54 32 2 0
AVWgolx0.def 011111111111111111111111111111111111111111111111 100000000000000000000000000000000000000000000000 111111111 000000001 54 33 2 0
AVWmage0.def 011111111111111111111111111111111111111111111111 100000000000000000000000000000000000000000000000 111111111 000000001 54 34 2 0
AVWmagx0.def 011111111111111111111111111111111111111111111111 100000000000000000000000000000000000000000000000 111111111 000000001 54 35 2 0
AVWgeni0.def 011111111111111111111111111111111111111111111111 100000000000000000000000000000000000000000000000 111111111 000000001 54 36 2 0
AVWgenx0.def 011111111111111111111111111111111111111111111111 100000000000000000000000000000000000000000000000 111111111 000000001 54 37 2 0
AVWnaga0.def 011111111111111111111111111111111111111111111111 100000000000000000000000000000000000000000000000 111111111 000000001 54 38 2 0
AVWnagx0.def 011111111111111111111111111111111111111111111111 100000000000000000000000000000000000000000000000 111111111 000000001 54 39 2 0
AVWtitn0.def 011111111111111111111111111111111111111111111111 100000000000000000000000000000000000000000000000 111111111 000000001 54 40 2 0
AVWtitx0.def 011111111111111111111111111111111111111111111111 100000000000000000000000000000000000000000000000 111111111 000000001 54 41 2 0
AVWimp0.def 011111111111111111111111111111111111111111111111 100000000000000000000000000000000000000000000000 111111111 000000001 54 42 2 0
AVWimpx0.def 011111111111111111111111111111111111111111111111 100000000000000000000000000000000000000000000000 111111111 000000001 54 43 2 0
AVWgog0.def 011111111111111111111111111111111111111111111111 100000000000000000000000000000000000000000000000 111111111 000000001 54 44 2 0
AVWgogx0.def 011111111111111111111111111111111111111111111111 100000000000000000000000000000000000000000000000 111111111 000000001 54 45 2 0
AVWhoun0.def 011111111111111111111111111111111111111111111111 100000000000000000000000000000000000000000000000 111111111 000000001 54 46 2 0
AVWhoux0.def 011111111111111111111111111111111111111111111111 100000000000000000000000000000000000000000000000 111111111 000000001 54 47 2 0
AVWdemn0.def 011111111111111111111111111111111111111111111111 100000000000000000000000000000000000000000000000 111111111 000000001 54 48 2 0
AVWdemx0.def 011111111111111111111111111111111111111111111111 100000000000000000000000000000000000000000000000 111111111 000000001 54 49 2 0
AVWpitf0.def 011111111111111111111111111111111111111111111111 100000000000000000000000000000000000000000000000 111111111 000000001 54 50 2 0
AVWpitx0.def 011111111111111111111111111111111111111111111111 100000000000000000000000000000000000000000000000 111111111 000000001 54 51 2 0
AVWefre0.def 011111111111111111111111111111111111111111111111 100000000000000000000000000000000000000000000000 111111111 000000001 54 52 2 0
AVWefrx0.def 011111111111111111111111111111111111111111111111 100000000000000000000000000000000000000000000000 111111111 000000001 54 53 2 0
AVWdevl0.def 011111111111111111111111111111111111111111111111 100000000000000000000000000000000000000000000000 111111111 000000001 54 54 2 0
AVWdevx0.def 011111111111111111111111111111111111111111111111 100000000000000000000000000000000000000000000000 111111111 000000001 54 55 2 0
AVWskel0.def 011111111111111111111111111111111111111111111111 100000000000000000000000000000000000000000000000 111111111 000000001 54 56 2 0
AVWskex0.def 011111111111111111111111111111111111111111111111 100000000000000000000000000000000000000000000000 111111111 000000001 54 57 2 0
AVWzomb0.def 011111111111111111111111111111111111111111111111 100000000000000000000000000000000000000000000000 111111111 000000001 54 58 2 0
AVWzomx0.def 011111111111111111111111111111111111111111111111 100000000000000000000000000000000000000000000000 111111111 000000001 54 59 2 0
AvWWigh.def 011111111111111111111111111111111111111111111111 100000000000000000000000000000000000000000000000 111111111 011111111 54 60 2 0
AVWwigx0.def 011111111111111111111111111111111111111111111111 100000000000000000000000000000000000000000000000 111111111 000000001 54 61 2 0
AVWvamp0.def 011111111111111111111111111111111111111111111111 100000000000000000000000000000000000000000000000 111111111 000000001 54 62 2 0
AVWvamx0.def 011111111111111111111111111111111111111111111111 100000000000000000000000000000000000000000000000 111111111 000000001 54 63 2 0
AVWlich0.def 011111111111111111111111111111111111111111111111 100000000000000000000000000000000000000000000000 111111111 000000001 54 64 2 0
AVWlicx0.def 011111111111111111111111111111111111111111111111 100000000000000000000000000000000000000000000000 111111111 000000001 54 65 2 0
AVWbkni0.def 011111111111111111111111111111111111111111111111 100000000000000000000000000000000000000000000000 111111111 000000001 54 66 2 0
AVWbknx0.def 011111111111111111111111111111111111111111111111 100000000000000000000000000000000000000000000000 111111111 000000001 54 67 2 0
AVWbone0.def 011111111111111111111111111111111111111111111111 100000000000000000000000000000000000000000000000 111111111 000000001 54 68 2 0
AVWbonx0.def 011111111111111111111111111111111111111111111111 100000000000000000000000000000000000000000000000 111111111 000000001 54 69 2 0
AVWtrog0.def 011111111111111111111111111111111111111111111111 100000000000000000000000000000000000000000000000 111111111 000000001 54 70 2 0
AvWInfr.def 011111111111111111111111111111111111111111111111 100000000000000000000000000000000000000000000000 111111111 000000100 54 71 2 0
AVWharp0.def 011111111111111111111111111111111111111111111111 100000000000000000000000000000000000000000000000 111111111 000000001 54 72 2 0
AVWharx0.def 011111111111111111111111111111111111111111111111 100000000000000000000000000000000000000000000000 111111111 000000001 54 73 2 0
AVWbehl0.def 011111111111111111111111111111111111111111111111 100000000000000000000000000000000000000000000000 111111111 000000001 54 74 2 0
AVWbehx0.def 011111111111111111111111111111111111111111111111 100000000000000000000000000000000000000000000000 111111111 000000001 54 75 2 0
AvWMeds.def 011111111111111111111111111111111111111111111111 100000000000000000000000000000000000000000000000 111111111 000000100 54 76 2 0
AVWmedx0.def 011111111111111111111111111111111111111111111111 100000000000000000000000000000000000000000000000 111111111 000000001 54 77 2 0
AvWMino.def 011111111111111111111111111111111111111111111111 100000000000000000000000000000000000000000000000 111111111 000000100 54 78 2 0
AVWminx0.def 011111111111111111111111111111111111111111111111 100000000000000000000000000000000000000000000000 111111111 000000001 54 79 2 0
AVWmant0.def 011111111111111111111111111111111111111111111111 100000000000000000000000000000000000000000000000 111111111 000000001 54 80 2 0
AVWmanx0.def 011111111111111111111111111111111111111111111111 100000000000000000000000000000000000000000000000 111111111 000000001 54 81 2 0
AvWRDrg.def 011111111111111111111111111111111111111111111111 100000000000000000000000000000000000000000000000 111111111 000000100 54 82 2 0
AVWddrx0.def 011111111111111111111111111111111111111111111111 100000000000000000000000000000000000000000000000 111111111 000000001 54 83 2 0
AVWgobl0.def 011111111111111111111111111111111111111111111111 100000000000000000000000000000000000000000000000 111111111 000000001 54 84 2 0
AVWgobx0.def 011111111111111111111111111111111111111111111111 100000000000000000000000000000000000000000000000 111111111 000000001 54 85 2 0
AVWwolf0.def 011111111111111111111111111111111111111111111111 100000000000000000000000000000000000000000000000 111111111 000000001 54 86 2 0
AVWwolx0.def 011111111111111111111111111111111111111111111111 100000000000000000000000000000000000000000000000 111111111 000000001 54 87 2 0
AVWorc0.def 011111111111111111111111111111111111111111111111 100000000000000000000000000000000000000000000000 111111111 000000001 54 88 2 0
AVWorcx0.def 011111111111111111111111111111111111111111111111 100000000000000000000000000000000000000000000000 111111111 000000001 54 89 2 0
AVWogre0.def 011111111111111111111111111111111111111111111111 100000000000000000000000000000000000000000000000 111111111 000000001 54 90 2 0
AVWogrx0.def 011111111111111111111111111111111111111111111111 100000000000000000000000000000000000000000000000 111111111 000000001 54 91 2 0
AVWroc0.def 011111111111111111111111111111111111111111111111 100000000000000000000000000000000000000000000000 111111111 000000001 54 92 2 0
AVWrocx0.def 011111111111111111111111111111111111111111111111 100000000000000000000000000000000000000000000000 111111111 000000001 54 93 2 0
AVWcycl0.def 011111111111111111111111111111111111111111111111 100000000000000000000000000000000000000000000000 111111111 000000001 54 94 2 0
AVWcycx0.def 011111111111111111111111111111111111111111111111 100000000000000000000000000000000000000000000000 111111111 000000001 54 95 2 0
AVWbhmt0.def 011111111111111111111111111111111111111111111111 100000000000000000000000000000000000000000000000 111111111 000000001 54 96 2 0
AVWbhmx0.def 011111111111111111111111111111111111111111111111 100000000000000000000000000000000000000000000000 111111111 000000001 54 97 2 0
AVWgnll0.def 011111111111111111111111111111111111111111111111 100000000000000000000000000000000000000000000000 111111111 000000001 54 98 2 0
AVWgnlx0.def 011111111111111111111111111111111111111111111111 100000000000000000000000000000000000000000000000 111111111 000000001 54 99 2 0
AvWLizr.def 011111111111111111111111111111111111111111111111 100000000000000000000000000000000000000000000000 111111111 000000100 54 100 2 0
AVWlizx0.def 011111111111111111111111111111111111111111111111 100000000000000000000000000000000000000000000000 111111111 000000001 54 101 2 0
AvWDFly.def 011111111111111111111111111111111111111111111111 100000000000000000000000000000000000000000000000 111111111 000000100 54 104 2 0
AvWDFir.def 011111111111111111111111111111111111111111111111 100000000000000000000000000000000000000000000000 111111111 000000100 54 105 2 0
AvWBasl.def 011111111111111111111111111111111111111111111111 100000000000000000000000000000000000000000000000 111111111 000000100 54 106 2 0
AvWGBas.def 011111111111111111111111111111111111111111111111 100000000000000000000000000000000000000000000000 111111111 000000100 54 107 2 0
AvWGorg.def 011111111111111111111111111111111111111111111111 100000000000000000000000000000000000000000000000 111111111 000000100 54 102 2 0
AVWgorx0.def 011111111111111111111111111111111111111111111111 100000000000000000000000000000000000000000000000 111111111 000000001 54 103 2 0
AvWWyvr.def 011111111111111111111111111111111111111111111111 100000000000000000000000000000000000000000000000 111111111 000000100 54 108 2 0
AVWwyvx0.def 011111111111111111111111111111111111111111111111 100000000000000000000000000000000000000000000000 111111111 000000001 54 109 2 0
AvWHydr.def 011111111111111111111111111111111111111111111111 100000000000000000000000000000000000000000000000 111111111 000000100 54 110 2 0
AVWhydx0.def 011111111111111111111111111111111111111111111111 100000000000000000000000000000000000000000000000 111111111 000000001 54 111 2 0
AVWpixie.def 011111111111111111111111111111111111111111111111 100000000000000000000000000000000000000000000000 111111111 011111111 54 118 2 0
AVWsprit.def 011111111111111111111111111111111111111111111111 100000000000000000000000000000000000000000000000 111111111 011111111 54 119 2 0
AVWelmw0.def 011111111111111111111111111111111111111111111111 100000000000000000000000000000000000000000000000 111111111 000000001 54 115 2 0
AVWicee.def 011111111111111111111111111111111111111111111111 100000000000000000000000000000000000000000000000 111111111 011111111 54 123 2 0
AVWelme0.def 011111111111111111111111111111111111111111111111 100000000000000000000000000000000000000000000000 111111111 000000001 54 113 2 0
AVWstone.def 011111111111111111111111111111111111111111111111 100000000000000000000000000000000000000000000000 111111111 011111111 54 125 2 0
AVWelma0.def 011111111111111111111111111111111111111111111111 100000000000000000000000000000000000000000000000 111111111 000000001 54 112 2 0
AVWstorm.def 011111111111111111111111111111111111111111111111 100000000000000000000000000000000000000000000000 111111111 011111111 54 127 2 0
AVWelmf0.def 011111111111111111111111111111111111111111111111 100000000000000000000000000000000000000000000000 111111111 000000001 54 114 2 0
AVWnrg.def 011111111111111111111111111111111111111111111111 100000000000000000000000000000000000000000000000 111111111 011111111 54 129 2 0
AVWpsye.def 011111111111111111111111111111111111111111111111 100000000000000000000000000000000000000000000000 111111111 011111111 54 120 2 0
AVWmagel.def 011111111111111111111111111111111111111111111111 100000000000000000000000000000000000000000000000 111111111 011111111 54 121 2 0
AVWfbird.def 011111111111111111111111111111111111111111111111 100000000000000000000000000000000000000000000000 111111111 011111111 54 130 2 0
AVWphx.def 011111111111111111111111111111111111111111111111 100000000000000000000000000000000000000000000000 111111111 011111111 54 131 2 0
AVWglmg0.def 011111111111111111111111111111111111111111111111 100000000000000000000000000000000000000000000000 111111111 000000001 54 116 2 0
AVWglmd0.def 011111111111111111111111111111111111111111111111 100000000000000000000000000000000000000000000000 111111111 000000001 54 117 2 0
AVWazure.def 011111111111111111111111111111111111111111111111 100000000000000000000000000000000000000000000000 111111111 011111111 54 132 2 0
AVWcdrg.def 011111111111111111111111111111111111111111111111 100000000000000000000000000000000000000000000000 111111111 011111111 54 133 2 0
AVWfdrg.def 011111111111111111111111111111111111111111111111 100000000000000000000000000000000000000000000000 111111111 011111111 54 134 2 0
AVWrust.def 011111111111111111111111111111111111111111111111 100000000000000000000000000000000000000000000000 111111111 011111111 54 135 2 0
AVWench.def 011111111111111111111111111111111111111111111111 100000000000000000000000000000000000000000000000 111111111 011111111 54 136 2 0
AVWsharp.def 011111111111111111111111111111111111111111111111 100000000000000000000000000000000000000000000000 111111111 011111111 54 137 2 0
AVWhalf.def 011111111111111111111111111111111111111111111111 100000000000000000000000000000000000000000000000 111111111 011111111 54 138 2 0
AVWpeas.def 011111111111111111111111111111111111111111111111 100000000000000000000000000000000000000000000000 111111111 011111111 54 139 2 0
AVWboar.def 011111111111111111111111111111111111111111111111 100000000000000000000000000000000000000000000000 111111111 011111111 54 140 2 0
AVWmumy.def 011111111111111111111111111111111111111111111111 100000000000000000000000000000000000000000000000 111111111 011111111 54 141 2 0
AVWnomd.def 011111111111111111111111111111111111111111111111 100000000000000000000000000000000000000000000000 111111111 011111111 54 142 2 0
AVWrog.def 011111111111111111111111111111111111111111111111 100000000000000000000000000000000000000000000000 111111111 011111111 54 143 2 0
AVWtrll.def 011111111111111111111111111111111111111111111111 100000000000000000000000000000000000000000000000 111111111 011111111 54 144 2 0
AVWmrnd0.def 011111111111111111111111111111111111111111111111 100000000000000000000000000000000000000000000000 111111111 000000001 71 0 2 0
AVWmon1.def 011111111111111111111111111111111111111111111111 100000000000000000000000000000000000000000000000 111111111 000000001 72 0 2 0
AVWmon2.def 011111111111111111111111111111111111111111111111 100000000000000000000000000000000000000000000000 111111111 000000001 73 0 2 0
AVWmon3.def 011111111111111111111111111111111111111111111111 100000000000000000000000000000000000000000000000 111111111 000000001 74 0 2 0
AVWmon4.def 011111111111111111111111111111111111111111111111 100000000000000000000000000000000000000000000000 111111111 000000001 75 0 2 0
AVWmon5.def 011111111111111111111111111111111111111111111111 100000000000000000000000000000000000000000000000 111111111 000000001 162 0 2 0
AVWmon6.def 011111111111111111111111111111111111111111111111 100000000000000000000000000000000000000000000000 111111111 000000001 163 0 2 0
AVWmon7.def 011111111111111111111111111111111111111111111111 100000000000000000000000000000000000000000000000 111111111 000000001 164 0 2 0
avrcgen0.def 001111110011111111111111111111111111111111111111 110000000000000000000000000000000000000000000000 111111111 011111111 216 0 0 0
avrcgen1.def 001111110011111111111111111111111111111111111111 110000000000000000000000000000000000000000000000 111111111 011111111 217 0 0 0
avrcgen2.def 001111110011111111111111111111111111111111111111 110000000000000000000000000000000000000000000000 111111111 011111111 217 1 0 0
avrcgen3.def 001111110011111111111111111111111111111111111111 110000000000000000000000000000000000000000000000 111111111 011111111 217 2 0 0
avrcgen4.def 001111110011111111111111111111111111111111111111 110000000000000000000000000000000000000000000000 111111111 011111111 217 3 0 0
avrcgen5.def 001111110011111111111111111111111111111111111111 110000000000000000000000000000000000000000000000 111111111 011111111 217 4 0 0
avrcgen6.def 001111110011111111111111111111111111111111111111 110000000000000000000000000000000000000000000000 111111111 011111111 217 5 0 0
avrcgen7.def 001111110011111111111111111111111111111111111111 110000000000000000000000000000000000000000000000 111111111 011111111 217 6 0 0
avrcgn00.def 001111110011111111111111111111111111111111111111 110000000000000000000000000000000000000000000000 111111111 011111111 218 0 0 0
avrcgn01.def 001111110011111111111111111111111111111111111111 110000000000000000000000000000000000000000000000 111111111 011111111 218 1 0 0
avrcgn02.def 001111110011111111111111111111111111111111111111 110000000000000000000000000000000000000000000000 111111111 011111111 218 2 0 0
avrcgn03.def 001111110011111111111111111111111111111111111111 110000000000000000000000000000000000000000000000 111111111 011111111 218 3 0 0
avrcgn04.def 001111110011111111111111111111111111111111111111 110000000000000000000000000000000000000000000000 111111111 011111111 218 4 0 0
avrcgn05.def 001111110011111111111111111111111111111111111111 110000000000000000000000000000000000000000000000 111111111 011111111 218 5 0 0
avrcgn06.def 001111110011111111111111111111111111111111111111 110000000000000000000000000000000000000000000000 111111111 011111111 218 6 0 0
avrcgn07.def 001111110011111111111111111111111111111111111111 110000000000000000000000000000000000000000000000 111111111 011111111 218 7 0 0
avrcgn08.def 001111110011111111111111111111111111111111111111 110000000000000000000000000000000000000000000000 111111111 011111111 218 8 0 0
AvXAltar.def 001111111111111111111111111111111111111111111111 100000000000000000000000000000000000000000000000 111111111 011111111 2 0 0 0
AVXbnk10.def 001111111111111111111111111111111111111111111111 010000000000000000000000000000000000000000000000 111111111 011111111 16 0 0 0
AVXbnk20.def 000111111111111111111111111111111111111111111111 010000000000000000000000000000000000000000000000 111111111 011111111 16 1 0 0
AVXbnk30.def 001111111111111111111111111111111111111111111111 100000000000000000000000000000000000000000000000 111111111 011111111 16 2 0 0
AVXbnk40.def 001111111111111111111111111111111111111111111111 100000000000000000000000000000000000000000000000 111111111 011111111 16 3 0 0
AVXbnk50.def 001111111111111111111111111111111111111111111111 010000000000000000000000000000000000000000000000 111111111 010111111 16 4 0 0
AVXbnk60.def 001111111111111111111111111111111111111111111111 010000000000000000000000000000000000000000000000 111111111 011111111 16 5 0 0
AVXbnk70.def 101111111111111111111111111111111111111111111111 010000000000000000000000000000000000000000000000 111111111 011111111 16 6 0 0
AVXboat0.def 101111111111111111111111111111111111111111111111 010000000000000000000000000000000000000000000000 100000000 100000000 8 0 0 0
AVXboat1.def 101111111111111111111111111111111111111111111111 010000000000000000000000000000000000000000000000 100000000 100000000 8 1 0 0
AVXboat2.def 101111111111111111111111111111111111111111111111 010000000000000000000000000000000000000000000000 100000000 100000000 8 2 0 0
AVXbttl0.def 011111111111111111111111111111111111111111111111 100000000000000000000000000000000000000000000000 100000000 100000000 59 0 0 0
AVXccht0.def 011111111111111111111111111111111111111111111111 100000000000000000000000000000000000000000000000 100000000 100000000 82 0 0 0
adcfra.def 011111111111111111111111111111111111111111111111 100000000000000000000000000000000000000000000000 111111111 000110101 12 0 0 0
AVXcfsn0.def 011111111111111111111111111111111111111111111111 100000000000000000000000000000000000000000000000 111111111 000001000 12 0 0 0
AVXcflv0.def 011111111111111111111111111111111111111111111111 100000000000000000000000000000000000000000000000 111111111 010000000 12 0 0 0
AVXcfds0.def 011111111111111111111111111111111111111111111111 100000000000000000000000000000000000000000000000 111111111 001000010 12 0 0 0
AVXcovr0.def 001111111111111111111111111111111111111111111111 010000000000000000000000000000000000000000000000 111111111 011111111 15 0 0 0
AvXDenT.def 001111111111111111111111111111111111111111111111 100000000000000000000000000000000000000000000000 111111111 011111111 97 0 0 0
AVXdend0.def 001111111111111111111111111111111111111111111111 100000000000000000000000000000000000000000000000 111111111 011111111 97 0 0 0
AVXeyem0.def 011111111111111111111111111111111111111111111111 100000000000000000000000000000000000000000000000 111111111 011111111 27 0 0 0
AVXfyth0.def 001111110011111111111111111111111111111111111111 100000000000000000000000000000000000000000000000 111111111 000010101 31 0 0 0
AVXgyds0.def 000111111111111111111111111111111111111111111111 010000000000000000000000000000000000000000000000 111111111 000000010 84 0 0 0
AVXgyne0.def 000111111111111111111111111111111111111111111111 010000000000000000000000000000000000000000000000 111111111 000010101 84 0 0 0
AVXgysn0.def 000111111111111111111111111111111111111111111111 010000000000000000000000000000000000000000000000 111111111 000001000 84 0 0 0
AVXhild0.def 001111111111111111111111111111111111111111111111 100000000000000000000000000000000000000000000000 111111111 000000001 35 0 0 0
AVXhilg0.def 001111111111111111111111111111111111111111111111 100000000000000000000000000000000000000000000000 111111111 000000100 35 0 0 0
AVXhutm0.def 101111111111111111111111111111111111111111111111 010000000000000000000000000000000000000000000000 111111111 011111111 37 0 0 0
AVXl1sh0.def 011111111111111111111111111111111111111111111111 100000000000000000000000000000000000000000000000 111111111 011111111 88 0 0 0
AVXl2sh0.def 011111111111111111111111111111111111111111111111 100000000000000000000000000000000000000000000000 111111111 011111111 89 0 0 0
AVXl3sh0.def 011111111111111111111111111111111111111111111111 100000000000000000000000000000000000000000000000 111111111 011111111 90 0 0 0
AVXlths0.def 011111111111111111111111111111111111111111111111 100000000000000000000000000000000000000000000000 111111111 010111111 42 0 0 0
AVXmags0.def 001111111111111111111111111111111111111111111111 110000000000000000000000000000000000000000000000 111111111 000100000 48 0 0 0
AVXmapu0.def 001111111111111111111111111111111111111111111111 010000000000000000000000000000000000000000000000 111111111 001000000 13 2 0 0
AVXmaps0.def 001111111111111111111111111111111111111111111111 010000000000000000000000000000000000000000000000 111111111 010111111 13 1 0 0
AVXmapw0.def 001111111111111111111111111111111111111111111111 010000000000000000000000000000000000000000000000 111111111 100000000 13 0 0 0
AVXmerm0.def 000111111111111111111111111111111111111111111111 010000000000000000000000000000000000000000000000 100000000 100000000 52 0 0 0
AVXmktb0.def 001111111111111111111111111111111111111111111111 100000000000000000000000000000000000000000000000 111111111 011111111 7 0 0 0
AVXmn1b0.def 011111111111111111111111111111111111111111111111 100000000000000000000000000000000000000000000000 011111111 011111111 43 0 0 0
AVXmn1r0.def 011111111111111111111111111111111111111111111111 100000000000000000000000000000000000000000000000 011111111 011111111 43 1 0 0
AVXmn1y0.def 011111111111111111111111111111111111111111111111 100000000000000000000000000000000000000000000000 011111111 011111111 43 2 0 0
AVXmn4i0.def 011111111111111111111111111111111111111111111111 100000000000000000000000000000000000000000000000 011111111 011111111 43 3 0 0
AVXmn5i0.def 001111111111111111111111111111111111111111111111 010000000000000000000000000000000000000000000000 011111111 011111111 43 4 0 0
AVXmn6i0.def 001111111111111111111111111111111111111111111111 010000000000000000000000000000000000000000000000 011111111 011111111 43 5 0 0
AVXmn7i0.def 001111111111111111111111111111111111111111111111 010000000000000000000000000000000000000000000000 011111111 011111111 43 6 0 0
AVXmn8i0.def 001111111111111111111111111111111111111111111111 010000000000000000000000000000000000000000000000 011111111 011111111 43 7 0 0
AVXmx1b0.def 011111111111111111111111111111111111111111111111 100000000000000000000000000000000000000000000000 011111111 011111111 44 0 0 0
AVXmx1r0.def 011111111111111111111111111111111111111111111111 100000000000000000000000000000000000000000000000 011111111 011111111 44 1 0 0
AVXmx1y0.def 011111111111111111111111111111111111111111111111 100000000000000000000000000000000000000000000000 011111111 011111111 44 2 0 0
AVXmn4o0.def 011111111111111111111111111111111111111111111111 100000000000000000000000000000000000000000000000 011111111 011111111 44 3 0 0
AVXmn5o0.def 001111111111111111111111111111111111111111111111 010000000000000000000000000000000000000000000000 011111111 011111111 44 4 0 0
AVXmn6o0.def 001111111111111111111111111111111111111111111111 010000000000000000000000000000000000000000000000 011111111 011111111 44 5 0 0
AVXmn7o0.def 001111111111111111111111111111111111111111111111 010000000000000000000000000000000000000000000000 011111111 011111111 44 6 0 0
AVXmn8o0.def 001111111111111111111111111111111111111111111111 010000000000000000000000000000000000000000000000 011111111 011111111 44 7 0 0
AVXmn2g0.def 011111111111111111111111111111111111111111111111 100000000000000000000000000000000000000000000000 011111111 011111111 45 0 0 0
AVXmn2o0.def 011111111111111111111111111111111111111111111111 100000000000000000000000000000000000000000000000 011111111 011111111 45 1 0 0
AVXmn2p0.def 011111111111111111111111111111111111111111111111 100000000000000000000000000000000000000000000000 011111111 011111111 45 2 0 0
AVXmn4b0.def 011111111111111111111111111111111111111111111111 100000000000000000000000000000000000000000000000 011111111 011111111 45 3 0 0
AVXmn5b0.def 001111111111111111111111111111111111111111111111 010000000000000000000000000000000000000000000000 011111111 011111111 45 4 0 0
AVXmn6b0.def 001111111111111111111111111111111111111111111111 010000000000000000000000000000000000000000000000 011111111 011111111 45 5 0 0
AVXmn7b0.def 001111111111111111111111111111111111111111111111 010000000000000000000000000000000000000000000000 011111111 011111111 45 6 0 0
AVXmn8b0.def 001111111111111111111111111111111111111111111111 010000000000000000000000000000000000000000000000 011111111 011111111 45 7 0 0
AvXOblB.def 011111111111111111111111111111111111111111111111 100000000000000000000000000000000000000000000000 111111111 000010000 57 0 0 0
AvXOblG.def 011111111111111111111111111111111111111111111111 100000000000000000000000000000000000000000000000 111111111 000000001 57 0 0 0
AvXOblK.def 011111111111111111111111111111111111111111111111 100000000000000000000000000000000000000000000000 111111111 001000010 57 0 0 0
AvXOblO.def 011111111111111111111111111111111111111111111111 100000000000000000000000000000000000000000000000 111111111 000100000 57 0 0 0
AvXOblP.def 011111111111111111111111111111111111111111111111 100000000000000000000000000000000000000000000000 111111111 000001000 57 0 0 0
AvXOblW.def 011111111111111111111111111111111111111111111111 100000000000000000000000000000000000000000000000 111111111 000000100 57 0 0 0
AvXOblY.def 011111111111111111111111111111111111111111111111 100000000000000000000000000000000000000000000000 111111111 010000000 57 0 0 0
AVCgar10.def 000111111111111111111111111111111111111111111111 010000000000000000000000000000000000000000000000 111111111 011111111 33 0 0 0
AVCgar20.def 000111111111111111111111111111111111111111111111 010000000000000000000000000000000000000000000000 111111111 011111111 33 1 0 0
AVCvgr.def 011111110111111101111111111111111111111111111111 000000001000000000000000000000000000000000000000 111111111 011111111 219 0 0 0
avcvgarm.def 011111110111111101111111111111111111111111111111 000000001000000000000000000000000000000000000000 111111111 011111111 219 1 0 0
AVXbor00.def 011111111111111111111111111111111111111111111111 100000000000000000000000000000000000000000000000 111111111 011111111 9 0 0 0
AVXbor10.def 011111111111111111111111111111111111111111111111 100000000000000000000000000000000000000000000000 111111111 011111111 9 1 0 0
AVXbor20.def 011111111111111111111111111111111111111111111111 100000000000000000000000000000000000000000000000 111111111 011111111 9 2 0 0
AVXbor30.def 011111111111111111111111111111111111111111111111 100000000000000000000000000000000000000000000000 111111111 011111111 9 3 0 0
AVXbor40.def 011111111111111111111111111111111111111111111111 100000000000000000000000000000000000000000000000 111111111 011111111 9 4 0 0
AVXbor50.def 011111111111111111111111111111111111111111111111 100000000000000000000000000000000000000000000000 111111111 011111111 9 5 0 0
AVXbor60.def 011111111111111111111111111111111111111111111111 100000000000000000000000000000000000000000000000 111111111 011111111 9 6 0 0
AVXbor70.def 011111111111111111111111111111111111111111111111 100000000000000000000000000000000000000000000000 111111111 011111111 9 7 0 0
avxbor80.def 011111111111111111111111111111111111111111111111 100000000000000000000000000000000000000000000000 111111111 011111111 215 0 0 0
avxbgt00.def 000111111111111111111111111111111111111111111111 010000000000000000000000000000000000000000000000 111111111 011111111 212 0 0 0
avxbgt10.def 000111111111111111111111111111111111111111111111 010000000000000000000000000000000000000000000000 111111111 011111111 212 1 0 0
avxbgt20.def 000111111111111111111111111111111111111111111111 010000000000000000000000000000000000000000000000 111111111 011111111 212 2 0 0
avxbgt30.def 000111111111111111111111111111111111111111111111 010000000000000000000000000000000000000000000000 111111111 011111111 212 3 0 0
avxbgt40.def 000111111111111111111111111111111111111111111111 010000000000000000000000000000000000000000000000 111111111 011111111 212 4 0 0
avxbgt50.def 000111111111111111111111111111111111111111111111 010000000000000000000000000000000000000000000000 111111111 011111111 212 5 0 0
avxbgt60.def 000111111111111111111111111111111111111111111111 010000000000000000000000000000000000000000000000 111111111 011111111 212 6 0 0
avxbgt70.def 000111111111111111111111111111111111111111111111 010000000000000000000000000000000000000000000000 111111111 011111111 212 7 0 0
avxfgld.def 000111111111111111111111111111111111111111111111 010000000000000000000000000000000000000000000000 111111111 011111111 213 0 0 0
AVXkey00.def 001111111111111111111111111111111111111111111111 100000000000000000000000000000000000000000000000 111111111 011111111 10 0 0 0
AVXkey10.def 001111111111111111111111111111111111111111111111 100000000000000000000000000000000000000000000000 111111111 011111111 10 1 0 0
AVXkey20.def 001111111111111111111111111111111111111111111111 100000000000000000000000000000000000000000000000 111111111 011111111 10 2 0 0
AVXkey30.def 001111111111111111111111111111111111111111111111 100000000000000000000000000000000000000000000000 111111111 011111111 10 3 0 0
AVXkey40.def 001111111111111111111111111111111111111111111111 100000000000000000000000000000000000000000000000 111111111 011111111 10 4 0 0
AVXkey50.def 001111111111111111111111111111111111111111111111 100000000000000000000000000000000000000000000000 111111111 011111111 10 5 0 0
AVXkey60.def 001111111111111111111111111111111111111111111111 100000000000000000000000000000000000000000000000 111111111 011111111 10 6 0 0
AVXkey70.def 001111111111111111111111111111111111111111111111 100000000000000000000000000000000000000000000000 111111111 011111111 10 7 0 0
AVXosis0.def 001111110011111111111111111111111111111111111111 110000000000000000000000000000000000000000000000 111111111 000000010 56 0 0 0
AVXpllr0.def 011111111111111111111111111111111111111111111111 100000000000000000000000000000000000000000000000 111111111 001000000 60 0 0 0
AVXcrsd0.def 111111111111111111111111111111111111111111111111 000000000000000000000000000000000000000000000000 111111111 011111111 21 0 0 1
AVXcg1.def 111111111111111111111111111111111111111111111111 000000000000000000000000000000000000000000000000 111111111 011111111 223 0 0 1
AVXcg2.def 111111111111111111111111111111111111111111111111 000000000000000000000000000000000000000000000000 111111111 011111111 223 0 0 1
AVXcg3.def 111111111111111111111111111111111111111111111111 000000000000000000000000000000000000000000000000 111111111 011111111 223 0 0 1
AVXcg4.def 111111111111111111111111111111111111111111111111 000000000000000000000000000000000000000000000000 111111111 011111111 223 0 0 1
AVXcg5.def 111111111111111111111111111111111111111111111111 000000000000000000000000000000000000000000000000 111111111 011111111 223 0 0 1
AVXcg6.def 111111111111111111111111111111111111111111111111 000000000000000000000000000000000000000000000000 111111111 011111111 223 0 0 1
AVXcg7.def 111111111111111111111111111111111111111111111111 000000000000000000000000000000000000000000000000 111111111 011111111 223 0 0 1
AVXplns0.def 111111111111111111111111111111111111111111111111 000000000000000000000000000000000000000000000000 111111111 011111111 46 0 0 1
AVXmp1.def 111111111111111111111111111111111111111111111111 000000000000000000000000000000000000000000000000 111111111 011111111 230 0 0 1
AVXmp2.def 111111111111111111111111111111111111111111111111 000000000000000000000000000000000000000000000000 111111111 011111111 230 0 0 1
AVXmp3.def 111111111111111111111111111111111111111111111111 000000000000000000000000000000000000000000000000 111111111 011111111 230 0 0 1
AVXmp4.def 111111111111111111111111111111111111111111111111 000000000000000000000000000000000000000000000000 111111111 011111111 230 0 0 1
AVXmp5.def 111111111111111111111111111111111111111111111111 000000000000000000000000000000000000000000000000 111111111 011111111 230 0 0 1
AVXmp6.def 111111111111111111111111111111111111111111111111 000000000000000000000000000000000000000000000000 111111111 011111111 230 0 0 1
AVXmp7.def 111111111111111111111111111111111111111111111111 000000000000000000000000000000000000000000000000 111111111 011111111 230 0 0 1
AVXcf0.def 111111111111111111111111111111111111111111111111 000000000000000000000000000000000000000000000000 111111111 011111111 222 0 0 1
AVXcf1.def 111111111111111111111111111111111111111111111111 000000000000000000000000000000000000000000000000 111111111 011111111 222 0 0 1
AVXcf2.def 111111111111111111111111111111111111111111111111 000000000000000000000000000000000000000000000000 111111111 011111111 222 0 0 1
AVXcf3.def 111111111111111111111111111111111111111111111111 000000000000000000000000000000000000000000000000 111111111 011111111 222 0 0 1
AVXcf4.def 111111111111111111111111111111111111111111111111 000000000000000000000000000000000000000000000000 111111111 011111111 222 0 0 1
AVXcf5.def 111111111111111111111111111111111111111111111111 000000000000000000000000000000000000000000000000 111111111 011111111 222 0 0 1
AVXcf6.def 111111111111111111111111111111111111111111111111 000000000000000000000000000000000000000000000000 111111111 011111111 222 0 0 1
AVXcf7.def 111111111111111111111111111111111111111111111111 000000000000000000000000000000000000000000000000 111111111 011111111 222 0 0 1
AVXef0.def 111111111111111111111111111111111111111111111111 000000000000000000000000000000000000000000000000 111111111 011111111 224 0 0 1
AVXef1.def 111111111111111111111111111111111111111111111111 000000000000000000000000000000000000000000000000 111111111 011111111 224 0 0 1
AVXef2.def 111111111111111111111111111111111111111111111111 000000000000000000000000000000000000000000000000 111111111 011111111 224 0 0 1
AVXef3.def 111111111111111111111111111111111111111111111111 000000000000000000000000000000000000000000000000 111111111 011111111 224 0 0 1
AVXef4.def 111111111111111111111111111111111111111111111111 000000000000000000000000000000000000000000000000 111111111 011111111 224 0 0 1
AVXef5.def 111111111111111111111111111111111111111111111111 000000000000000000000000000000000000000000000000 111111111 011111111 224 0 0 1
AVXef6.def 111111111111111111111111111111111111111111111111 000000000000000000000000000000000000000000000000 111111111 011111111 224 0 0 1
AVXef7.def 111111111111111111111111111111111111111111111111 000000000000000000000000000000000000000000000000 111111111 011111111 224 0 0 1
AVXff0.def 111111111111111111111111111111111111111111111111 000000000000000000000000000000000000000000000000 111111111 011111111 226 0 0 1
AVXff1.def 111111111111111111111111111111111111111111111111 000000000000000000000000000000000000000000000000 111111111 011111111 226 0 0 1
AVXff2.def 111111111111111111111111111111111111111111111111 000000000000000000000000000000000000000000000000 111111111 011111111 226 0 0 1
AVXff3.def 111111111111111111111111111111111111111111111111 000000000000000000000000000000000000000000000000 111111111 011111111 226 0 0 1
AVXff4.def 111111111111111111111111111111111111111111111111 000000000000000000000000000000000000000000000000 111111111 011111111 226 0 0 1
AVXff5.def 111111111111111111111111111111111111111111111111 000000000000000000000000000000000000000000000000 111111111 011111111 226 0 0 1
AVXff6.def 111111111111111111111111111111111111111111111111 000000000000000000000000000000000000000000000000 111111111 011111111 226 0 0 1
AVXff7.def 111111111111111111111111111111111111111111111111 000000000000000000000000000000000000000000000000 111111111 011111111 226 0 0 1
AVXhg0.def 111111111111111111111111111111111111111111111111 000000000000000000000000000000000000000000000000 111111111 011111111 227 0 0 1
AVXhg1.def 111111111111111111111111111111111111111111111111 000000000000000000000000000000000000000000000000 111111111 011111111 227 0 0 1
AVXhg2.def 111111111111111111111111111111111111111111111111 000000000000000000000000000000000000000000000000 111111111 011111111 227 0 0 1
AVXhg3.def 111111111111111111111111111111111111111111111111 000000000000000000000000000000000000000000000000 111111111 011111111 227 0 0 1
AVXhg4.def 111111111111111111111111111111111111111111111111 000000000000000000000000000000000000000000000000 111111111 011111111 227 0 0 1
AVXhg5.def 111111111111111111111111111111111111111111111111 000000000000000000000000000000000000000000000000 111111111 011111111 227 0 0 1
AVXhg6.def 111111111111111111111111111111111111111111111111 000000000000000000000000000000000000000000000000 111111111 011111111 227 0 0 1
AVXhg7.def 111111111111111111111111111111111111111111111111 000000000000000000000000000000000000000000000000 111111111 011111111 227 0 0 1
AVXlp0.def 111111111111111111111111111111111111111111111111 000000000000000000000000000000000000000000000000 111111111 011111111 228 0 0 1
AVXlp1.def 111111111111111111111111111111111111111111111111 000000000000000000000000000000000000000000000000 111111111 011111111 228 0 0 1
AVXlp2.def 111111111111111111111111111111111111111111111111 000000000000000000000000000000000000000000000000 111111111 011111111 228 0 0 1
AVXlp3.def 111111111111111111111111111111111111111111111111 000000000000000000000000000000000000000000000000 111111111 011111111 228 0 0 1
AVXlp4.def 111111111111111111111111111111111111111111111111 000000000000000000000000000000000000000000000000 111111111 011111111 228 0 0 1
AVXlp5.def 111111111111111111111111111111111111111111111111 000000000000000000000000000000000000000000000000 111111111 011111111 228 0 0 1
AVXlp6.def 111111111111111111111111111111111111111111111111 000000000000000000000000000000000000000000000000 111111111 011111111 228 0 0 1
AVXlp7.def 111111111111111111111111111111111111111111111111 000000000000000000000000000000000000000000000000 111111111 011111111 228 0 0 1
AVXmc0.def 111111111111111111111111111111111111111111111111 000000000000000000000000000000000000000000000000 111111111 011111111 229 0 0 1
AVXmc1.def 111111111111111111111111111111111111111111111111 000000000000000000000000000000000000000000000000 111111111 011111111 229 0 0 1
AVXmc2.def 111111111111111111111111111111111111111111111111 000000000000000000000000000000000000000000000000 111111111 011111111 229 0 0 1
AVXmc3.def 111111111111111111111111111111111111111111111111 000000000000000000000000000000000000000000000000 111111111 011111111 229 0 0 1
AVXmc4.def 111111111111111111111111111111111111111111111111 000000000000000000000000000000000000000000000000 111111111 011111111 229 0 0 1
AVXmc5.def 111111111111111111111111111111111111111111111111 000000000000000000000000000000000000000000000000 111111111 011111111 229 0 0 1
AVXmc6.def 111111111111111111111111111111111111111111111111 000000000000000000000000000000000000000000000000 111111111 011111111 229 0 0 1
AVXmc7.def 111111111111111111111111111111111111111111111111 000000000000000000000000000000000000000000000000 111111111 011111111 229 0 0 1
AVXrk0.def 111111111111111111111111111111111111111111111111 000000000000000000000000000000000000000000000000 111111111 011111111 231 0 0 1
AVXrk1.def 111111111111111111111111111111111111111111111111 000000000000000000000000000000000000000000000000 111111111 011111111 231 0 0 1
AVXrk2.def 111111111111111111111111111111111111111111111111 000000000000000000000000000000000000000000000000 111111111 011111111 231 0 0 1
AVXrk3.def 111111111111111111111111111111111111111111111111 000000000000000000000000000000000000000000000000 111111111 011111111 231 0 0 1
AVXrk4.def 111111111111111111111111111111111111111111111111 000000000000000000000000000000000000000000000000 111111111 011111111 231 0 0 1
AVXrk5.def 111111111111111111111111111111111111111111111111 000000000000000000000000000000000000000000000000 111111111 011111111 231 0 0 1
AVXrk6.def 111111111111111111111111111111111111111111111111 000000000000000000000000000000000000000000000000 111111111 011111111 231 0 0 1
AVXrk7.def 111111111111111111111111111111111111111111111111 000000000000000000000000000000000000000000000000 111111111 011111111 231 0 0 1
AVXfw0.def 111111111111111111111111111111111111111111111111 000000000000000000000000000000000000000000000000 100000000 100000000 225 0 0 1
AVXfw1.def 111111111111111111111111111111111111111111111111 000000000000000000000000000000000000000000000000 100000000 100000000 225 0 0 1
AVXfw2.def 111111111111111111111111111111111111111111111111 000000000000000000000000000000000000000000000000 100000000 100000000 225 0 0 1
AVXfw3.def 111111111111111111111111111111111111111111111111 000000000000000000000000000000000000000000000000 100000000 100000000 225 0 0 1
AVXfw4.def 111111111111111111111111111111111111111111111111 000000000000000000000000000000000000000000000000 100000000 100000000 225 0 0 1
AVXfw5.def 111111111111111111111111111111111111111111111111 000000000000000000000000000000000000000000000000 100000000 100000000 225 0 0 1
AVXfw6.def 111111111111111111111111111111111111111111111111 000000000000000000000000000000000000000000000000 100000000 100000000 225 0 0 1
AVXfw7.def 111111111111111111111111111111111111111111111111 000000000000000000000000000000000000000000000000 100000000 100000000 225 0 0 1
AVXpost0.def 001111111111111111111111111111111111111111111111 100000000000000000000000000000000000000000000000 111111111 000000101 99 0 0 0
AVXpsSn.def 001111111111111111111111111111111111111111111111 100000000000000000000000000000000000000000000000 111111111 000001000 221 0 0 0
AVXprmd0.def 001111111111111111111111111111111111111111111111 100000000000000000000000000000000000000000000000 111111111 000000010 63 0 0 0
AVXprsn0.def 001111111111111111111111111111111111111111111111 100000000000000000000000000000000000000000000000 111111111 011111111 62 0 0 0
AVXpstr0.def 001111111111111111111111111111111111111111111111 100000000000000000000000000000000000000000000000 111111111 000100000 99 0 0 0
AvXRedW.def 011111111111111111111111111111111111111111111111 100000000000000000000000000000000000000000000000 111111111 010111111 58 0 0 0
AVXreds0.def 011111111111111111111111111111111111111111111111 100000000000000000000000000000000000000000000000 111111111 000001000 58 0 0 0
AVXrlly0.def 001111111111111111111111111111111111111111111111 100000000000000000000000000000000000000000000000 111111111 011111111 64 0 0 0
AVXsanc0.def 001111111111111111111111111111111111111111111111 100000000000000000000000000000000000000000000000 111111111 011111111 80 0 0 0
AVXschl0.def 011111111111111111111111111111111111111111111111 100000000000000000000000000000000000000000000000 111111111 011111111 81 0 0 0
AVXseeb0.def 101111111111111111111111111111111111111111111111 010000000000000000000000000000000000000000000000 111111111 011111111 83 2 0 0
AVXseer0.def 101111111111111111111111111111111111111111111111 010000000000000000000000000000000000000000000000 111111111 011111111 83 0 0 0
AVXseey0.def 101111111111111111111111111111111111111111111111 010000000000000000000000000000000000000000000000 111111111 011111111 83 1 0 0
AVXshyd0.def 000111111111111111111111111111111111111111111111 010000000000000000000000000000000000000000000000 011111111 011111111 87 0 0 0
AVXsirn0.def 000111111111111111111111111111111111111111111111 010000000000000000000000000000000000000000000000 100000000 100000000 92 0 0 0
AVXskds0.def 011111111111111111111111111111111111111111111111 100000000000000000000000000000000000000000000000 111111111 000100010 22 0 0 0
AVXsndg0.def 011111111111111111111111111111111111111111111111 100000000000000000000000000000000000000000000000 111111111 001000101 91 0 0 0
AVXsnds0.def 011111111111111111111111111111111111111111111111 100000000000000000000000000000000000000000000000 111111111 000100010 91 0 0 0
AVXsnlv0.def 011111111111111111111111111111111111111111111111 100000000000000000000000000000000000000000000000 111111111 010000000 91 0 0 0
AVXsnsn0.def 011111111111111111111111111111111111111111111111 100000000000000000000000000000000000000000000000 111111111 000001000 91 0 0 0
AVXsnsw0.def 011111111111111111111111111111111111111111111111 100000000000000000000000000000000000000000000000 111111111 000010000 91 0 0 0
AVXstbl0.def 001111111111111111111111111111111111111111111111 100000000000000000000000000000000000000000000000 111111111 000100101 94 0 0 0
AVXtomb0.def 001111111111111111111111111111111111111111111111 100000000000000000000000000000000000000000000000 111111111 011111111 108 0 0 0
AVXtrek0.def 101111111111111111111111111111111111111111111111 010000000000000000000000000000000000000000000000 111111111 000000101 102 0 0 0
AVXtvrn0.def 001111111111111111111111111111111111111111111111 010000000000000000000000000000000000000000000000 111111111 011111111 95 0 0 0
AVXwelg0.def 011111111111111111111111111111111111111111111111 100000000000000000000000000000000000000000000000 111111111 000010101 49 0 0 0
AVXwelr0.def 011111111111111111111111111111111111111111111111 100000000000000000000000000000000000000000000000 111111111 011100010 49 0 0 0
AVXwhrl0.def 000111110001111111111111111111111111111111111111 111000001110000000000000000000000000000000000000 100000000 100000000 111 0 0 1
AVXwlsn0.def 011111111111111111111111111111111111111111111111 100000000000000000000000000000000000000000000000 111111111 000001000 49 0 0 0
AVXwtrh0.def 000011111111111111111111111111111111111111111111 111100000000000000000000000000000000000000000000 111111111 000100000 110 0 0 0
AVZevnt0.def 011111111111111111111111111111111111111111111111 100000000000000000000000000000000000000000000000 111111111 111111111 26 0 0 0
AVZgrail.def 011111111111111111111111111111111111111111111111 100000000000000000000000000000000000000000000000 011111111 000000001 36 0 4 0
AHplace.def 101111111111111111111111111111111111111111111111 010000000000000000000000000000000000000000000000 011111111 011111111 214 0 3 0
sf1480.def 000111110001111111111111111111111111111111111111 010000000000000000000000000000000000000000000000 111111111 011111111 25 1 0 0
sf1481.def 000111110001111111111111111111111111111111111111 010000000000000000000000000000000000000000000000 111111111 011111111 25 2 0 0
sf1478.def 000111110001111111111111111111111111111111111111 010000000000000000000000000000000000000000000000 111111111 011111111 25 3 0 0
gkh2ob36.def 000111110001111111111111111111111111111111111111 010000000000000000000000000000000000000000000000 111111111 011111111 25 4 0 0
bzair.def 011111111111111111111111111111111111111111111111 100000000000000000000000000000000000000000000000 111111111 011111111 25 5 0 0
bzearth.def 011111111111111111111111111111111111111111111111 100000000000000000000000000000000000000000000000 111111111 011111111 25 6 0 0
bzfire.def 011111111111111111111111111111111111111111111111 100000000000000000000000000000000000000000000000 111111111 011111111 25 7 0 0
bzwater.def 011111111111111111111111111111111111111111111111 100000000000000000000000000000000000000000000000 111111111 011111111 25 8 0 0
holwtree.def 000111110001111111111111111111111111111111111111 010000000000000000000000000000000000000000000000 111111111 011111111 25 9 0 0
ztemple.def 000111110001111111111111111111111111111111111111 001000000000000000000000000000000000000000000000 011111111 011111111 25 10 0 0
AdvMn197.def 011111111111111111111111111111111111111111111111 100000000000000000000000000000000000000000000000 111111111 000000001 54 197 2 0 
AdvMn198.def 011111111111111111111111111111111111111111111111 100000000000000000000000000000000000000000000000 111111111 000000001 54 198 2 0 
AdvMn199.def 011111111111111111111111111111111111111111111111 100000000000000000000000000000000000000000000000 111111111 000000001 54 199 2 0 
AdvMn200.def 011111111111111111111111111111111111111111111111 100000000000000000000000000000000000000000000000 111111111 000000001 54 200 2 0 
AdvMn201.def 011111111111111111111111111111111111111111111111 100000000000000000000000000000000000000000000000 111111111 000000001 54 201 2 0 
AdvMn202.def 011111111111111111111111111111111111111111111111 100000000000000000000000000000000000000000000000 111111111 000000001 54 202 2 0 
AdvMn203.def 011111111111111111111111111111111111111111111111 100000000000000000000000000000000000000000000000 111111111 000000001 54 203 2 0 
AdvMn204.def 011111111111111111111111111111111111111111111111 100000000000000000000000000000000000000000000000 111111111 000000001 54 204 2 0 
AdvMn205.def 011111111111111111111111111111111111111111111111 100000000000000000000000000000000000000000000000 111111111 000000001 54 205 2 0 
AdvMn206.def 011111111111111111111111111111111111111111111111 100000000000000000000000000000000000000000000000 111111111 000000001 54 206 2 0 
AdvMn207.def 011111111111111111111111111111111111111111111111 100000000000000000000000000000000000000000000000 111111111 000000001 54 207 2 0 
AdvMn208.def 011111111111111111111111111111111111111111111111 100000000000000000000000000000000000000000000000 111111111 000000001 54 208 2 0 
AdvMn209.def 011111111111111111111111111111111111111111111111 100000000000000000000000000000000000000000000000 111111111 000000001 54 209 2 0 
AdvMn210.def 011111111111111111111111111111111111111111111111 100000000000000000000000000000000000000000000000 111111111 000000001 54 210 2 0 
AdvMn211.def 011111111111111111111111111111111111111111111111 100000000000000000000000000000000000000000000000 111111111 000000001 54 211 2 0 
AdvMn212.def 011111111111111111111111111111111111111111111111 100000000000000000000000000000000000000000000000 111111111 000000001 54 212 2 0 
AdvMn213.def 011111111111111111111111111111111111111111111111 100000000000000000000000000000000000000000000000 111111111 000000001 54 213 2 0 
AdvMn214.def 011111111111111111111111111111111111111111111111 100000000000000000000000000000000000000000000000 111111111 000000001 54 214 2 0 
AdvMn215.def 011111111111111111111111111111111111111111111111 100000000000000000000000000000000000000000000000 111111111 000000001 54 215 2 0 
AdvMn216.def 011111111111111111111111111111111111111111111111 100000000000000000000000000000000000000000000000 111111111 000000001 54 216 2 0 
AdvMn217.def 011111111111111111111111111111111111111111111111 100000000000000000000000000000000000000000000000 111111111 000000001 54 217 2 0 
AdvMn218.def 011111111111111111111111111111111111111111111111 100000000000000000000000000000000000000000000000 111111111 000000001 54 218 2 0 
AdvMn219.def 011111111111111111111111111111111111111111111111 100000000000000000000000000000000000000000000000 111111111 000000001 54 219 2 0 
AdvMn220.def 011111111111111111111111111111111111111111111111 100000000000000000000000000000000000000000000000 111111111 000000001 54 220 2 0 
AdvMn221.def 011111111111111111111111111111111111111111111111 100000000000000000000000000000000000000000000000 111111111 000000001 54 221 2 0 
AdvMn222.def 011111111111111111111111111111111111111111111111 100000000000000000000000000000000000000000000000 111111111 000000001 54 222 2 0 
AdvMn223.def 011111111111111111111111111111111111111111111111 100000000000000000000000000000000000000000000000 111111111 000000001 54 223 2 0 
AdvMn224.def 011111111111111111111111111111111111111111111111 100000000000000000000000000000000000000000000000 111111111 000000001 54 224 2 0 
AdvMn225.def 011111111111111111111111111111111111111111111111 100000000000000000000000000000000000000000000000 111111111 000000001 54 225 2 0 
AdvMn226.def 011111111111111111111111111111111111111111111111 100000000000000000000000000000000000000000000000 111111111 000000001 54 226 2 0 
AdvMn227.def 011111111111111111111111111111111111111111111111 100000000000000000000000000000000000000000000000 111111111 000000001 54 227 2 0 
AdvMn228.def 011111111111111111111111111111111111111111111111 100000000000000000000000000000000000000000000000 111111111 000000001 54 228 2 0 
AdvMn229.def 011111111111111111111111111111111111111111111111 100000000000000000000000000000000000000000000000 111111111 000000001 54 229 2 0 
AdvMn230.def 011111111111111111111111111111111111111111111111 100000000000000000000000000000000000000000000000 111111111 000000001 54 230 2 0 
AdvMn231.def 011111111111111111111111111111111111111111111111 100000000000000000000000000000000000000000000000 111111111 000000001 54 231 2 0 
AdvMn232.def 011111111111111111111111111111111111111111111111 100000000000000000000000000000000000000000000000 111111111 000000001 54 232 2 0 
AdvMn233.def 011111111111111111111111111111111111111111111111 100000000000000000000000000000000000000000000000 111111111 000000001 54 233 2 0 
AdvMn234.def 011111111111111111111111111111111111111111111111 100000000000000000000000000000000000000000000000 111111111 000000001 54 234 2 0 
AdvMn235.def 011111111111111111111111111111111111111111111111 100000000000000000000000000000000000000000000000 111111111 000000001 54 235 2 0 
AdvMn236.def 011111111111111111111111111111111111111111111111 100000000000000000000000000000000000000000000000 111111111 000000001 54 236 2 0 
AdvMn237.def 011111111111111111111111111111111111111111111111 100000000000000000000000000000000000000000000000 111111111 000000001 54 237 2 0 
AdvMn238.def 011111111111111111111111111111111111111111111111 100000000000000000000000000000000000000000000000 111111111 000000001 54 238 2 0 
AdvMn239.def 011111111111111111111111111111111111111111111111 100000000000000000000000000000000000000000000000 111111111 000000001 54 239 2 0 
AdvMn240.def 011111111111111111111111111111111111111111111111 100000000000000000000000000000000000000000000000 111111111 000000001 54 240 2 0 
AdvMn241.def 011111111111111111111111111111111111111111111111 100000000000000000000000000000000000000000000000 111111111 000000001 54 241 2 0 
AdvMn242.def 011111111111111111111111111111111111111111111111 100000000000000000000000000000000000000000000000 111111111 000000001 54 242 2 0 
AdvMn243.def 011111111111111111111111111111111111111111111111 100000000000000000000000000000000000000000000000 111111111 000000001 54 243 2 0 
AdvMn244.def 011111111111111111111111111111111111111111111111 100000000000000000000000000000000000000000000000 111111111 000000001 54 244 2 0 
AdvMn245.def 011111111111111111111111111111111111111111111111 100000000000000000000000000000000000000000000000 111111111 000000001 54 245 2 0 
AdvMn246.def 011111111111111111111111111111111111111111111111 100000000000000000000000000000000000000000000000 111111111 000000001 54 246 2 0 
AdvMn247.def 011111111111111111111111111111111111111111111111 100000000000000000000000000000000000000000000000 111111111 000000001 54 247 2 0 
AdvMn248.def 011111111111111111111111111111111111111111111111 100000000000000000000000000000000000000000000000 111111111 000000001 54 248 2 0 
AdvMn249.def 011111111111111111111111111111111111111111111111 100000000000000000000000000000000000000000000000 111111111 000000001 54 249 2 0 
AdvMn250.def 011111111111111111111111111111111111111111111111 100000000000000000000000000000000000000000000000 111111111 000000001 54 250 2 0 
AdvMn251.def 011111111111111111111111111111111111111111111111 100000000000000000000000000000000000000000000000 111111111 000000001 54 251 2 0 
AdvMn252.def 011111111111111111111111111111111111111111111111 100000000000000000000000000000000000000000000000 111111111 000000001 54 252 2 0 
AdvMn253.def 011111111111111111111111111111111111111111111111 100000000000000000000000000000000000000000000000 111111111 000000001 54 253 2 0 
AdvMn254.def 011111111111111111111111111111111111111111111111 100000000000000000000000000000000000000000000000 111111111 000000001 54 254 2 0 
AdvMn255.def 011111111111111111111111111111111111111111111111 100000000000000000000000000000000000000000000000 111111111 000000001 54 255 2 0 
AdvMn256.def 011111111111111111111111111111111111111111111111 100000000000000000000000000000000000000000000000 111111111 000000001 54 256 2 0 
AdvMn257.def 011111111111111111111111111111111111111111111111 100000000000000000000000000000000000000000000000 111111111 000000001 54 257 2 0 
AdvMn258.def 011111111111111111111111111111111111111111111111 100000000000000000000000000000000000000000000000 111111111 000000001 54 258 2 0 
AdvMn259.def 011111111111111111111111111111111111111111111111 100000000000000000000000000000000000000000000000 111111111 000000001 54 259 2 0 
AdvMn260.def 011111111111111111111111111111111111111111111111 100000000000000000000000000000000000000000000000 111111111 000000001 54 260 2 0 
AdvMn261.def 011111111111111111111111111111111111111111111111 100000000000000000000000000000000000000000000000 111111111 000000001 54 261 2 0 
AdvMn262.def 011111111111111111111111111111111111111111111111 100000000000000000000000000000000000000000000000 111111111 000000001 54 262 2 0 
AdvMn263.def 011111111111111111111111111111111111111111111111 100000000000000000000000000000000000000000000000 111111111 000000001 54 263 2 0 
AdvMn264.def 011111111111111111111111111111111111111111111111 100000000000000000000000000000000000000000000000 111111111 000000001 54 264 2 0 
AdvMn265.def 011111111111111111111111111111111111111111111111 100000000000000000000000000000000000000000000000 111111111 000000001 54 265 2 0 
AdvMn266.def 011111111111111111111111111111111111111111111111 100000000000000000000000000000000000000000000000 111111111 000000001 54 266 2 0 
AdvMn267.def 011111111111111111111111111111111111111111111111 100000000000000000000000000000000000000000000000 111111111 000000001 54 267 2 0 
AdvMn268.def 011111111111111111111111111111111111111111111111 100000000000000000000000000000000000000000000000 111111111 000000001 54 268 2 0 
AdvMn269.def 011111111111111111111111111111111111111111111111 100000000000000000000000000000000000000000000000 111111111 000000001 54 269 2 0 
AdvMn270.def 011111111111111111111111111111111111111111111111 100000000000000000000000000000000000000000000000 111111111 000000001 54 270 2 0 
AdvMn271.def 011111111111111111111111111111111111111111111111 100000000000000000000000000000000000000000000000 111111111 000000001 54 271 2 0 
AdvMn272.def 011111111111111111111111111111111111111111111111 100000000000000000000000000000000000000000000000 111111111 000000001 54 272 2 0 
AdvMn273.def 011111111111111111111111111111111111111111111111 100000000000000000000000000000000000000000000000 111111111 000000001 54 273 2 0 
AdvMn274.def 011111111111111111111111111111111111111111111111 100000000000000000000000000000000000000000000000 111111111 000000001 54 274 2 0 
AdvMn275.def 011111111111111111111111111111111111111111111111 100000000000000000000000000000000000000000000000 111111111 000000001 54 275 2 0 
AdvMn276.def 011111111111111111111111111111111111111111111111 100000000000000000000000000000000000000000000000 111111111 000000001 54 276 2 0 
AdvMn277.def 011111111111111111111111111111111111111111111111 100000000000000000000000000000000000000000000000 111111111 000000001 54 277 2 0 
AdvMn278.def 011111111111111111111111111111111111111111111111 100000000000000000000000000000000000000000000000 111111111 000000001 54 278 2 0 
AdvMn279.def 011111111111111111111111111111111111111111111111 100000000000000000000000000000000000000000000000 111111111 000000001 54 279 2 0 
AdvMn280.def 011111111111111111111111111111111111111111111111 100000000000000000000000000000000000000000000000 111111111 000000001 54 280 2 0 
AdvMn281.def 011111111111111111111111111111111111111111111111 100000000000000000000000000000000000000000000000 111111111 000000001 54 281 2 0 
AdvMn282.def 011111111111111111111111111111111111111111111111 100000000000000000000000000000000000000000000000 111111111 000000001 54 282 2 0 
AdvMn283.def 011111111111111111111111111111111111111111111111 100000000000000000000000000000000000000000000000 111111111 000000001 54 283 2 0 
AdvMn284.def 011111111111111111111111111111111111111111111111 100000000000000000000000000000000000000000000000 111111111 000000001 54 284 2 0 
AdvMn285.def 011111111111111111111111111111111111111111111111 100000000000000000000000000000000000000000000000 111111111 000000001 54 285 2 0 
AdvMn286.def 011111111111111111111111111111111111111111111111 100000000000000000000000000000000000000000000000 111111111 000000001 54 286 2 0 
AdvMn287.def 011111111111111111111111111111111111111111111111 100000000000000000000000000000000000000000000000 111111111 000000001 54 287 2 0 
AdvMn288.def 011111111111111111111111111111111111111111111111 100000000000000000000000000000000000000000000000 111111111 000000001 54 288 2 0 
AdvMn289.def 011111111111111111111111111111111111111111111111 100000000000000000000000000000000000000000000000 111111111 000000001 54 289 2 0 
AdvMn290.def 011111111111111111111111111111111111111111111111 100000000000000000000000000000000000000000000000 111111111 000000001 54 290 2 0 
AdvMn291.def 011111111111111111111111111111111111111111111111 100000000000000000000000000000000000000000000000 111111111 000000001 54 291 2 0 
AdvMn292.def 011111111111111111111111111111111111111111111111 100000000000000000000000000000000000000000000000 111111111 000000001 54 292 2 0 
AdvMn293.def 011111111111111111111111111111111111111111111111 100000000000000000000000000000000000000000000000 111111111 000000001 54 293 2 0 
AdvMn294.def 011111111111111111111111111111111111111111111111 100000000000000000000000000000000000000000000000 111111111 000000001 54 294 2 0 
AdvMn295.def 011111111111111111111111111111111111111111111111 100000000000000000000000000000000000000000000000 111111111 000000001 54 295 2 0 
AdvMn296.def 011111111111111111111111111111111111111111111111 100000000000000000000000000000000000000000000000 111111111 000000001 54 296 2 0 
AdvMn297.def 011111111111111111111111111111111111111111111111 100000000000000000000000000000000000000000000000 111111111 000000001 54 297 2 0 
AdvMn298.def 011111111111111111111111111111111111111111111111 100000000000000000000000000000000000000000000000 111111111 000000001 54 298 2 0 
AdvMn299.def 011111111111111111111111111111111111111111111111 100000000000000000000000000000000000000000000000 111111111 000000001 54 299 2 0 
AdvMn300.def 011111111111111111111111111111111111111111111111 100000000000000000000000000000000000000000000000 111111111 000000001 54 300 2 0 
AdvMn301.def 011111111111111111111111111111111111111111111111 100000000000000000000000000000000000000000000000 111111111 000000001 54 301 2 0 
AdvMn302.def 011111111111111111111111111111111111111111111111 100000000000000000000000000000000000000000000000 111111111 000000001 54 302 2 0 
AdvMn303.def 011111111111111111111111111111111111111111111111 100000000000000000000000000000000000000000000000 111111111 000000001 54 303 2 0 
AdvMn304.def 011111111111111111111111111111111111111111111111 100000000000000000000000000000000000000000000000 111111111 000000001 54 304 2 0 
AdvMn305.def 011111111111111111111111111111111111111111111111 100000000000000000000000000000000000000000000000 111111111 000000001 54 305 2 0 
AdvMn306.def 011111111111111111111111111111111111111111111111 100000000000000000000000000000000000000000000000 111111111 000000001 54 306 2 0 
AdvMn307.def 011111111111111111111111111111111111111111111111 100000000000000000000000000000000000000000000000 111111111 000000001 54 307 2 0 
AdvMn308.def 011111111111111111111111111111111111111111111111 100000000000000000000000000000000000000000000000 111111111 000000001 54 308 2 0 
AdvMn309.def 011111111111111111111111111111111111111111111111 100000000000000000000000000000000000000000000000 111111111 000000001 54 309 2 0 
AdvMn310.def 011111111111111111111111111111111111111111111111 100000000000000000000000000000000000000000000000 111111111 000000001 54 310 2 0 
AdvMn311.def 011111111111111111111111111111111111111111111111 100000000000000000000000000000000000000000000000 111111111 000000001 54 311 2 0 
AdvMn312.def 011111111111111111111111111111111111111111111111 100000000000000000000000000000000000000000000000 111111111 000000001 54 312 2 0 
AdvMn313.def 011111111111111111111111111111111111111111111111 100000000000000000000000000000000000000000000000 111111111 000000001 54 313 2 0 
AdvMn314.def 011111111111111111111111111111111111111111111111 100000000000000000000000000000000000000000000000 111111111 000000001 54 314 2 0 
AdvMn315.def 011111111111111111111111111111111111111111111111 100000000000000000000000000000000000000000000000 111111111 000000001 54 315 2 0 
AdvMn316.def 011111111111111111111111111111111111111111111111 100000000000000000000000000000000000000000000000 111111111 000000001 54 316 2 0 
AdvMn317.def 011111111111111111111111111111111111111111111111 100000000000000000000000000000000000000000000000 111111111 000000001 54 317 2 0 
AdvMn318.def 011111111111111111111111111111111111111111111111 100000000000000000000000000000000000000000000000 111111111 000000001 54 318 2 0 
AdvMn319.def 011111111111111111111111111111111111111111111111 100000000000000000000000000000000000000000000000 111111111 000000001 54 319 2 0 
AdvMn320.def 011111111111111111111111111111111111111111111111 100000000000000000000000000000000000000000000000 111111111 000000001 54 320 2 0 
AdvMn321.def 011111111111111111111111111111111111111111111111 100000000000000000000000000000000000000000000000 111111111 000000001 54 321 2 0 
AdvMn322.def 011111111111111111111111111111111111111111111111 100000000000000000000000000000000000000000000000 111111111 000000001 54 322 2 0 
AdvMn323.def 011111111111111111111111111111111111111111111111 100000000000000000000000000000000000000000000000 111111111 000000001 54 323 2 0 
AdvMn324.def 011111111111111111111111111111111111111111111111 100000000000000000000000000000000000000000000000 111111111 000000001 54 324 2 0 
AdvMn325.def 011111111111111111111111111111111111111111111111 100000000000000000000000000000000000000000000000 111111111 000000001 54 325 2 0 
AdvMn326.def 011111111111111111111111111111111111111111111111 100000000000000000000000000000000000000000000000 111111111 000000001 54 326 2 0 
AdvMn327.def 011111111111111111111111111111111111111111111111 100000000000000000000000000000000000000000000000 111111111 000000001 54 327 2 0 
AdvMn328.def 011111111111111111111111111111111111111111111111 100000000000000000000000000000000000000000000000 111111111 000000001 54 328 2 0 
AdvMn329.def 011111111111111111111111111111111111111111111111 100000000000000000000000000000000000000000000000 111111111 000000001 54 329 2 0 
AdvMn330.def 011111111111111111111111111111111111111111111111 100000000000000000000000000000000000000000000000 111111111 000000001 54 330 2 0 
AdvMn331.def 011111111111111111111111111111111111111111111111 100000000000000000000000000000000000000000000000 111111111 000000001 54 331 2 0 
AdvMn332.def 011111111111111111111111111111111111111111111111 100000000000000000000000000000000000000000000000 111111111 000000001 54 332 2 0 
AdvMn333.def 011111111111111111111111111111111111111111111111 100000000000000000000000000000000000000000000000 111111111 000000001 54 333 2 0 
AdvMn334.def 011111111111111111111111111111111111111111111111 100000000000000000000000000000000000000000000000 111111111 000000001 54 334 2 0 
AdvMn335.def 011111111111111111111111111111111111111111111111 100000000000000000000000000000000000000000000000 111111111 000000001 54 335 2 0 
AdvMn336.def 011111111111111111111111111111111111111111111111 100000000000000000000000000000000000000000000000 111111111 000000001 54 336 2 0 
AdvMn337.def 011111111111111111111111111111111111111111111111 100000000000000000000000000000000000000000000000 111111111 000000001 54 337 2 0 
AdvMn338.def 011111111111111111111111111111111111111111111111 100000000000000000000000000000000000000000000000 111111111 000000001 54 338 2 0 
AdvMn339.def 011111111111111111111111111111111111111111111111 100000000000000000000000000000000000000000000000 111111111 000000001 54 339 2 0 
AdvMn340.def 011111111111111111111111111111111111111111111111 100000000000000000000000000000000000000000000000 111111111 000000001 54 340 2 0 
AdvMn341.def 011111111111111111111111111111111111111111111111 100000000000000000000000000000000000000000000000 111111111 000000001 54 341 2 0 
AdvMn342.def 011111111111111111111111111111111111111111111111 100000000000000000000000000000000000000000000000 111111111 000000001 54 342 2 0 
AdvMn343.def 011111111111111111111111111111111111111111111111 100000000000000000000000000000000000000000000000 111111111 000000001 54 343 2 0 
AdvMn344.def 011111111111111111111111111111111111111111111111 100000000000000000000000000000000000000000000000 111111111 000000001 54 344 2 0 
AdvMn345.def 011111111111111111111111111111111111111111111111 100000000000000000000000000000000000000000000000 111111111 000000001 54 345 2 0 
AdvMn346.def 011111111111111111111111111111111111111111111111 100000000000000000000000000000000000000000000000 111111111 000000001 54 346 2 0 
AdvMn347.def 011111111111111111111111111111111111111111111111 100000000000000000000000000000000000000000000000 111111111 000000001 54 347 2 0 
AdvMn348.def 011111111111111111111111111111111111111111111111 100000000000000000000000000000000000000000000000 111111111 000000001 54 348 2 0 
AdvMn349.def 011111111111111111111111111111111111111111111111 100000000000000000000000000000000000000000000000 111111111 000000001 54 349 2 0 
AdvMn350.def 011111111111111111111111111111111111111111111111 100000000000000000000000000000000000000000000000 111111111 000000001 54 350 2 0 
AdvMn351.def 011111111111111111111111111111111111111111111111 100000000000000000000000000000000000000000000000 111111111 000000001 54 351 2 0 
AdvMn352.def 011111111111111111111111111111111111111111111111 100000000000000000000000000000000000000000000000 111111111 000000001 54 352 2 0 
AdvMn353.def 011111111111111111111111111111111111111111111111 100000000000000000000000000000000000000000000000 111111111 000000001 54 353 2 0 
AdvMn354.def 011111111111111111111111111111111111111111111111 100000000000000000000000000000000000000000000000 111111111 000000001 54 354 2 0 
AdvMn355.def 011111111111111111111111111111111111111111111111 100000000000000000000000000000000000000000000000 111111111 000000001 54 355 2 0 
AdvMn356.def 011111111111111111111111111111111111111111111111 100000000000000000000000000000000000000000000000 111111111 000000001 54 356 2 0 
AdvMn357.def 011111111111111111111111111111111111111111111111 100000000000000000000000000000000000000000000000 111111111 000000001 54 357 2 0 
AdvMn358.def 011111111111111111111111111111111111111111111111 100000000000000000000000000000000000000000000000 111111111 000000001 54 358 2 0 
AdvMn359.def 011111111111111111111111111111111111111111111111 100000000000000000000000000000000000000000000000 111111111 000000001 54 359 2 0 
AdvMn360.def 011111111111111111111111111111111111111111111111 100000000000000000000000000000000000000000000000 111111111 000000001 54 360 2 0 
AdvMn361.def 011111111111111111111111111111111111111111111111 100000000000000000000000000000000000000000000000 111111111 000000001 54 361 2 0 
AdvMn362.def 011111111111111111111111111111111111111111111111 100000000000000000000000000000000000000000000000 111111111 000000001 54 362 2 0 
AdvMn363.def 011111111111111111111111111111111111111111111111 100000000000000000000000000000000000000000000000 111111111 000000001 54 363 2 0 
AdvMn364.def 011111111111111111111111111111111111111111111111 100000000000000000000000000000000000000000000000 111111111 000000001 54 364 2 0 
AdvMn365.def 011111111111111111111111111111111111111111111111 100000000000000000000000000000000000000000000000 111111111 000000001 54 365 2 0 
AdvMn366.def 011111111111111111111111111111111111111111111111 100000000000000000000000000000000000000000000000 111111111 000000001 54 366 2 0 
AdvMn367.def 011111111111111111111111111111111111111111111111 100000000000000000000000000000000000000000000000 111111111 000000001 54 367 2 0 
AdvMn368.def 011111111111111111111111111111111111111111111111 100000000000000000000000000000000000000000000000 111111111 000000001 54 368 2 0 
AdvMn369.def 011111111111111111111111111111111111111111111111 100000000000000000000000000000000000000000000000 111111111 000000001 54 369 2 0 
AdvMn370.def 011111111111111111111111111111111111111111111111 100000000000000000000000000000000000000000000000 111111111 000000001 54 370 2 0 
AdvMn371.def 011111111111111111111111111111111111111111111111 100000000000000000000000000000000000000000000000 111111111 000000001 54 371 2 0 
AdvMn372.def 011111111111111111111111111111111111111111111111 100000000000000000000000000000000000000000000000 111111111 000000001 54 372 2 0 
AdvMn373.def 011111111111111111111111111111111111111111111111 100000000000000000000000000000000000000000000000 111111111 000000001 54 373 2 0 
AdvMn374.def 011111111111111111111111111111111111111111111111 100000000000000000000000000000000000000000000000 111111111 000000001 54 374 2 0 
AdvMn375.def 011111111111111111111111111111111111111111111111 100000000000000000000000000000000000000000000000 111111111 000000001 54 375 2 0 
AdvMn376.def 011111111111111111111111111111111111111111111111 100000000000000000000000000000000000000000000000 111111111 000000001 54 376 2 0 
AdvMn377.def 011111111111111111111111111111111111111111111111 100000000000000000000000000000000000000000000000 111111111 000000001 54 377 2 0 
AdvMn378.def 011111111111111111111111111111111111111111111111 100000000000000000000000000000000000000000000000 111111111 000000001 54 378 2 0 
AdvMn379.def 011111111111111111111111111111111111111111111111 100000000000000000000000000000000000000000000000 111111111 000000001 54 379 2 0 
AdvMn380.def 011111111111111111111111111111111111111111111111 100000000000000000000000000000000000000000000000 111111111 000000001 54 380 2 0 
AdvMn381.def 011111111111111111111111111111111111111111111111 100000000000000000000000000000000000000000000000 111111111 000000001 54 381 2 0 
AdvMn382.def 011111111111111111111111111111111111111111111111 100000000000000000000000000000000000000000000000 111111111 000000001 54 382 2 0 
AdvMn383.def 011111111111111111111111111111111111111111111111 100000000000000000000000000000000000000000000000 111111111 000000001 54 383 2 0 
AdvMn384.def 011111111111111111111111111111111111111111111111 100000000000000000000000000000000000000000000000 111111111 000000001 54 384 2 0 
AdvMn385.def 011111111111111111111111111111111111111111111111 100000000000000000000000000000000000000000000000 111111111 000000001 54 385 2 0 
AdvMn386.def 011111111111111111111111111111111111111111111111 100000000000000000000000000000000000000000000000 111111111 000000001 54 386 2 0 
AdvMn387.def 011111111111111111111111111111111111111111111111 100000000000000000000000000000000000000000000000 111111111 000000001 54 387 2 0 
AdvMn388.def 011111111111111111111111111111111111111111111111 100000000000000000000000000000000000000000000000 111111111 000000001 54 388 2 0 
AdvMn389.def 011111111111111111111111111111111111111111111111 100000000000000000000000000000000000000000000000 111111111 000000001 54 389 2 0 
AdvMn390.def 011111111111111111111111111111111111111111111111 100000000000000000000000000000000000000000000000 111111111 000000001 54 390 2 0 
AdvMn391.def 011111111111111111111111111111111111111111111111 100000000000000000000000000000000000000000000000 111111111 000000001 54 391 2 0 
AdvMn392.def 011111111111111111111111111111111111111111111111 100000000000000000000000000000000000000000000000 111111111 000000001 54 392 2 0 
AdvMn393.def 011111111111111111111111111111111111111111111111 100000000000000000000000000000000000000000000000 111111111 000000001 54 393 2 0 
AdvMn394.def 011111111111111111111111111111111111111111111111 100000000000000000000000000000000000000000000000 111111111 000000001 54 394 2 0 
AdvMn395.def 011111111111111111111111111111111111111111111111 100000000000000000000000000000000000000000000000 111111111 000000001 54 395 2 0 
AdvMn396.def 011111111111111111111111111111111111111111111111 100000000000000000000000000000000000000000000000 111111111 000000001 54 396 2 0 
AdvMn397.def 011111111111111111111111111111111111111111111111 100000000000000000000000000000000000000000000000 111111111 000000001 54 397 2 0 
AdvMn398.def 011111111111111111111111111111111111111111111111 100000000000000000000000000000000000000000000000 111111111 000000001 54 398 2 0 
AdvMn399.def 011111111111111111111111111111111111111111111111 100000000000000000000000000000000000000000000000 111111111 000000001 54 399 2 0 
AdvMn400.def 011111111111111111111111111111111111111111111111 100000000000000000000000000000000000000000000000 111111111 000000001 54 400 2 0 
AdvMn401.def 011111111111111111111111111111111111111111111111 100000000000000000000000000000000000000000000000 111111111 000000001 54 401 2 0 
AdvMn402.def 011111111111111111111111111111111111111111111111 100000000000000000000000000000000000000000000000 111111111 000000001 54 402 2 0 
AdvMn403.def 011111111111111111111111111111111111111111111111 100000000000000000000000000000000000000000000000 111111111 000000001 54 403 2 0 
AdvMn404.def 011111111111111111111111111111111111111111111111 100000000000000000000000000000000000000000000000 111111111 000000001 54 404 2 0 
AdvMn405.def 011111111111111111111111111111111111111111111111 100000000000000000000000000000000000000000000000 111111111 000000001 54 405 2 0 
AdvMn406.def 011111111111111111111111111111111111111111111111 100000000000000000000000000000000000000000000000 111111111 000000001 54 406 2 0 
AdvMn407.def 011111111111111111111111111111111111111111111111 100000000000000000000000000000000000000000000000 111111111 000000001 54 407 2 0 
AdvMn408.def 011111111111111111111111111111111111111111111111 100000000000000000000000000000000000000000000000 111111111 000000001 54 408 2 0 
AdvMn409.def 011111111111111111111111111111111111111111111111 100000000000000000000000000000000000000000000000 111111111 000000001 54 409 2 0 
AdvMn410.def 011111111111111111111111111111111111111111111111 100000000000000000000000000000000000000000000000 111111111 000000001 54 410 2 0 
AdvMn411.def 011111111111111111111111111111111111111111111111 100000000000000000000000000000000000000000000000 111111111 000000001 54 411 2 0 
AdvMn412.def 011111111111111111111111111111111111111111111111 100000000000000000000000000000000000000000000000 111111111 000000001 54 412 2 0 
AdvMn413.def 011111111111111111111111111111111111111111111111 100000000000000000000000000000000000000000000000 111111111 000000001 54 413 2 0 
AdvMn414.def 011111111111111111111111111111111111111111111111 100000000000000000000000000000000000000000000000 111111111 000000001 54 414 2 0 
AdvMn415.def 011111111111111111111111111111111111111111111111 100000000000000000000000000000000000000000000000 111111111 000000001 54 415 2 0 
AdvMn416.def 011111111111111111111111111111111111111111111111 100000000000000000000000000000000000000000000000 111111111 000000001 54 416 2 0 
AdvMn417.def 011111111111111111111111111111111111111111111111 100000000000000000000000000000000000000000000000 111111111 000000001 54 417 2 0 
AdvMn418.def 011111111111111111111111111111111111111111111111 100000000000000000000000000000000000000000000000 111111111 000000001 54 418 2 0 
AdvMn419.def 011111111111111111111111111111111111111111111111 100000000000000000000000000000000000000000000000 111111111 000000001 54 419 2 0 
AdvMn420.def 011111111111111111111111111111111111111111111111 100000000000000000000000000000000000000000000000 111111111 000000001 54 420 2 0 
AdvMn421.def 011111111111111111111111111111111111111111111111 100000000000000000000000000000000000000000000000 111111111 000000001 54 421 2 0 
AdvMn422.def 011111111111111111111111111111111111111111111111 100000000000000000000000000000000000000000000000 111111111 000000001 54 422 2 0 
AdvMn423.def 011111111111111111111111111111111111111111111111 100000000000000000000000000000000000000000000000 111111111 000000001 54 423 2 0 
AdvMn424.def 011111111111111111111111111111111111111111111111 100000000000000000000000000000000000000000000000 111111111 000000001 54 424 2 0 
AdvMn425.def 011111111111111111111111111111111111111111111111 100000000000000000000000000000000000000000000000 111111111 000000001 54 425 2 0 
AdvMn426.def 011111111111111111111111111111111111111111111111 100000000000000000000000000000000000000000000000 111111111 000000001 54 426 2 0 
AdvMn427.def 011111111111111111111111111111111111111111111111 100000000000000000000000000000000000000000000000 111111111 000000001 54 427 2 0 
AdvMn428.def 011111111111111111111111111111111111111111111111 100000000000000000000000000000000000000000000000 111111111 000000001 54 428 2 0 
AdvMn429.def 011111111111111111111111111111111111111111111111 100000000000000000000000000000000000000000000000 111111111 000000001 54 429 2 0 
AdvMn430.def 011111111111111111111111111111111111111111111111 100000000000000000000000000000000000000000000000 111111111 000000001 54 430 2 0 
AdvMn431.def 011111111111111111111111111111111111111111111111 100000000000000000000000000000000000000000000000 111111111 000000001 54 431 2 0 
AdvMn432.def 011111111111111111111111111111111111111111111111 100000000000000000000000000000000000000000000000 111111111 000000001 54 432 2 0 
AdvMn433.def 011111111111111111111111111111111111111111111111 100000000000000000000000000000000000000000000000 111111111 000000001 54 433 2 0 
AdvMn434.def 011111111111111111111111111111111111111111111111 100000000000000000000000000000000000000000000000 111111111 000000001 54 434 2 0 
AdvMn435.def 011111111111111111111111111111111111111111111111 100000000000000000000000000000000000000000000000 111111111 000000001 54 435 2 0 
AdvMn436.def 011111111111111111111111111111111111111111111111 100000000000000000000000000000000000000000000000 111111111 000000001 54 436 2 0 
AdvMn437.def 011111111111111111111111111111111111111111111111 100000000000000000000000000000000000000000000000 111111111 000000001 54 437 2 0 
AdvMn438.def 011111111111111111111111111111111111111111111111 100000000000000000000000000000000000000000000000 111111111 000000001 54 438 2 0 
AdvMn439.def 011111111111111111111111111111111111111111111111 100000000000000000000000000000000000000000000000 111111111 000000001 54 439 2 0 
AdvMn440.def 011111111111111111111111111111111111111111111111 100000000000000000000000000000000000000000000000 111111111 000000001 54 440 2 0 
AdvMn441.def 011111111111111111111111111111111111111111111111 100000000000000000000000000000000000000000000000 111111111 000000001 54 441 2 0 
AdvMn442.def 011111111111111111111111111111111111111111111111 100000000000000000000000000000000000000000000000 111111111 000000001 54 442 2 0 
AdvMn443.def 011111111111111111111111111111111111111111111111 100000000000000000000000000000000000000000000000 111111111 000000001 54 443 2 0 
AdvMn444.def 011111111111111111111111111111111111111111111111 100000000000000000000000000000000000000000000000 111111111 000000001 54 444 2 0 
AdvMn445.def 011111111111111111111111111111111111111111111111 100000000000000000000000000000000000000000000000 111111111 000000001 54 445 2 0 
AdvMn446.def 011111111111111111111111111111111111111111111111 100000000000000000000000000000000000000000000000 111111111 000000001 54 446 2 0 
AdvMn447.def 011111111111111111111111111111111111111111111111 100000000000000000000000000000000000000000000000 111111111 000000001 54 447 2 0 
AdvMn448.def 011111111111111111111111111111111111111111111111 100000000000000000000000000000000000000000000000 111111111 000000001 54 448 2 0 
AdvMn449.def 011111111111111111111111111111111111111111111111 100000000000000000000000000000000000000000000000 111111111 000000001 54 449 2 0 
AdvMn450.def 011111111111111111111111111111111111111111111111 100000000000000000000000000000000000000000000000 111111111 000000001 54 450 2 0 
AdvMn451.def 011111111111111111111111111111111111111111111111 100000000000000000000000000000000000000000000000 111111111 000000001 54 451 2 0 
AdvMn452.def 011111111111111111111111111111111111111111111111 100000000000000000000000000000000000000000000000 111111111 000000001 54 452 2 0 
AdvMn453.def 011111111111111111111111111111111111111111111111 100000000000000000000000000000000000000000000000 111111111 000000001 54 453 2 0 
AdvMn454.def 011111111111111111111111111111111111111111111111 100000000000000000000000000000000000000000000000 111111111 000000001 54 454 2 0 
AdvMn455.def 011111111111111111111111111111111111111111111111 100000000000000000000000000000000000000000000000 111111111 000000001 54 455 2 0 
AdvMn456.def 011111111111111111111111111111111111111111111111 100000000000000000000000000000000000000000000000 111111111 000000001 54 456 2 0 
AdvMn457.def 011111111111111111111111111111111111111111111111 100000000000000000000000000000000000000000000000 111111111 000000001 54 457 2 0 
AdvMn458.def 011111111111111111111111111111111111111111111111 100000000000000000000000000000000000000000000000 111111111 000000001 54 458 2 0 
AdvMn459.def 011111111111111111111111111111111111111111111111 100000000000000000000000000000000000000000000000 111111111 000000001 54 459 2 0 
AdvMn460.def 011111111111111111111111111111111111111111111111 100000000000000000000000000000000000000000000000 111111111 000000001 54 460 2 0 
AdvMn461.def 011111111111111111111111111111111111111111111111 100000000000000000000000000000000000000000000000 111111111 000000001 54 461 2 0 
AdvMn462.def 011111111111111111111111111111111111111111111111 100000000000000000000000000000000000000000000000 111111111 000000001 54 462 2 0 
AdvMn463.def 011111111111111111111111111111111111111111111111 100000000000000000000000000000000000000000000000 111111111 000000001 54 463 2 0 
AdvMn464.def 011111111111111111111111111111111111111111111111 100000000000000000000000000000000000000000000000 111111111 000000001 54 464 2 0 
AdvMn465.def 011111111111111111111111111111111111111111111111 100000000000000000000000000000000000000000000000 111111111 000000001 54 465 2 0 
AdvMn466.def 011111111111111111111111111111111111111111111111 100000000000000000000000000000000000000000000000 111111111 000000001 54 466 2 0 
AdvMn467.def 011111111111111111111111111111111111111111111111 100000000000000000000000000000000000000000000000 111111111 000000001 54 467 2 0 
AdvMn468.def 011111111111111111111111111111111111111111111111 100000000000000000000000000000000000000000000000 111111111 000000001 54 468 2 0 
AdvMn469.def 011111111111111111111111111111111111111111111111 100000000000000000000000000000000000000000000000 111111111 000000001 54 469 2 0 
AdvMn470.def 011111111111111111111111111111111111111111111111 100000000000000000000000000000000000000000000000 111111111 000000001 54 470 2 0 
AdvMn471.def 011111111111111111111111111111111111111111111111 100000000000000000000000000000000000000000000000 111111111 000000001 54 471 2 0 
AdvMn472.def 011111111111111111111111111111111111111111111111 100000000000000000000000000000000000000000000000 111111111 000000001 54 472 2 0 
AdvMn473.def 011111111111111111111111111111111111111111111111 100000000000000000000000000000000000000000000000 111111111 000000001 54 473 2 0 
AdvMn474.def 011111111111111111111111111111111111111111111111 100000000000000000000000000000000000000000000000 111111111 000000001 54 474 2 0 
AdvMn475.def 011111111111111111111111111111111111111111111111 100000000000000000000000000000000000000000000000 111111111 000000001 54 475 2 0 
AdvMn476.def 011111111111111111111111111111111111111111111111 100000000000000000000000000000000000000000000000 111111111 000000001 54 476 2 0 
AdvMn477.def 011111111111111111111111111111111111111111111111 100000000000000000000000000000000000000000000000 111111111 000000001 54 477 2 0 
AdvMn478.def 011111111111111111111111111111111111111111111111 100000000000000000000000000000000000000000000000 111111111 000000001 54 478 2 0 
AdvMn479.def 011111111111111111111111111111111111111111111111 100000000000000000000000000000000000000000000000 111111111 000000001 54 479 2 0 
AdvMn480.def 011111111111111111111111111111111111111111111111 100000000000000000000000000000000000000000000000 111111111 000000001 54 480 2 0 
AdvMn481.def 011111111111111111111111111111111111111111111111 100000000000000000000000000000000000000000000000 111111111 000000001 54 481 2 0 
AdvMn482.def 011111111111111111111111111111111111111111111111 100000000000000000000000000000000000000000000000 111111111 000000001 54 482 2 0 
AdvMn483.def 011111111111111111111111111111111111111111111111 100000000000000000000000000000000000000000000000 111111111 000000001 54 483 2 0 
AdvMn484.def 011111111111111111111111111111111111111111111111 100000000000000000000000000000000000000000000000 111111111 000000001 54 484 2 0 
AdvMn485.def 011111111111111111111111111111111111111111111111 100000000000000000000000000000000000000000000000 111111111 000000001 54 485 2 0 
AdvMn486.def 011111111111111111111111111111111111111111111111 100000000000000000000000000000000000000000000000 111111111 000000001 54 486 2 0 
AdvMn487.def 011111111111111111111111111111111111111111111111 100000000000000000000000000000000000000000000000 111111111 000000001 54 487 2 0 
AdvMn488.def 011111111111111111111111111111111111111111111111 100000000000000000000000000000000000000000000000 111111111 000000001 54 488 2 0 
AdvMn489.def 011111111111111111111111111111111111111111111111 100000000000000000000000000000000000000000000000 111111111 000000001 54 489 2 0 
AdvMn490.def 011111111111111111111111111111111111111111111111 100000000000000000000000000000000000000000000000 111111111 000000001 54 490 2 0 
AdvMn491.def 011111111111111111111111111111111111111111111111 100000000000000000000000000000000000000000000000 111111111 000000001 54 491 2 0 
AdvMn492.def 011111111111111111111111111111111111111111111111 100000000000000000000000000000000000000000000000 111111111 000000001 54 492 2 0 
AdvMn493.def 011111111111111111111111111111111111111111111111 100000000000000000000000000000000000000000000000 111111111 000000001 54 493 2 0 
AdvMn494.def 011111111111111111111111111111111111111111111111 100000000000000000000000000000000000000000000000 111111111 000000001 54 494 2 0 
AdvMn495.def 011111111111111111111111111111111111111111111111 100000000000000000000000000000000000000000000000 111111111 000000001 54 495 2 0 
AdvMn496.def 011111111111111111111111111111111111111111111111 100000000000000000000000000000000000000000000000 111111111 000000001 54 496 2 0 
AdvMn497.def 011111111111111111111111111111111111111111111111 100000000000000000000000000000000000000000000000 111111111 000000001 54 497 2 0 
AdvMn498.def 011111111111111111111111111111111111111111111111 100000000000000000000000000000000000000000000000 111111111 000000001 54 498 2 0 
AdvMn499.def 011111111111111111111111111111111111111111111111 100000000000000000000000000000000000000000000000 111111111 000000001 54 499 2 0 
AdvMn500.def 011111111111111111111111111111111111111111111111 100000000000000000000000000000000000000000000000 111111111 000000001 54 500 2 0 
AdvMn501.def 011111111111111111111111111111111111111111111111 100000000000000000000000000000000000000000000000 111111111 000000001 54 501 2 0 
AdvMn502.def 011111111111111111111111111111111111111111111111 100000000000000000000000000000000000000000000000 111111111 000000001 54 502 2 0 
AdvMn503.def 011111111111111111111111111111111111111111111111 100000000000000000000000000000000000000000000000 111111111 000000001 54 503 2 0 
AdvMn504.def 011111111111111111111111111111111111111111111111 100000000000000000000000000000000000000000000000 111111111 000000001 54 504 2 0 
AdvMn505.def 011111111111111111111111111111111111111111111111 100000000000000000000000000000000000000000000000 111111111 000000001 54 505 2 0 
AdvMn506.def 011111111111111111111111111111111111111111111111 100000000000000000000000000000000000000000000000 111111111 000000001 54 506 2 0 
AdvMn507.def 011111111111111111111111111111111111111111111111 100000000000000000000000000000000000000000000000 111111111 000000001 54 507 2 0 
AdvMn508.def 011111111111111111111111111111111111111111111111 100000000000000000000000000000000000000000000000 111111111 000000001 54 508 2 0 
AdvMn509.def 011111111111111111111111111111111111111111111111 100000000000000000000000000000000000000000000000 111111111 000000001 54 509 2 0 
AdvMn510.def 011111111111111111111111111111111111111111111111 100000000000000000000000000000000000000000000000 111111111 000000001 54 510 2 0 
AdvMn511.def 011111111111111111111111111111111111111111111111 100000000000000000000000000000000000000000000000 111111111 000000001 54 511 2 0 
AdvMn512.def 011111111111111111111111111111111111111111111111 100000000000000000000000000000000000000000000000 111111111 000000001 54 512 2 0 
AdvMn513.def 011111111111111111111111111111111111111111111111 100000000000000000000000000000000000000000000000 111111111 000000001 54 513 2 0 
AdvMn514.def 011111111111111111111111111111111111111111111111 100000000000000000000000000000000000000000000000 111111111 000000001 54 514 2 0 
AdvMn515.def 011111111111111111111111111111111111111111111111 100000000000000000000000000000000000000000000000 111111111 000000001 54 515 2 0 
AdvMn516.def 011111111111111111111111111111111111111111111111 100000000000000000000000000000000000000000000000 111111111 000000001 54 516 2 0 
AdvMn517.def 011111111111111111111111111111111111111111111111 100000000000000000000000000000000000000000000000 111111111 000000001 54 517 2 0 
AdvMn518.def 011111111111111111111111111111111111111111111111 100000000000000000000000000000000000000000000000 111111111 000000001 54 518 2 0 
AdvMn519.def 011111111111111111111111111111111111111111111111 100000000000000000000000000000000000000000000000 111111111 000000001 54 519 2 0 
AdvMn520.def 011111111111111111111111111111111111111111111111 100000000000000000000000000000000000000000000000 111111111 000000001 54 520 2 0 
AdvMn521.def 011111111111111111111111111111111111111111111111 100000000000000000000000000000000000000000000000 111111111 000000001 54 521 2 0 
AdvMn522.def 011111111111111111111111111111111111111111111111 100000000000000000000000000000000000000000000000 111111111 000000001 54 522 2 0 
AdvMn523.def 011111111111111111111111111111111111111111111111 100000000000000000000000000000000000000000000000 111111111 000000001 54 523 2 0 
AdvMn524.def 011111111111111111111111111111111111111111111111 100000000000000000000000000000000000000000000000 111111111 000000001 54 524 2 0 
AdvMn525.def 011111111111111111111111111111111111111111111111 100000000000000000000000000000000000000000000000 111111111 000000001 54 525 2 0 
AdvMn526.def 011111111111111111111111111111111111111111111111 100000000000000000000000000000000000000000000000 111111111 000000001 54 526 2 0 
AdvMn527.def 011111111111111111111111111111111111111111111111 100000000000000000000000000000000000000000000000 111111111 000000001 54 527 2 0 
AdvMn528.def 011111111111111111111111111111111111111111111111 100000000000000000000000000000000000000000000000 111111111 000000001 54 528 2 0 
AdvMn529.def 011111111111111111111111111111111111111111111111 100000000000000000000000000000000000000000000000 111111111 000000001 54 529 2 0 
AdvMn530.def 011111111111111111111111111111111111111111111111 100000000000000000000000000000000000000000000000 111111111 000000001 54 530 2 0 
AdvMn531.def 011111111111111111111111111111111111111111111111 100000000000000000000000000000000000000000000000 111111111 000000001 54 531 2 0 
AdvMn532.def 011111111111111111111111111111111111111111111111 100000000000000000000000000000000000000000000000 111111111 000000001 54 532 2 0 
AdvMn533.def 011111111111111111111111111111111111111111111111 100000000000000000000000000000000000000000000000 111111111 000000001 54 533 2 0 
AdvMn534.def 011111111111111111111111111111111111111111111111 100000000000000000000000000000000000000000000000 111111111 000000001 54 534 2 0 
AdvMn535.def 011111111111111111111111111111111111111111111111 100000000000000000000000000000000000000000000000 111111111 000000001 54 535 2 0 
AdvMn536.def 011111111111111111111111111111111111111111111111 100000000000000000000000000000000000000000000000 111111111 000000001 54 536 2 0 
AdvMn537.def 011111111111111111111111111111111111111111111111 100000000000000000000000000000000000000000000000 111111111 000000001 54 537 2 0 
AdvMn538.def 011111111111111111111111111111111111111111111111 100000000000000000000000000000000000000000000000 111111111 000000001 54 538 2 0 
AdvMn539.def 011111111111111111111111111111111111111111111111 100000000000000000000000000000000000000000000000 111111111 000000001 54 539 2 0 
AdvMn540.def 011111111111111111111111111111111111111111111111 100000000000000000000000000000000000000000000000 111111111 000000001 54 540 2 0 
AdvMn541.def 011111111111111111111111111111111111111111111111 100000000000000000000000000000000000000000000000 111111111 000000001 54 541 2 0 
AdvMn542.def 011111111111111111111111111111111111111111111111 100000000000000000000000000000000000000000000000 111111111 000000001 54 542 2 0 
AdvMn543.def 011111111111111111111111111111111111111111111111 100000000000000000000000000000000000000000000000 111111111 000000001 54 543 2 0 
AdvMn544.def 011111111111111111111111111111111111111111111111 100000000000000000000000000000000000000000000000 111111111 000000001 54 544 2 0 
AdvMn545.def 011111111111111111111111111111111111111111111111 100000000000000000000000000000000000000000000000 111111111 000000001 54 545 2 0 
AdvMn546.def 011111111111111111111111111111111111111111111111 100000000000000000000000000000000000000000000000 111111111 000000001 54 546 2 0 
AdvMn547.def 011111111111111111111111111111111111111111111111 100000000000000000000000000000000000000000000000 111111111 000000001 54 547 2 0 
AdvMn548.def 011111111111111111111111111111111111111111111111 100000000000000000000000000000000000000000000000 111111111 000000001 54 548 2 0 
AdvMn549.def 011111111111111111111111111111111111111111111111 100000000000000000000000000000000000000000000000 111111111 000000001 54 549 2 0 
AdvMn550.def 011111111111111111111111111111111111111111111111 100000000000000000000000000000000000000000000000 111111111 000000001 54 550 2 0 
AdvMn551.def 011111111111111111111111111111111111111111111111 100000000000000000000000000000000000000000000000 111111111 000000001 54 551 2 0 
AdvMn552.def 011111111111111111111111111111111111111111111111 100000000000000000000000000000000000000000000000 111111111 000000001 54 552 2 0 
AdvMn553.def 011111111111111111111111111111111111111111111111 100000000000000000000000000000000000000000000000 111111111 000000001 54 553 2 0 
AdvMn554.def 011111111111111111111111111111111111111111111111 100000000000000000000000000000000000000000000000 111111111 000000001 54 554 2 0 
AdvMn555.def 011111111111111111111111111111111111111111111111 100000000000000000000000000000000000000000000000 111111111 000000001 54 555 2 0 
AdvMn556.def 011111111111111111111111111111111111111111111111 100000000000000000000000000000000000000000000000 111111111 000000001 54 556 2 0 
AdvMn557.def 011111111111111111111111111111111111111111111111 100000000000000000000000000000000000000000000000 111111111 000000001 54 557 2 0 
AdvMn558.def 011111111111111111111111111111111111111111111111 100000000000000000000000000000000000000000000000 111111111 000000001 54 558 2 0 
AdvMn559.def 011111111111111111111111111111111111111111111111 100000000000000000000000000000000000000000000000 111111111 000000001 54 559 2 0 
AdvMn560.def 011111111111111111111111111111111111111111111111 100000000000000000000000000000000000000000000000 111111111 000000001 54 560 2 0 
AdvMn561.def 011111111111111111111111111111111111111111111111 100000000000000000000000000000000000000000000000 111111111 000000001 54 561 2 0 
AdvMn562.def 011111111111111111111111111111111111111111111111 100000000000000000000000000000000000000000000000 111111111 000000001 54 562 2 0 
AdvMn563.def 011111111111111111111111111111111111111111111111 100000000000000000000000000000000000000000000000 111111111 000000001 54 563 2 0 
AdvMn564.def 011111111111111111111111111111111111111111111111 100000000000000000000000000000000000000000000000 111111111 000000001 54 564 2 0 
AdvMn565.def 011111111111111111111111111111111111111111111111 100000000000000000000000000000000000000000000000 111111111 000000001 54 565 2 0 
AdvMn566.def 011111111111111111111111111111111111111111111111 100000000000000000000000000000000000000000000000 111111111 000000001 54 566 2 0 
AdvMn567.def 011111111111111111111111111111111111111111111111 100000000000000000000000000000000000000000000000 111111111 000000001 54 567 2 0 
AdvMn568.def 011111111111111111111111111111111111111111111111 100000000000000000000000000000000000000000000000 111111111 000000001 54 568 2 0 
AdvMn569.def 011111111111111111111111111111111111111111111111 100000000000000000000000000000000000000000000000 111111111 000000001 54 569 2 0 
AdvMn570.def 011111111111111111111111111111111111111111111111 100000000000000000000000000000000000000000000000 111111111 000000001 54 570 2 0 
AdvMn571.def 011111111111111111111111111111111111111111111111 100000000000000000000000000000000000000000000000 111111111 000000001 54 571 2 0 
AdvMn572.def 011111111111111111111111111111111111111111111111 100000000000000000000000000000000000000000000000 111111111 000000001 54 572 2 0 
AdvMn573.def 011111111111111111111111111111111111111111111111 100000000000000000000000000000000000000000000000 111111111 000000001 54 573 2 0 
AdvMn574.def 011111111111111111111111111111111111111111111111 100000000000000000000000000000000000000000000000 111111111 000000001 54 574 2 0 
AdvMn575.def 011111111111111111111111111111111111111111111111 100000000000000000000000000000000000000000000000 111111111 000000001 54 575 2 0 
AdvMn576.def 011111111111111111111111111111111111111111111111 100000000000000000000000000000000000000000000000 111111111 000000001 54 576 2 0 
AdvMn577.def 011111111111111111111111111111111111111111111111 100000000000000000000000000000000000000000000000 111111111 000000001 54 577 2 0 
AdvMn578.def 011111111111111111111111111111111111111111111111 100000000000000000000000000000000000000000000000 111111111 000000001 54 578 2 0 
AdvMn579.def 011111111111111111111111111111111111111111111111 100000000000000000000000000000000000000000000000 111111111 000000001 54 579 2 0 
AdvMn580.def 011111111111111111111111111111111111111111111111 100000000000000000000000000000000000000000000000 111111111 000000001 54 580 2 0 
AdvMn581.def 011111111111111111111111111111111111111111111111 100000000000000000000000000000000000000000000000 111111111 000000001 54 581 2 0 
AdvMn582.def 011111111111111111111111111111111111111111111111 100000000000000000000000000000000000000000000000 111111111 000000001 54 582 2 0 
AdvMn583.def 011111111111111111111111111111111111111111111111 100000000000000000000000000000000000000000000000 111111111 000000001 54 583 2 0 
AdvMn584.def 011111111111111111111111111111111111111111111111 100000000000000000000000000000000000000000000000 111111111 000000001 54 584 2 0 
AdvMn585.def 011111111111111111111111111111111111111111111111 100000000000000000000000000000000000000000000000 111111111 000000001 54 585 2 0 
AdvMn586.def 011111111111111111111111111111111111111111111111 100000000000000000000000000000000000000000000000 111111111 000000001 54 586 2 0 
AdvMn587.def 011111111111111111111111111111111111111111111111 100000000000000000000000000000000000000000000000 111111111 000000001 54 587 2 0 
AdvMn588.def 011111111111111111111111111111111111111111111111 100000000000000000000000000000000000000000000000 111111111 000000001 54 588 2 0 
AdvMn589.def 011111111111111111111111111111111111111111111111 100000000000000000000000000000000000000000000000 111111111 000000001 54 589 2 0 
AdvMn590.def 011111111111111111111111111111111111111111111111 100000000000000000000000000000000000000000000000 111111111 000000001 54 590 2 0 
AdvMn591.def 011111111111111111111111111111111111111111111111 100000000000000000000000000000000000000000000000 111111111 000000001 54 591 2 0 
AdvMn592.def 011111111111111111111111111111111111111111111111 100000000000000000000000000000000000000000000000 111111111 000000001 54 592 2 0 
AdvMn593.def 011111111111111111111111111111111111111111111111 100000000000000000000000000000000000000000000000 111111111 000000001 54 593 2 0 
AdvMn594.def 011111111111111111111111111111111111111111111111 100000000000000000000000000000000000000000000000 111111111 000000001 54 594 2 0 
AdvMn595.def 011111111111111111111111111111111111111111111111 100000000000000000000000000000000000000000000000 111111111 000000001 54 595 2 0 
AdvMn596.def 011111111111111111111111111111111111111111111111 100000000000000000000000000000000000000000000000 111111111 000000001 54 596 2 0 
AdvMn597.def 011111111111111111111111111111111111111111111111 100000000000000000000000000000000000000000000000 111111111 000000001 54 597 2 0 
AdvMn598.def 011111111111111111111111111111111111111111111111 100000000000000000000000000000000000000000000000 111111111 000000001 54 598 2 0 
AdvMn599.def 011111111111111111111111111111111111111111111111 100000000000000000000000000000000000000000000000 111111111 000000001 54 599 2 0 
AdvMn600.def 011111111111111111111111111111111111111111111111 100000000000000000000000000000000000000000000000 111111111 000000001 54 600 2 0 
AdvMn601.def 011111111111111111111111111111111111111111111111 100000000000000000000000000000000000000000000000 111111111 000000001 54 601 2 0 
AdvMn602.def 011111111111111111111111111111111111111111111111 100000000000000000000000000000000000000000000000 111111111 000000001 54 602 2 0 
AdvMn603.def 011111111111111111111111111111111111111111111111 100000000000000000000000000000000000000000000000 111111111 000000001 54 603 2 0 
AdvMn604.def 011111111111111111111111111111111111111111111111 100000000000000000000000000000000000000000000000 111111111 000000001 54 604 2 0 
AdvMn605.def 011111111111111111111111111111111111111111111111 100000000000000000000000000000000000000000000000 111111111 000000001 54 605 2 0 
AdvMn606.def 011111111111111111111111111111111111111111111111 100000000000000000000000000000000000000000000000 111111111 000000001 54 606 2 0 
AdvMn607.def 011111111111111111111111111111111111111111111111 100000000000000000000000000000000000000000000000 111111111 000000001 54 607 2 0 
AdvMn608.def 011111111111111111111111111111111111111111111111 100000000000000000000000000000000000000000000000 111111111 000000001 54 608 2 0 
AdvMn609.def 011111111111111111111111111111111111111111111111 100000000000000000000000000000000000000000000000 111111111 000000001 54 609 2 0 
AdvMn610.def 011111111111111111111111111111111111111111111111 100000000000000000000000000000000000000000000000 111111111 000000001 54 610 2 0 
AdvMn611.def 011111111111111111111111111111111111111111111111 100000000000000000000000000000000000000000000000 111111111 000000001 54 611 2 0 
AdvMn612.def 011111111111111111111111111111111111111111111111 100000000000000000000000000000000000000000000000 111111111 000000001 54 612 2 0 
AdvMn613.def 011111111111111111111111111111111111111111111111 100000000000000000000000000000000000000000000000 111111111 000000001 54 613 2 0 
AdvMn614.def 011111111111111111111111111111111111111111111111 100000000000000000000000000000000000000000000000 111111111 000000001 54 614 2 0 
AdvMn615.def 011111111111111111111111111111111111111111111111 100000000000000000000000000000000000000000000000 111111111 000000001 54 615 2 0 
AdvMn616.def 011111111111111111111111111111111111111111111111 100000000000000000000000000000000000000000000000 111111111 000000001 54 616 2 0 
AdvMn617.def 011111111111111111111111111111111111111111111111 100000000000000000000000000000000000000000000000 111111111 000000001 54 617 2 0 
AdvMn618.def 011111111111111111111111111111111111111111111111 100000000000000000000000000000000000000000000000 111111111 000000001 54 618 2 0 
AdvMn619.def 011111111111111111111111111111111111111111111111 100000000000000000000000000000000000000000000000 111111111 000000001 54 619 2 0 
AdvMn620.def 011111111111111111111111111111111111111111111111 100000000000000000000000000000000000000000000000 111111111 000000001 54 620 2 0 
AdvMn621.def 011111111111111111111111111111111111111111111111 100000000000000000000000000000000000000000000000 111111111 000000001 54 621 2 0 
AdvMn622.def 011111111111111111111111111111111111111111111111 100000000000000000000000000000000000000000000000 111111111 000000001 54 622 2 0 
AdvMn623.def 011111111111111111111111111111111111111111111111 100000000000000000000000000000000000000000000000 111111111 000000001 54 623 2 0 
AdvMn624.def 011111111111111111111111111111111111111111111111 100000000000000000000000000000000000000000000000 111111111 000000001 54 624 2 0 
AdvMn625.def 011111111111111111111111111111111111111111111111 100000000000000000000000000000000000000000000000 111111111 000000001 54 625 2 0 
AdvMn626.def 011111111111111111111111111111111111111111111111 100000000000000000000000000000000000000000000000 111111111 000000001 54 626 2 0 
AdvMn627.def 011111111111111111111111111111111111111111111111 100000000000000000000000000000000000000000000000 111111111 000000001 54 627 2 0 
AdvMn628.def 011111111111111111111111111111111111111111111111 100000000000000000000000000000000000000000000000 111111111 000000001 54 628 2 0 
AdvMn629.def 011111111111111111111111111111111111111111111111 100000000000000000000000000000000000000000000000 111111111 000000001 54 629 2 0 
AdvMn630.def 011111111111111111111111111111111111111111111111 100000000000000000000000000000000000000000000000 111111111 000000001 54 630 2 0 
AdvMn631.def 011111111111111111111111111111111111111111111111 100000000000000000000000000000000000000000000000 111111111 000000001 54 631 2 0 
AdvMn632.def 011111111111111111111111111111111111111111111111 100000000000000000000000000000000000000000000000 111111111 000000001 54 632 2 0 
AdvMn633.def 011111111111111111111111111111111111111111111111 100000000000000000000000000000000000000000000000 111111111 000000001 54 633 2 0 
AdvMn634.def 011111111111111111111111111111111111111111111111 100000000000000000000000000000000000000000000000 111111111 000000001 54 634 2 0 
AdvMn635.def 011111111111111111111111111111111111111111111111 100000000000000000000000000000000000000000000000 111111111 000000001 54 635 2 0 
AdvMn636.def 011111111111111111111111111111111111111111111111 100000000000000000000000000000000000000000000000 111111111 000000001 54 636 2 0 
AdvMn637.def 011111111111111111111111111111111111111111111111 100000000000000000000000000000000000000000000000 111111111 000000001 54 637 2 0 
AdvMn638.def 011111111111111111111111111111111111111111111111 100000000000000000000000000000000000000000000000 111111111 000000001 54 638 2 0 
AdvMn639.def 011111111111111111111111111111111111111111111111 100000000000000000000000000000000000000000000000 111111111 000000001 54 639 2 0 
AdvMn640.def 011111111111111111111111111111111111111111111111 100000000000000000000000000000000000000000000000 111111111 000000001 54 640 2 0 
AdvMn641.def 011111111111111111111111111111111111111111111111 100000000000000000000000000000000000000000000000 111111111 000000001 54 641 2 0 
AdvMn642.def 011111111111111111111111111111111111111111111111 100000000000000000000000000000000000000000000000 111111111 000000001 54 642 2 0 
AdvMn643.def 011111111111111111111111111111111111111111111111 100000000000000000000000000000000000000000000000 111111111 000000001 54 643 2 0 
AdvMn644.def 011111111111111111111111111111111111111111111111 100000000000000000000000000000000000000000000000 111111111 000000001 54 644 2 0 
AdvMn645.def 011111111111111111111111111111111111111111111111 100000000000000000000000000000000000000000000000 111111111 000000001 54 645 2 0 
AdvMn646.def 011111111111111111111111111111111111111111111111 100000000000000000000000000000000000000000000000 111111111 000000001 54 646 2 0 
AdvMn647.def 011111111111111111111111111111111111111111111111 100000000000000000000000000000000000000000000000 111111111 000000001 54 647 2 0 
AdvMn648.def 011111111111111111111111111111111111111111111111 100000000000000000000000000000000000000000000000 111111111 000000001 54 648 2 0 
AdvMn649.def 011111111111111111111111111111111111111111111111 100000000000000000000000000000000000000000000000 111111111 000000001 54 649 2 0 
AdvMn650.def 011111111111111111111111111111111111111111111111 100000000000000000000000000000000000000000000000 111111111 000000001 54 650 2 0 
AdvMn651.def 011111111111111111111111111111111111111111111111 100000000000000000000000000000000000000000000000 111111111 000000001 54 651 2 0 
AdvMn652.def 011111111111111111111111111111111111111111111111 100000000000000000000000000000000000000000000000 111111111 000000001 54 652 2 0 
AdvMn653.def 011111111111111111111111111111111111111111111111 100000000000000000000000000000000000000000000000 111111111 000000001 54 653 2 0 
AdvMn654.def 011111111111111111111111111111111111111111111111 100000000000000000000000000000000000000000000000 111111111 000000001 54 654 2 0 
AdvMn655.def 011111111111111111111111111111111111111111111111 100000000000000000000000000000000000000000000000 111111111 000000001 54 655 2 0 
AdvMn656.def 011111111111111111111111111111111111111111111111 100000000000000000000000000000000000000000000000 111111111 000000001 54 656 2 0 
AdvMn657.def 011111111111111111111111111111111111111111111111 100000000000000000000000000000000000000000000000 111111111 000000001 54 657 2 0 
AdvMn658.def 011111111111111111111111111111111111111111111111 100000000000000000000000000000000000000000000000 111111111 000000001 54 658 2 0 
AdvMn659.def 011111111111111111111111111111111111111111111111 100000000000000000000000000000000000000000000000 111111111 000000001 54 659 2 0 
AdvMn660.def 011111111111111111111111111111111111111111111111 100000000000000000000000000000000000000000000000 111111111 000000001 54 660 2 0 
AdvMn661.def 011111111111111111111111111111111111111111111111 100000000000000000000000000000000000000000000000 111111111 000000001 54 661 2 0 
AdvMn662.def 011111111111111111111111111111111111111111111111 100000000000000000000000000000000000000000000000 111111111 000000001 54 662 2 0 
AdvMn663.def 011111111111111111111111111111111111111111111111 100000000000000000000000000000000000000000000000 111111111 000000001 54 663 2 0 
AdvMn664.def 011111111111111111111111111111111111111111111111 100000000000000000000000000000000000000000000000 111111111 000000001 54 664 2 0 
AdvMn665.def 011111111111111111111111111111111111111111111111 100000000000000000000000000000000000000000000000 111111111 000000001 54 665 2 0 
AdvMn666.def 011111111111111111111111111111111111111111111111 100000000000000000000000000000000000000000000000 111111111 000000001 54 666 2 0 
AdvMn667.def 011111111111111111111111111111111111111111111111 100000000000000000000000000000000000000000000000 111111111 000000001 54 667 2 0 
AdvMn668.def 011111111111111111111111111111111111111111111111 100000000000000000000000000000000000000000000000 111111111 000000001 54 668 2 0 
AdvMn669.def 011111111111111111111111111111111111111111111111 100000000000000000000000000000000000000000000000 111111111 000000001 54 669 2 0 
AdvMn670.def 011111111111111111111111111111111111111111111111 100000000000000000000000000000000000000000000000 111111111 000000001 54 670 2 0 
AdvMn671.def 011111111111111111111111111111111111111111111111 100000000000000000000000000000000000000000000000 111111111 000000001 54 671 2 0 
AdvMn672.def 011111111111111111111111111111111111111111111111 100000000000000000000000000000000000000000000000 111111111 000000001 54 672 2 0 
AdvMn673.def 011111111111111111111111111111111111111111111111 100000000000000000000000000000000000000000000000 111111111 000000001 54 673 2 0 
AdvMn674.def 011111111111111111111111111111111111111111111111 100000000000000000000000000000000000000000000000 111111111 000000001 54 674 2 0 
AdvMn675.def 011111111111111111111111111111111111111111111111 100000000000000000000000000000000000000000000000 111111111 000000001 54 675 2 0 
AdvMn676.def 011111111111111111111111111111111111111111111111 100000000000000000000000000000000000000000000000 111111111 000000001 54 676 2 0 
AdvMn677.def 011111111111111111111111111111111111111111111111 100000000000000000000000000000000000000000000000 111111111 000000001 54 677 2 0 
AdvMn678.def 011111111111111111111111111111111111111111111111 100000000000000000000000000000000000000000000000 111111111 000000001 54 678 2 0 
AdvMn679.def 011111111111111111111111111111111111111111111111 100000000000000000000000000000000000000000000000 111111111 000000001 54 679 2 0 
AdvMn680.def 011111111111111111111111111111111111111111111111 100000000000000000000000000000000000000000000000 111111111 000000001 54 680 2 0 
AdvMn681.def 011111111111111111111111111111111111111111111111 100000000000000000000000000000000000000000000000 111111111 000000001 54 681 2 0 
AdvMn682.def 011111111111111111111111111111111111111111111111 100000000000000000000000000000000000000000000000 111111111 000000001 54 682 2 0 
AdvMn683.def 011111111111111111111111111111111111111111111111 100000000000000000000000000000000000000000000000 111111111 000000001 54 683 2 0 
AdvMn684.def 011111111111111111111111111111111111111111111111 100000000000000000000000000000000000000000000000 111111111 000000001 54 684 2 0 
AdvMn685.def 011111111111111111111111111111111111111111111111 100000000000000000000000000000000000000000000000 111111111 000000001 54 685 2 0 
AdvMn686.def 011111111111111111111111111111111111111111111111 100000000000000000000000000000000000000000000000 111111111 000000001 54 686 2 0 
AdvMn687.def 011111111111111111111111111111111111111111111111 100000000000000000000000000000000000000000000000 111111111 000000001 54 687 2 0 
AdvMn688.def 011111111111111111111111111111111111111111111111 100000000000000000000000000000000000000000000000 111111111 000000001 54 688 2 0 
AdvMn689.def 011111111111111111111111111111111111111111111111 100000000000000000000000000000000000000000000000 111111111 000000001 54 689 2 0 
AdvMn690.def 011111111111111111111111111111111111111111111111 100000000000000000000000000000000000000000000000 111111111 000000001 54 690 2 0 
AdvMn691.def 011111111111111111111111111111111111111111111111 100000000000000000000000000000000000000000000000 111111111 000000001 54 691 2 0 
AdvMn692.def 011111111111111111111111111111111111111111111111 100000000000000000000000000000000000000000000000 111111111 000000001 54 692 2 0 
AdvMn693.def 011111111111111111111111111111111111111111111111 100000000000000000000000000000000000000000000000 111111111 000000001 54 693 2 0 
AdvMn694.def 011111111111111111111111111111111111111111111111 100000000000000000000000000000000000000000000000 111111111 000000001 54 694 2 0 
AdvMn695.def 011111111111111111111111111111111111111111111111 100000000000000000000000000000000000000000000000 111111111 000000001 54 695 2 0 
AdvMn696.def 011111111111111111111111111111111111111111111111 100000000000000000000000000000000000000000000000 111111111 000000001 54 696 2 0 
AdvMn697.def 011111111111111111111111111111111111111111111111 100000000000000000000000000000000000000000000000 111111111 000000001 54 697 2 0 
AdvMn698.def 011111111111111111111111111111111111111111111111 100000000000000000000000000000000000000000000000 111111111 000000001 54 698 2 0 
AdvMn699.def 011111111111111111111111111111111111111111111111 100000000000000000000000000000000000000000000000 111111111 000000001 54 699 2 0 
AdvMn700.def 011111111111111111111111111111111111111111111111 100000000000000000000000000000000000000000000000 111111111 000000001 54 700 2 0 
AdvMn701.def 011111111111111111111111111111111111111111111111 100000000000000000000000000000000000000000000000 111111111 000000001 54 701 2 0 
AdvMn702.def 011111111111111111111111111111111111111111111111 100000000000000000000000000000000000000000000000 111111111 000000001 54 702 2 0 
AdvMn703.def 011111111111111111111111111111111111111111111111 100000000000000000000000000000000000000000000000 111111111 000000001 54 703 2 0 
AdvMn704.def 011111111111111111111111111111111111111111111111 100000000000000000000000000000000000000000000000 111111111 000000001 54 704 2 0 
AdvMn705.def 011111111111111111111111111111111111111111111111 100000000000000000000000000000000000000000000000 111111111 000000001 54 705 2 0 
AdvMn706.def 011111111111111111111111111111111111111111111111 100000000000000000000000000000000000000000000000 111111111 000000001 54 706 2 0 
AdvMn707.def 011111111111111111111111111111111111111111111111 100000000000000000000000000000000000000000000000 111111111 000000001 54 707 2 0 
AdvMn708.def 011111111111111111111111111111111111111111111111 100000000000000000000000000000000000000000000000 111111111 000000001 54 708 2 0 
AdvMn709.def 011111111111111111111111111111111111111111111111 100000000000000000000000000000000000000000000000 111111111 000000001 54 709 2 0 
AdvMn710.def 011111111111111111111111111111111111111111111111 100000000000000000000000000000000000000000000000 111111111 000000001 54 710 2 0 
AdvMn711.def 011111111111111111111111111111111111111111111111 100000000000000000000000000000000000000000000000 111111111 000000001 54 711 2 0 
AdvMn712.def 011111111111111111111111111111111111111111111111 100000000000000000000000000000000000000000000000 111111111 000000001 54 712 2 0 
AdvMn713.def 011111111111111111111111111111111111111111111111 100000000000000000000000000000000000000000000000 111111111 000000001 54 713 2 0 
AdvMn714.def 011111111111111111111111111111111111111111111111 100000000000000000000000000000000000000000000000 111111111 000000001 54 714 2 0 
AdvMn715.def 011111111111111111111111111111111111111111111111 100000000000000000000000000000000000000000000000 111111111 000000001 54 715 2 0 
AdvMn716.def 011111111111111111111111111111111111111111111111 100000000000000000000000000000000000000000000000 111111111 000000001 54 716 2 0 
AdvMn717.def 011111111111111111111111111111111111111111111111 100000000000000000000000000000000000000000000000 111111111 000000001 54 717 2 0 
AdvMn718.def 011111111111111111111111111111111111111111111111 100000000000000000000000000000000000000000000000 111111111 000000001 54 718 2 0 
AdvMn719.def 011111111111111111111111111111111111111111111111 100000000000000000000000000000000000000000000000 111111111 000000001 54 719 2 0 
AdvMn720.def 011111111111111111111111111111111111111111111111 100000000000000000000000000000000000000000000000 111111111 000000001 54 720 2 0 
AdvMn721.def 011111111111111111111111111111111111111111111111 100000000000000000000000000000000000000000000000 111111111 000000001 54 721 2 0 
AdvMn722.def 011111111111111111111111111111111111111111111111 100000000000000000000000000000000000000000000000 111111111 000000001 54 722 2 0 
AdvMn723.def 011111111111111111111111111111111111111111111111 100000000000000000000000000000000000000000000000 111111111 000000001 54 723 2 0 
AdvMn724.def 011111111111111111111111111111111111111111111111 100000000000000000000000000000000000000000000000 111111111 000000001 54 724 2 0 
AdvMn725.def 011111111111111111111111111111111111111111111111 100000000000000000000000000000000000000000000000 111111111 000000001 54 725 2 0 
AdvMn726.def 011111111111111111111111111111111111111111111111 100000000000000000000000000000000000000000000000 111111111 000000001 54 726 2 0 
AdvMn727.def 011111111111111111111111111111111111111111111111 100000000000000000000000000000000000000000000000 111111111 000000001 54 727 2 0 
AdvMn728.def 011111111111111111111111111111111111111111111111 100000000000000000000000000000000000000000000000 111111111 000000001 54 728 2 0 
AdvMn729.def 011111111111111111111111111111111111111111111111 100000000000000000000000000000000000000000000000 111111111 000000001 54 729 2 0 
AdvMn730.def 011111111111111111111111111111111111111111111111 100000000000000000000000000000000000000000000000 111111111 000000001 54 730 2 0 
AdvMn731.def 011111111111111111111111111111111111111111111111 100000000000000000000000000000000000000000000000 111111111 000000001 54 731 2 0 
AdvMn732.def 011111111111111111111111111111111111111111111111 100000000000000000000000000000000000000000000000 111111111 000000001 54 732 2 0 
AdvMn733.def 011111111111111111111111111111111111111111111111 100000000000000000000000000000000000000000000000 111111111 000000001 54 733 2 0 
AdvMn734.def 011111111111111111111111111111111111111111111111 100000000000000000000000000000000000000000000000 111111111 000000001 54 734 2 0 
AdvMn735.def 011111111111111111111111111111111111111111111111 100000000000000000000000000000000000000000000000 111111111 000000001 54 735 2 0 
AdvMn736.def 011111111111111111111111111111111111111111111111 100000000000000000000000000000000000000000000000 111111111 000000001 54 736 2 0 
AdvMn737.def 011111111111111111111111111111111111111111111111 100000000000000000000000000000000000000000000000 111111111 000000001 54 737 2 0 
AdvMn738.def 011111111111111111111111111111111111111111111111 100000000000000000000000000000000000000000000000 111111111 000000001 54 738 2 0 
AdvMn739.def 011111111111111111111111111111111111111111111111 100000000000000000000000000000000000000000000000 111111111 000000001 54 739 2 0 
AdvMn740.def 011111111111111111111111111111111111111111111111 100000000000000000000000000000000000000000000000 111111111 000000001 54 740 2 0 
AdvMn741.def 011111111111111111111111111111111111111111111111 100000000000000000000000000000000000000000000000 111111111 000000001 54 741 2 0 
AdvMn742.def 011111111111111111111111111111111111111111111111 100000000000000000000000000000000000000000000000 111111111 000000001 54 742 2 0 
AdvMn743.def 011111111111111111111111111111111111111111111111 100000000000000000000000000000000000000000000000 111111111 000000001 54 743 2 0 
AdvMn744.def 011111111111111111111111111111111111111111111111 100000000000000000000000000000000000000000000000 111111111 000000001 54 744 2 0 
AdvMn745.def 011111111111111111111111111111111111111111111111 100000000000000000000000000000000000000000000000 111111111 000000001 54 745 2 0 
AdvMn746.def 011111111111111111111111111111111111111111111111 100000000000000000000000000000000000000000000000 111111111 000000001 54 746 2 0 
AdvMn747.def 011111111111111111111111111111111111111111111111 100000000000000000000000000000000000000000000000 111111111 000000001 54 747 2 0 
AdvMn748.def 011111111111111111111111111111111111111111111111 100000000000000000000000000000000000000000000000 111111111 000000001 54 748 2 0 
AdvMn749.def 011111111111111111111111111111111111111111111111 100000000000000000000000000000000000000000000000 111111111 000000001 54 749 2 0 
AdvMn750.def 011111111111111111111111111111111111111111111111 100000000000000000000000000000000000000000000000 111111111 000000001 54 750 2 0 
AdvMn751.def 011111111111111111111111111111111111111111111111 100000000000000000000000000000000000000000000000 111111111 000000001 54 751 2 0 
AdvMn752.def 011111111111111111111111111111111111111111111111 100000000000000000000000000000000000000000000000 111111111 000000001 54 752 2 0 
AdvMn753.def 011111111111111111111111111111111111111111111111 100000000000000000000000000000000000000000000000 111111111 000000001 54 753 2 0 
AdvMn754.def 011111111111111111111111111111111111111111111111 100000000000000000000000000000000000000000000000 111111111 000000001 54 754 2 0 
AdvMn755.def 011111111111111111111111111111111111111111111111 100000000000000000000000000000000000000000000000 111111111 000000001 54 755 2 0 
AdvMn756.def 011111111111111111111111111111111111111111111111 100000000000000000000000000000000000000000000000 111111111 000000001 54 756 2 0 
AdvMn757.def 011111111111111111111111111111111111111111111111 100000000000000000000000000000000000000000000000 111111111 000000001 54 757 2 0 
AdvMn758.def 011111111111111111111111111111111111111111111111 100000000000000000000000000000000000000000000000 111111111 000000001 54 758 2 0 
AdvMn759.def 011111111111111111111111111111111111111111111111 100000000000000000000000000000000000000000000000 111111111 000000001 54 759 2 0 
AdvMn760.def 011111111111111111111111111111111111111111111111 100000000000000000000000000000000000000000000000 111111111 000000001 54 760 2 0 
AdvMn761.def 011111111111111111111111111111111111111111111111 100000000000000000000000000000000000000000000000 111111111 000000001 54 761 2 0 
AdvMn762.def 011111111111111111111111111111111111111111111111 100000000000000000000000000000000000000000000000 111111111 000000001 54 762 2 0 
AdvMn763.def 011111111111111111111111111111111111111111111111 100000000000000000000000000000000000000000000000 111111111 000000001 54 763 2 0 
AdvMn764.def 011111111111111111111111111111111111111111111111 100000000000000000000000000000000000000000000000 111111111 000000001 54 764 2 0 
AdvMn765.def 011111111111111111111111111111111111111111111111 100000000000000000000000000000000000000000000000 111111111 000000001 54 765 2 0 
AdvMn766.def 011111111111111111111111111111111111111111111111 100000000000000000000000000000000000000000000000 111111111 000000001 54 766 2 0 
AdvMn767.def 011111111111111111111111111111111111111111111111 100000000000000000000000000000000000000000000000 111111111 000000001 54 767 2 0 
AdvMn768.def 011111111111111111111111111111111111111111111111 100000000000000000000000000000000000000000000000 111111111 000000001 54 768 2 0 
AdvMn769.def 011111111111111111111111111111111111111111111111 100000000000000000000000000000000000000000000000 111111111 000000001 54 769 2 0 
AdvMn770.def 011111111111111111111111111111111111111111111111 100000000000000000000000000000000000000000000000 111111111 000000001 54 770 2 0 
AdvMn771.def 011111111111111111111111111111111111111111111111 100000000000000000000000000000000000000000000000 111111111 000000001 54 771 2 0 
AdvMn772.def 011111111111111111111111111111111111111111111111 100000000000000000000000000000000000000000000000 111111111 000000001 54 772 2 0 
AdvMn773.def 011111111111111111111111111111111111111111111111 100000000000000000000000000000000000000000000000 111111111 000000001 54 773 2 0 
AdvMn774.def 011111111111111111111111111111111111111111111111 100000000000000000000000000000000000000000000000 111111111 000000001 54 774 2 0 
AdvMn775.def 011111111111111111111111111111111111111111111111 100000000000000000000000000000000000000000000000 111111111 000000001 54 775 2 0 
AdvMn776.def 011111111111111111111111111111111111111111111111 100000000000000000000000000000000000000000000000 111111111 000000001 54 776 2 0 
AdvMn777.def 011111111111111111111111111111111111111111111111 100000000000000000000000000000000000000000000000 111111111 000000001 54 777 2 0 
AdvMn778.def 011111111111111111111111111111111111111111111111 100000000000000000000000000000000000000000000000 111111111 000000001 54 778 2 0 
AdvMn779.def 011111111111111111111111111111111111111111111111 100000000000000000000000000000000000000000000000 111111111 000000001 54 779 2 0 
AdvMn780.def 011111111111111111111111111111111111111111111111 100000000000000000000000000000000000000000000000 111111111 000000001 54 780 2 0 
AdvMn781.def 011111111111111111111111111111111111111111111111 100000000000000000000000000000000000000000000000 111111111 000000001 54 781 2 0 
AdvMn782.def 011111111111111111111111111111111111111111111111 100000000000000000000000000000000000000000000000 111111111 000000001 54 782 2 0 
AdvMn783.def 011111111111111111111111111111111111111111111111 100000000000000000000000000000000000000000000000 111111111 000000001 54 783 2 0 
AdvMn784.def 011111111111111111111111111111111111111111111111 100000000000000000000000000000000000000000000000 111111111 000000001 54 784 2 0 
AdvMn785.def 011111111111111111111111111111111111111111111111 100000000000000000000000000000000000000000000000 111111111 000000001 54 785 2 0 
AdvMn786.def 011111111111111111111111111111111111111111111111 100000000000000000000000000000000000000000000000 111111111 000000001 54 786 2 0 
AdvMn787.def 011111111111111111111111111111111111111111111111 100000000000000000000000000000000000000000000000 111111111 000000001 54 787 2 0 
AdvMn788.def 011111111111111111111111111111111111111111111111 100000000000000000000000000000000000000000000000 111111111 000000001 54 788 2 0 
AdvMn789.def 011111111111111111111111111111111111111111111111 100000000000000000000000000000000000000000000000 111111111 000000001 54 789 2 0 
AdvMn790.def 011111111111111111111111111111111111111111111111 100000000000000000000000000000000000000000000000 111111111 000000001 54 790 2 0 
AdvMn791.def 011111111111111111111111111111111111111111111111 100000000000000000000000000000000000000000000000 111111111 000000001 54 791 2 0 
AdvMn792.def 011111111111111111111111111111111111111111111111 100000000000000000000000000000000000000000000000 111111111 000000001 54 792 2 0 
AdvMn793.def 011111111111111111111111111111111111111111111111 100000000000000000000000000000000000000000000000 111111111 000000001 54 793 2 0 
AdvMn794.def 011111111111111111111111111111111111111111111111 100000000000000000000000000000000000000000000000 111111111 000000001 54 794 2 0 
AdvMn795.def 011111111111111111111111111111111111111111111111 100000000000000000000000000000000000000000000000 111111111 000000001 54 795 2 0 
AdvMn796.def 011111111111111111111111111111111111111111111111 100000000000000000000000000000000000000000000000 111111111 000000001 54 796 2 0 
AdvMn797.def 011111111111111111111111111111111111111111111111 100000000000000000000000000000000000000000000000 111111111 000000001 54 797 2 0 
AdvMn798.def 011111111111111111111111111111111111111111111111 100000000000000000000000000000000000000000000000 111111111 000000001 54 798 2 0 
AdvMn799.def 011111111111111111111111111111111111111111111111 100000000000000000000000000000000000000000000000 111111111 000000001 54 799 2 0 
AdvMn800.def 011111111111111111111111111111111111111111111111 100000000000000000000000000000000000000000000000 111111111 000000001 54 800 2 0 
AdvMn801.def 011111111111111111111111111111111111111111111111 100000000000000000000000000000000000000000000000 111111111 000000001 54 801 2 0 
AdvMn802.def 011111111111111111111111111111111111111111111111 100000000000000000000000000000000000000000000000 111111111 000000001 54 802 2 0 
AdvMn803.def 011111111111111111111111111111111111111111111111 100000000000000000000000000000000000000000000000 111111111 000000001 54 803 2 0 
AdvMn804.def 011111111111111111111111111111111111111111111111 100000000000000000000000000000000000000000000000 111111111 000000001 54 804 2 0 
AdvMn805.def 011111111111111111111111111111111111111111111111 100000000000000000000000000000000000000000000000 111111111 000000001 54 805 2 0 
AdvMn806.def 011111111111111111111111111111111111111111111111 100000000000000000000000000000000000000000000000 111111111 000000001 54 806 2 0 
AdvMn807.def 011111111111111111111111111111111111111111111111 100000000000000000000000000000000000000000000000 111111111 000000001 54 807 2 0 
AdvMn808.def 011111111111111111111111111111111111111111111111 100000000000000000000000000000000000000000000000 111111111 000000001 54 808 2 0 
AdvMn809.def 011111111111111111111111111111111111111111111111 100000000000000000000000000000000000000000000000 111111111 000000001 54 809 2 0 
AdvMn810.def 011111111111111111111111111111111111111111111111 100000000000000000000000000000000000000000000000 111111111 000000001 54 810 2 0 
AdvMn811.def 011111111111111111111111111111111111111111111111 100000000000000000000000000000000000000000000000 111111111 000000001 54 811 2 0 
AdvMn812.def 011111111111111111111111111111111111111111111111 100000000000000000000000000000000000000000000000 111111111 000000001 54 812 2 0 
AdvMn813.def 011111111111111111111111111111111111111111111111 100000000000000000000000000000000000000000000000 111111111 000000001 54 813 2 0 
AdvMn814.def 011111111111111111111111111111111111111111111111 100000000000000000000000000000000000000000000000 111111111 000000001 54 814 2 0 
AdvMn815.def 011111111111111111111111111111111111111111111111 100000000000000000000000000000000000000000000000 111111111 000000001 54 815 2 0 
AdvMn816.def 011111111111111111111111111111111111111111111111 100000000000000000000000000000000000000000000000 111111111 000000001 54 816 2 0 
AdvMn817.def 011111111111111111111111111111111111111111111111 100000000000000000000000000000000000000000000000 111111111 000000001 54 817 2 0 
AdvMn818.def 011111111111111111111111111111111111111111111111 100000000000000000000000000000000000000000000000 111111111 000000001 54 818 2 0 
AdvMn819.def 011111111111111111111111111111111111111111111111 100000000000000000000000000000000000000000000000 111111111 000000001 54 819 2 0 
AdvMn820.def 011111111111111111111111111111111111111111111111 100000000000000000000000000000000000000000000000 111111111 000000001 54 820 2 0 
AdvMn821.def 011111111111111111111111111111111111111111111111 100000000000000000000000000000000000000000000000 111111111 000000001 54 821 2 0 
AdvMn822.def 011111111111111111111111111111111111111111111111 100000000000000000000000000000000000000000000000 111111111 000000001 54 822 2 0 
AdvMn823.def 011111111111111111111111111111111111111111111111 100000000000000000000000000000000000000000000000 111111111 000000001 54 823 2 0 
AdvMn824.def 011111111111111111111111111111111111111111111111 100000000000000000000000000000000000000000000000 111111111 000000001 54 824 2 0 
AdvMn825.def 011111111111111111111111111111111111111111111111 100000000000000000000000000000000000000000000000 111111111 000000001 54 825 2 0 
AdvMn826.def 011111111111111111111111111111111111111111111111 100000000000000000000000000000000000000000000000 111111111 000000001 54 826 2 0 
AdvMn827.def 011111111111111111111111111111111111111111111111 100000000000000000000000000000000000000000000000 111111111 000000001 54 827 2 0 
AdvMn828.def 011111111111111111111111111111111111111111111111 100000000000000000000000000000000000000000000000 111111111 000000001 54 828 2 0 
AdvMn829.def 011111111111111111111111111111111111111111111111 100000000000000000000000000000000000000000000000 111111111 000000001 54 829 2 0 
AdvMn830.def 011111111111111111111111111111111111111111111111 100000000000000000000000000000000000000000000000 111111111 000000001 54 830 2 0 
AdvMn831.def 011111111111111111111111111111111111111111111111 100000000000000000000000000000000000000000000000 111111111 000000001 54 831 2 0 
AdvMn832.def 011111111111111111111111111111111111111111111111 100000000000000000000000000000000000000000000000 111111111 000000001 54 832 2 0 
AdvMn833.def 011111111111111111111111111111111111111111111111 100000000000000000000000000000000000000000000000 111111111 000000001 54 833 2 0 
AdvMn834.def 011111111111111111111111111111111111111111111111 100000000000000000000000000000000000000000000000 111111111 000000001 54 834 2 0 
AdvMn835.def 011111111111111111111111111111111111111111111111 100000000000000000000000000000000000000000000000 111111111 000000001 54 835 2 0 
AdvMn836.def 011111111111111111111111111111111111111111111111 100000000000000000000000000000000000000000000000 111111111 000000001 54 836 2 0 
AdvMn837.def 011111111111111111111111111111111111111111111111 100000000000000000000000000000000000000000000000 111111111 000000001 54 837 2 0 
AdvMn838.def 011111111111111111111111111111111111111111111111 100000000000000000000000000000000000000000000000 111111111 000000001 54 838 2 0 
AdvMn839.def 011111111111111111111111111111111111111111111111 100000000000000000000000000000000000000000000000 111111111 000000001 54 839 2 0 
AdvMn840.def 011111111111111111111111111111111111111111111111 100000000000000000000000000000000000000000000000 111111111 000000001 54 840 2 0 
AdvMn841.def 011111111111111111111111111111111111111111111111 100000000000000000000000000000000000000000000000 111111111 000000001 54 841 2 0 
AdvMn842.def 011111111111111111111111111111111111111111111111 100000000000000000000000000000000000000000000000 111111111 000000001 54 842 2 0 
AdvMn843.def 011111111111111111111111111111111111111111111111 100000000000000000000000000000000000000000000000 111111111 000000001 54 843 2 0 
AdvMn844.def 011111111111111111111111111111111111111111111111 100000000000000000000000000000000000000000000000 111111111 000000001 54 844 2 0 
AdvMn845.def 011111111111111111111111111111111111111111111111 100000000000000000000000000000000000000000000000 111111111 000000001 54 845 2 0 
AdvMn846.def 011111111111111111111111111111111111111111111111 100000000000000000000000000000000000000000000000 111111111 000000001 54 846 2 0 
AdvMn847.def 011111111111111111111111111111111111111111111111 100000000000000000000000000000000000000000000000 111111111 000000001 54 847 2 0 
AdvMn848.def 011111111111111111111111111111111111111111111111 100000000000000000000000000000000000000000000000 111111111 000000001 54 848 2 0 
AdvMn849.def 011111111111111111111111111111111111111111111111 100000000000000000000000000000000000000000000000 111111111 000000001 54 849 2 0 
AdvMn850.def 011111111111111111111111111111111111111111111111 100000000000000000000000000000000000000000000000 111111111 000000001 54 850 2 0 
AdvMn851.def 011111111111111111111111111111111111111111111111 100000000000000000000000000000000000000000000000 111111111 000000001 54 851 2 0 
AdvMn852.def 011111111111111111111111111111111111111111111111 100000000000000000000000000000000000000000000000 111111111 000000001 54 852 2 0 
AdvMn853.def 011111111111111111111111111111111111111111111111 100000000000000000000000000000000000000000000000 111111111 000000001 54 853 2 0 
AdvMn854.def 011111111111111111111111111111111111111111111111 100000000000000000000000000000000000000000000000 111111111 000000001 54 854 2 0 
AdvMn855.def 011111111111111111111111111111111111111111111111 100000000000000000000000000000000000000000000000 111111111 000000001 54 855 2 0 
AdvMn856.def 011111111111111111111111111111111111111111111111 100000000000000000000000000000000000000000000000 111111111 000000001 54 856 2 0 
AdvMn857.def 011111111111111111111111111111111111111111111111 100000000000000000000000000000000000000000000000 111111111 000000001 54 857 2 0 
AdvMn858.def 011111111111111111111111111111111111111111111111 100000000000000000000000000000000000000000000000 111111111 000000001 54 858 2 0 
AdvMn859.def 011111111111111111111111111111111111111111111111 100000000000000000000000000000000000000000000000 111111111 000000001 54 859 2 0 
AdvMn860.def 011111111111111111111111111111111111111111111111 100000000000000000000000000000000000000000000000 111111111 000000001 54 860 2 0 
AdvMn861.def 011111111111111111111111111111111111111111111111 100000000000000000000000000000000000000000000000 111111111 000000001 54 861 2 0 
AdvMn862.def 011111111111111111111111111111111111111111111111 100000000000000000000000000000000000000000000000 111111111 000000001 54 862 2 0 
AdvMn863.def 011111111111111111111111111111111111111111111111 100000000000000000000000000000000000000000000000 111111111 000000001 54 863 2 0 
AdvMn864.def 011111111111111111111111111111111111111111111111 100000000000000000000000000000000000000000000000 111111111 000000001 54 864 2 0 
AdvMn865.def 011111111111111111111111111111111111111111111111 100000000000000000000000000000000000000000000000 111111111 000000001 54 865 2 0 
AdvMn866.def 011111111111111111111111111111111111111111111111 100000000000000000000000000000000000000000000000 111111111 000000001 54 866 2 0 
AdvMn867.def 011111111111111111111111111111111111111111111111 100000000000000000000000000000000000000000000000 111111111 000000001 54 867 2 0 
AdvMn868.def 011111111111111111111111111111111111111111111111 100000000000000000000000000000000000000000000000 111111111 000000001 54 868 2 0 
AdvMn869.def 011111111111111111111111111111111111111111111111 100000000000000000000000000000000000000000000000 111111111 000000001 54 869 2 0 
AdvMn870.def 011111111111111111111111111111111111111111111111 100000000000000000000000000000000000000000000000 111111111 000000001 54 870 2 0 
AdvMn871.def 011111111111111111111111111111111111111111111111 100000000000000000000000000000000000000000000000 111111111 000000001 54 871 2 0 
AdvMn872.def 011111111111111111111111111111111111111111111111 100000000000000000000000000000000000000000000000 111111111 000000001 54 872 2 0 
AdvMn873.def 011111111111111111111111111111111111111111111111 100000000000000000000000000000000000000000000000 111111111 000000001 54 873 2 0 
AdvMn874.def 011111111111111111111111111111111111111111111111 100000000000000000000000000000000000000000000000 111111111 000000001 54 874 2 0 
AdvMn875.def 011111111111111111111111111111111111111111111111 100000000000000000000000000000000000000000000000 111111111 000000001 54 875 2 0 
AdvMn876.def 011111111111111111111111111111111111111111111111 100000000000000000000000000000000000000000000000 111111111 000000001 54 876 2 0 
AdvMn877.def 011111111111111111111111111111111111111111111111 100000000000000000000000000000000000000000000000 111111111 000000001 54 877 2 0 
AdvMn878.def 011111111111111111111111111111111111111111111111 100000000000000000000000000000000000000000000000 111111111 000000001 54 878 2 0 
AdvMn879.def 011111111111111111111111111111111111111111111111 100000000000000000000000000000000000000000000000 111111111 000000001 54 879 2 0 
AdvMn880.def 011111111111111111111111111111111111111111111111 100000000000000000000000000000000000000000000000 111111111 000000001 54 880 2 0 
AdvMn881.def 011111111111111111111111111111111111111111111111 100000000000000000000000000000000000000000000000 111111111 000000001 54 881 2 0 
AdvMn882.def 011111111111111111111111111111111111111111111111 100000000000000000000000000000000000000000000000 111111111 000000001 54 882 2 0 
AdvMn883.def 011111111111111111111111111111111111111111111111 100000000000000000000000000000000000000000000000 111111111 000000001 54 883 2 0 
AdvMn884.def 011111111111111111111111111111111111111111111111 100000000000000000000000000000000000000000000000 111111111 000000001 54 884 2 0 
AdvMn885.def 011111111111111111111111111111111111111111111111 100000000000000000000000000000000000000000000000 111111111 000000001 54 885 2 0 
AdvMn886.def 011111111111111111111111111111111111111111111111 100000000000000000000000000000000000000000000000 111111111 000000001 54 886 2 0 
AdvMn887.def 011111111111111111111111111111111111111111111111 100000000000000000000000000000000000000000000000 111111111 000000001 54 887 2 0 
AdvMn888.def 011111111111111111111111111111111111111111111111 100000000000000000000000000000000000000000000000 111111111 000000001 54 888 2 0 
AdvMn889.def 011111111111111111111111111111111111111111111111 100000000000000000000000000000000000000000000000 111111111 000000001 54 889 2 0 
AdvMn890.def 011111111111111111111111111111111111111111111111 100000000000000000000000000000000000000000000000 111111111 000000001 54 890 2 0 
AdvMn891.def 011111111111111111111111111111111111111111111111 100000000000000000000000000000000000000000000000 111111111 000000001 54 891 2 0 
AdvMn892.def 011111111111111111111111111111111111111111111111 100000000000000000000000000000000000000000000000 111111111 000000001 54 892 2 0 
AdvMn893.def 011111111111111111111111111111111111111111111111 100000000000000000000000000000000000000000000000 111111111 000000001 54 893 2 0 
AdvMn894.def 011111111111111111111111111111111111111111111111 100000000000000000000000000000000000000000000000 111111111 000000001 54 894 2 0 
AdvMn895.def 011111111111111111111111111111111111111111111111 100000000000000000000000000000000000000000000000 111111111 000000001 54 895 2 0 
AdvMn896.def 011111111111111111111111111111111111111111111111 100000000000000000000000000000000000000000000000 111111111 000000001 54 896 2 0 
AdvMn897.def 011111111111111111111111111111111111111111111111 100000000000000000000000000000000000000000000000 111111111 000000001 54 897 2 0 
AdvMn898.def 011111111111111111111111111111111111111111111111 100000000000000000000000000000000000000000000000 111111111 000000001 54 898 2 0 
AdvMn899.def 011111111111111111111111111111111111111111111111 100000000000000000000000000000000000000000000000 111111111 000000001 54 899 2 0 
AdvMn900.def 011111111111111111111111111111111111111111111111 100000000000000000000000000000000000000000000000 111111111 000000001 54 900 2 0 
AdvMn901.def 011111111111111111111111111111111111111111111111 100000000000000000000000000000000000000000000000 111111111 000000001 54 901 2 0 
AdvMn902.def 011111111111111111111111111111111111111111111111 100000000000000000000000000000000000000000000000 111111111 000000001 54 902 2 0 
AdvMn903.def 011111111111111111111111111111111111111111111111 100000000000000000000000000000000000000000000000 111111111 000000001 54 903 2 0 
AdvMn904.def 011111111111111111111111111111111111111111111111 100000000000000000000000000000000000000000000000 111111111 000000001 54 904 2 0 
AdvMn905.def 011111111111111111111111111111111111111111111111 100000000000000000000000000000000000000000000000 111111111 000000001 54 905 2 0 
AdvMn906.def 011111111111111111111111111111111111111111111111 100000000000000000000000000000000000000000000000 111111111 000000001 54 906 2 0 
AdvMn907.def 011111111111111111111111111111111111111111111111 100000000000000000000000000000000000000000000000 111111111 000000001 54 907 2 0 
AdvMn908.def 011111111111111111111111111111111111111111111111 100000000000000000000000000000000000000000000000 111111111 000000001 54 908 2 0 
AdvMn909.def 011111111111111111111111111111111111111111111111 100000000000000000000000000000000000000000000000 111111111 000000001 54 909 2 0 
AdvMn910.def 011111111111111111111111111111111111111111111111 100000000000000000000000000000000000000000000000 111111111 000000001 54 910 2 0 
AdvMn911.def 011111111111111111111111111111111111111111111111 100000000000000000000000000000000000000000000000 111111111 000000001 54 911 2 0 
AdvMn912.def 011111111111111111111111111111111111111111111111 100000000000000000000000000000000000000000000000 111111111 000000001 54 912 2 0 
AdvMn913.def 011111111111111111111111111111111111111111111111 100000000000000000000000000000000000000000000000 111111111 000000001 54 913 2 0 
AdvMn914.def 011111111111111111111111111111111111111111111111 100000000000000000000000000000000000000000000000 111111111 000000001 54 914 2 0 
AdvMn915.def 011111111111111111111111111111111111111111111111 100000000000000000000000000000000000000000000000 111111111 000000001 54 915 2 0 
AdvMn916.def 011111111111111111111111111111111111111111111111 100000000000000000000000000000000000000000000000 111111111 000000001 54 916 2 0 
AdvMn917.def 011111111111111111111111111111111111111111111111 100000000000000000000000000000000000000000000000 111111111 000000001 54 917 2 0 
AdvMn918.def 011111111111111111111111111111111111111111111111 100000000000000000000000000000000000000000000000 111111111 000000001 54 918 2 0 
AdvMn919.def 011111111111111111111111111111111111111111111111 100000000000000000000000000000000000000000000000 111111111 000000001 54 919 2 0 
AdvMn920.def 011111111111111111111111111111111111111111111111 100000000000000000000000000000000000000000000000 111111111 000000001 54 920 2 0 
AdvMn921.def 011111111111111111111111111111111111111111111111 100000000000000000000000000000000000000000000000 111111111 000000001 54 921 2 0 
AdvMn922.def 011111111111111111111111111111111111111111111111 100000000000000000000000000000000000000000000000 111111111 000000001 54 922 2 0 
AdvMn923.def 011111111111111111111111111111111111111111111111 100000000000000000000000000000000000000000000000 111111111 000000001 54 923 2 0 
AdvMn924.def 011111111111111111111111111111111111111111111111 100000000000000000000000000000000000000000000000 111111111 000000001 54 924 2 0 
AdvMn925.def 011111111111111111111111111111111111111111111111 100000000000000000000000000000000000000000000000 111111111 000000001 54 925 2 0 
AdvMn926.def 011111111111111111111111111111111111111111111111 100000000000000000000000000000000000000000000000 111111111 000000001 54 926 2 0 
AdvMn927.def 011111111111111111111111111111111111111111111111 100000000000000000000000000000000000000000000000 111111111 000000001 54 927 2 0 
AdvMn928.def 011111111111111111111111111111111111111111111111 100000000000000000000000000000000000000000000000 111111111 000000001 54 928 2 0 
AdvMn929.def 011111111111111111111111111111111111111111111111 100000000000000000000000000000000000000000000000 111111111 000000001 54 929 2 0 
AdvMn930.def 011111111111111111111111111111111111111111111111 100000000000000000000000000000000000000000000000 111111111 000000001 54 930 2 0 
AdvMn931.def 011111111111111111111111111111111111111111111111 100000000000000000000000000000000000000000000000 111111111 000000001 54 931 2 0 
AdvMn932.def 011111111111111111111111111111111111111111111111 100000000000000000000000000000000000000000000000 111111111 000000001 54 932 2 0 
AdvMn933.def 011111111111111111111111111111111111111111111111 100000000000000000000000000000000000000000000000 111111111 000000001 54 933 2 0 
AdvMn934.def 011111111111111111111111111111111111111111111111 100000000000000000000000000000000000000000000000 111111111 000000001 54 934 2 0 
AdvMn935.def 011111111111111111111111111111111111111111111111 100000000000000000000000000000000000000000000000 111111111 000000001 54 935 2 0 
AdvMn936.def 011111111111111111111111111111111111111111111111 100000000000000000000000000000000000000000000000 111111111 000000001 54 936 2 0 
AdvMn937.def 011111111111111111111111111111111111111111111111 100000000000000000000000000000000000000000000000 111111111 000000001 54 937 2 0 
AdvMn938.def 011111111111111111111111111111111111111111111111 100000000000000000000000000000000000000000000000 111111111 000000001 54 938 2 0 
AdvMn939.def 011111111111111111111111111111111111111111111111 100000000000000000000000000000000000000000000000 111111111 000000001 54 939 2 0 
AdvMn940.def 011111111111111111111111111111111111111111111111 100000000000000000000000000000000000000000000000 111111111 000000001 54 940 2 0 
AdvMn941.def 011111111111111111111111111111111111111111111111 100000000000000000000000000000000000000000000000 111111111 000000001 54 941 2 0 
AdvMn942.def 011111111111111111111111111111111111111111111111 100000000000000000000000000000000000000000000000 111111111 000000001 54 942 2 0 
AdvMn943.def 011111111111111111111111111111111111111111111111 100000000000000000000000000000000000000000000000 111111111 000000001 54 943 2 0 
AdvMn944.def 011111111111111111111111111111111111111111111111 100000000000000000000000000000000000000000000000 111111111 000000001 54 944 2 0 
AdvMn945.def 011111111111111111111111111111111111111111111111 100000000000000000000000000000000000000000000000 111111111 000000001 54 945 2 0 
AdvMn946.def 011111111111111111111111111111111111111111111111 100000000000000000000000000000000000000000000000 111111111 000000001 54 946 2 0 
AdvMn947.def 011111111111111111111111111111111111111111111111 100000000000000000000000000000000000000000000000 111111111 000000001 54 947 2 0 
AdvMn948.def 011111111111111111111111111111111111111111111111 100000000000000000000000000000000000000000000000 111111111 000000001 54 948 2 0 
AdvMn949.def 011111111111111111111111111111111111111111111111 100000000000000000000000000000000000000000000000 111111111 000000001 54 949 2 0 
AdvMn950.def 011111111111111111111111111111111111111111111111 100000000000000000000000000000000000000000000000 111111111 000000001 54 950 2 0 
AdvMn951.def 011111111111111111111111111111111111111111111111 100000000000000000000000000000000000000000000000 111111111 000000001 54 951 2 0 
AdvMn952.def 011111111111111111111111111111111111111111111111 100000000000000000000000000000000000000000000000 111111111 000000001 54 952 2 0 
AdvMn953.def 011111111111111111111111111111111111111111111111 100000000000000000000000000000000000000000000000 111111111 000000001 54 953 2 0 
AdvMn954.def 011111111111111111111111111111111111111111111111 100000000000000000000000000000000000000000000000 111111111 000000001 54 954 2 0 
AdvMn955.def 011111111111111111111111111111111111111111111111 100000000000000000000000000000000000000000000000 111111111 000000001 54 955 2 0 
AdvMn956.def 011111111111111111111111111111111111111111111111 100000000000000000000000000000000000000000000000 111111111 000000001 54 956 2 0 
AdvMn957.def 011111111111111111111111111111111111111111111111 100000000000000000000000000000000000000000000000 111111111 000000001 54 957 2 0 
AdvMn958.def 011111111111111111111111111111111111111111111111 100000000000000000000000000000000000000000000000 111111111 000000001 54 958 2 0 
AdvMn959.def 011111111111111111111111111111111111111111111111 100000000000000000000000000000000000000000000000 111111111 000000001 54 959 2 0 
AdvMn960.def 011111111111111111111111111111111111111111111111 100000000000000000000000000000000000000000000000 111111111 000000001 54 960 2 0 
AdvMn961.def 011111111111111111111111111111111111111111111111 100000000000000000000000000000000000000000000000 111111111 000000001 54 961 2 0 
AdvMn962.def 011111111111111111111111111111111111111111111111 100000000000000000000000000000000000000000000000 111111111 000000001 54 962 2 0 
AdvMn963.def 011111111111111111111111111111111111111111111111 100000000000000000000000000000000000000000000000 111111111 000000001 54 963 2 0 
AdvMn964.def 011111111111111111111111111111111111111111111111 100000000000000000000000000000000000000000000000 111111111 000000001 54 964 2 0 
AdvMn965.def 011111111111111111111111111111111111111111111111 100000000000000000000000000000000000000000000000 111111111 000000001 54 965 2 0 
AdvMn966.def 011111111111111111111111111111111111111111111111 100000000000000000000000000000000000000000000000 111111111 000000001 54 966 2 0 
AdvMn967.def 011111111111111111111111111111111111111111111111 100000000000000000000000000000000000000000000000 111111111 000000001 54 967 2 0 
AdvMn968.def 011111111111111111111111111111111111111111111111 100000000000000000000000000000000000000000000000 111111111 000000001 54 968 2 0 
AdvMn969.def 011111111111111111111111111111111111111111111111 100000000000000000000000000000000000000000000000 111111111 000000001 54 969 2 0 
AdvMn970.def 011111111111111111111111111111111111111111111111 100000000000000000000000000000000000000000000000 111111111 000000001 54 970 2 0 
AdvMn971.def 011111111111111111111111111111111111111111111111 100000000000000000000000000000000000000000000000 111111111 000000001 54 971 2 0 
AdvMn972.def 011111111111111111111111111111111111111111111111 100000000000000000000000000000000000000000000000 111111111 000000001 54 972 2 0 
AdvMn973.def 011111111111111111111111111111111111111111111111 100000000000000000000000000000000000000000000000 111111111 000000001 54 973 2 0 
AdvMn974.def 011111111111111111111111111111111111111111111111 100000000000000000000000000000000000000000000000 111111111 000000001 54 974 2 0 
AdvMn975.def 011111111111111111111111111111111111111111111111 100000000000000000000000000000000000000000000000 111111111 000000001 54 975 2 0 
AdvMn976.def 011111111111111111111111111111111111111111111111 100000000000000000000000000000000000000000000000 111111111 000000001 54 976 2 0 
AdvMn977.def 011111111111111111111111111111111111111111111111 100000000000000000000000000000000000000000000000 111111111 000000001 54 977 2 0 
AdvMn978.def 011111111111111111111111111111111111111111111111 100000000000000000000000000000000000000000000000 111111111 000000001 54 978 2 0 
AdvMn979.def 011111111111111111111111111111111111111111111111 100000000000000000000000000000000000000000000000 111111111 000000001 54 979 2 0 
AdvMn980.def 011111111111111111111111111111111111111111111111 100000000000000000000000000000000000000000000000 111111111 000000001 54 980 2 0 
AdvMn981.def 011111111111111111111111111111111111111111111111 100000000000000000000000000000000000000000000000 111111111 000000001 54 981 2 0 
AdvMn982.def 011111111111111111111111111111111111111111111111 100000000000000000000000000000000000000000000000 111111111 000000001 54 982 2 0 
AdvMn983.def 011111111111111111111111111111111111111111111111 100000000000000000000000000000000000000000000000 111111111 000000001 54 983 2 0 
AdvMn984.def 011111111111111111111111111111111111111111111111 100000000000000000000000000000000000000000000000 111111111 000000001 54 984 2 0 
AdvMn985.def 011111111111111111111111111111111111111111111111 100000000000000000000000000000000000000000000000 111111111 000000001 54 985 2 0 
AdvMn986.def 011111111111111111111111111111111111111111111111 100000000000000000000000000000000000000000000000 111111111 000000001 54 986 2 0 
AdvMn987.def 011111111111111111111111111111111111111111111111 100000000000000000000000000000000000000000000000 111111111 000000001 54 987 2 0 
AdvMn988.def 011111111111111111111111111111111111111111111111 100000000000000000000000000000000000000000000000 111111111 000000001 54 988 2 0 
AdvMn989.def 011111111111111111111111111111111111111111111111 100000000000000000000000000000000000000000000000 111111111 000000001 54 989 2 0 
AdvMn990.def 011111111111111111111111111111111111111111111111 100000000000000000000000000000000000000000000000 111111111 000000001 54 990 2 0 
AdvMn991.def 011111111111111111111111111111111111111111111111 100000000000000000000000000000000000000000000000 111111111 000000001 54 991 2 0 
AdvMn992.def 011111111111111111111111111111111111111111111111 100000000000000000000000000000000000000000000000 111111111 000000001 54 992 2 0 
AdvMn993.def 011111111111111111111111111111111111111111111111 100000000000000000000000000000000000000000000000 111111111 000000001 54 993 2 0 
AdvMn994.def 011111111111111111111111111111111111111111111111 100000000000000000000000000000000000000000000000 111111111 000000001 54 994 2 0 
AdvMn995.def 011111111111111111111111111111111111111111111111 100000000000000000000000000000000000000000000000 111111111 000000001 54 995 2 0 
AdvMn996.def 011111111111111111111111111111111111111111111111 100000000000000000000000000000000000000000000000 111111111 000000001 54 996 2 0 
AdvMn997.def 011111111111111111111111111111111111111111111111 100000000000000000000000000000000000000000000000 111111111 000000001 54 997 2 0 
AdvMn998.def 011111111111111111111111111111111111111111111111 100000000000000000000000000000000000000000000000 111111111 000000001 54 998 2 0 
ava0172.def 011111111111111111111111111111111111111111111111 100000000000000000000000000000000000000000000000 111111111 011111111 5 171 4 0
ava0173.def 011111111111111111111111111111111111111111111111 100000000000000000000000000000000000000000000000 111111111 011111111 5 172 4 0
ava0174.def 011111111111111111111111111111111111111111111111 100000000000000000000000000000000000000000000000 111111111 011111111 5 173 4 0
ava0175.def 011111111111111111111111111111111111111111111111 100000000000000000000000000000000000000000000000 111111111 011111111 5 174 4 0
ava0176.def 011111111111111111111111111111111111111111111111 100000000000000000000000000000000000000000000000 111111111 011111111 5 175 4 0
ava0177.def 011111111111111111111111111111111111111111111111 100000000000000000000000000000000000000000000000 111111111 011111111 5 176 4 0
ava0178.def 011111111111111111111111111111111111111111111111 100000000000000000000000000000000000000000000000 111111111 011111111 5 177 4 0
ava0179.def 011111111111111111111111111111111111111111111111 100000000000000000000000000000000000000000000000 111111111 011111111 5 178 4 0
ava0180.def 011111111111111111111111111111111111111111111111 100000000000000000000000000000000000000000000000 111111111 011111111 5 179 4 0
ava0181.def 011111111111111111111111111111111111111111111111 100000000000000000000000000000000000000000000000 111111111 011111111 5 180 4 0
ava0182.def 011111111111111111111111111111111111111111111111 100000000000000000000000000000000000000000000000 111111111 011111111 5 181 4 0
ava0183.def 011111111111111111111111111111111111111111111111 100000000000000000000000000000000000000000000000 111111111 011111111 5 182 4 0
ava0184.def 011111111111111111111111111111111111111111111111 100000000000000000000000000000000000000000000000 111111111 011111111 5 183 4 0
ava0185.def 011111111111111111111111111111111111111111111111 100000000000000000000000000000000000000000000000 111111111 011111111 5 184 4 0
ava0186.def 011111111111111111111111111111111111111111111111 100000000000000000000000000000000000000000000000 111111111 011111111 5 185 4 0
ava0187.def 011111111111111111111111111111111111111111111111 100000000000000000000000000000000000000000000000 111111111 011111111 5 186 4 0
ava0188.def 011111111111111111111111111111111111111111111111 100000000000000000000000000000000000000000000000 111111111 011111111 5 187 4 0
ava0189.def 011111111111111111111111111111111111111111111111 100000000000000000000000000000000000000000000000 111111111 011111111 5 188 4 0
ava0190.def 011111111111111111111111111111111111111111111111 100000000000000000000000000000000000000000000000 111111111 011111111 5 189 4 0
ava0191.def 011111111111111111111111111111111111111111111111 100000000000000000000000000000000000000000000000 111111111 011111111 5 190 4 0
ava0192.def 011111111111111111111111111111111111111111111111 100000000000000000000000000000000000000000000000 111111111 011111111 5 191 4 0
ava0193.def 011111111111111111111111111111111111111111111111 100000000000000000000000000000000000000000000000 111111111 011111111 5 192 4 0
ava0194.def 011111111111111111111111111111111111111111111111 100000000000000000000000000000000000000000000000 111111111 011111111 5 193 4 0
ava0195.def 011111111111111111111111111111111111111111111111 100000000000000000000000000000000000000000000000 111111111 011111111 5 194 4 0
ava0196.def 011111111111111111111111111111111111111111111111 100000000000000000000000000000000000000000000000 111111111 011111111 5 195 4 0
ava0197.def 011111111111111111111111111111111111111111111111 100000000000000000000000000000000000000000000000 111111111 011111111 5 196 4 0
ava0198.def 011111111111111111111111111111111111111111111111 100000000000000000000000000000000000000000000000 111111111 011111111 5 197 4 0
ava0199.def 011111111111111111111111111111111111111111111111 100000000000000000000000000000000000000000000000 111111111 011111111 5 198 4 0
ava0200.def 011111111111111111111111111111111111111111111111 100000000000000000000000000000000000000000000000 111111111 011111111 5 199 4 0
ava0201.def 011111111111111111111111111111111111111111111111 100000000000000000000000000000000000000000000000 111111111 011111111 5 200 4 0
ava0202.def 011111111111111111111111111111111111111111111111 100000000000000000000000000000000000000000000000 111111111 011111111 5 201 4 0
ava0203.def 011111111111111111111111111111111111111111111111 100000000000000000000000000000000000000000000000 111111111 011111111 5 202 4 0
ava0204.def 011111111111111111111111111111111111111111111111 100000000000000000000000000000000000000000000000 111111111 011111111 5 203 4 0
ava0205.def 011111111111111111111111111111111111111111111111 100000000000000000000000000000000000000000000000 111111111 011111111 5 204 4 0
ava0206.def 011111111111111111111111111111111111111111111111 100000000000000000000000000000000000000000000000 111111111 011111111 5 205 4 0
ava0207.def 011111111111111111111111111111111111111111111111 100000000000000000000000000000000000000000000000 111111111 011111111 5 206 4 0
ava0208.def 011111111111111111111111111111111111111111111111 100000000000000000000000000000000000000000000000 111111111 011111111 5 207 4 0
ava0209.def 011111111111111111111111111111111111111111111111 100000000000000000000000000000000000000000000000 111111111 011111111 5 208 4 0
ava0210.def 011111111111111111111111111111111111111111111111 100000000000000000000000000000000000000000000000 111111111 011111111 5 209 4 0
ava0211.def 011111111111111111111111111111111111111111111111 100000000000000000000000000000000000000000000000 111111111 011111111 5 210 4 0
ava0212.def 011111111111111111111111111111111111111111111111 100000000000000000000000000000000000000000000000 111111111 011111111 5 211 4 0
ava0213.def 011111111111111111111111111111111111111111111111 100000000000000000000000000000000000000000000000 111111111 011111111 5 212 4 0
ava0214.def 011111111111111111111111111111111111111111111111 100000000000000000000000000000000000000000000000 111111111 011111111 5 213 4 0
ava0215.def 011111111111111111111111111111111111111111111111 100000000000000000000000000000000000000000000000 111111111 011111111 5 214 4 0
ava0216.def 011111111111111111111111111111111111111111111111 100000000000000000000000000000000000000000000000 111111111 011111111 5 215 4 0
ava0217.def 011111111111111111111111111111111111111111111111 100000000000000000000000000000000000000000000000 111111111 011111111 5 216 4 0
ava0218.def 011111111111111111111111111111111111111111111111 100000000000000000000000000000000000000000000000 111111111 011111111 5 217 4 0
ava0219.def 011111111111111111111111111111111111111111111111 100000000000000000000000000000000000000000000000 111111111 011111111 5 218 4 0
ava0220.def 011111111111111111111111111111111111111111111111 100000000000000000000000000000000000000000000000 111111111 011111111 5 219 4 0
ava0221.def 011111111111111111111111111111111111111111111111 100000000000000000000000000000000000000000000000 111111111 011111111 5 220 4 0
ava0222.def 011111111111111111111111111111111111111111111111 100000000000000000000000000000000000000000000000 111111111 011111111 5 221 4 0
ava0223.def 011111111111111111111111111111111111111111111111 100000000000000000000000000000000000000000000000 111111111 011111111 5 222 4 0
ava0224.def 011111111111111111111111111111111111111111111111 100000000000000000000000000000000000000000000000 111111111 011111111 5 223 4 0
ava0225.def 011111111111111111111111111111111111111111111111 100000000000000000000000000000000000000000000000 111111111 011111111 5 224 4 0
ava0226.def 011111111111111111111111111111111111111111111111 100000000000000000000000000000000000000000000000 111111111 011111111 5 225 4 0
ava0227.def 011111111111111111111111111111111111111111111111 100000000000000000000000000000000000000000000000 111111111 011111111 5 226 4 0
ava0228.def 011111111111111111111111111111111111111111111111 100000000000000000000000000000000000000000000000 111111111 011111111 5 227 4 0
ava0229.def 011111111111111111111111111111111111111111111111 100000000000000000000000000000000000000000000000 111111111 011111111 5 228 4 0
ava0230.def 011111111111111111111111111111111111111111111111 100000000000000000000000000000000000000000000000 111111111 011111111 5 229 4 0
ava0231.def 011111111111111111111111111111111111111111111111 100000000000000000000000000000000000000000000000 111111111 011111111 5 230 4 0
ava0232.def 011111111111111111111111111111111111111111111111 100000000000000000000000000000000000000000000000 111111111 011111111 5 231 4 0
ava0233.def 011111111111111111111111111111111111111111111111 100000000000000000000000000000000000000000000000 111111111 011111111 5 232 4 0
ava0234.def 011111111111111111111111111111111111111111111111 100000000000000000000000000000000000000000000000 111111111 011111111 5 233 4 0
ava0235.def 011111111111111111111111111111111111111111111111 100000000000000000000000000000000000000000000000 111111111 011111111 5 234 4 0
ava0236.def 011111111111111111111111111111111111111111111111 100000000000000000000000000000000000000000000000 111111111 011111111 5 235 4 0
ava0237.def 011111111111111111111111111111111111111111111111 100000000000000000000000000000000000000000000000 111111111 011111111 5 236 4 0
ava0238.def 011111111111111111111111111111111111111111111111 100000000000000000000000000000000000000000000000 111111111 011111111 5 237 4 0
ava0239.def 011111111111111111111111111111111111111111111111 100000000000000000000000000000000000000000000000 111111111 011111111 5 238 4 0
ava0240.def 011111111111111111111111111111111111111111111111 100000000000000000000000000000000000000000000000 111111111 011111111 5 239 4 0
ava0241.def 011111111111111111111111111111111111111111111111 100000000000000000000000000000000000000000000000 111111111 011111111 5 240 4 0
ava0242.def 011111111111111111111111111111111111111111111111 100000000000000000000000000000000000000000000000 111111111 011111111 5 241 4 0
ava0243.def 011111111111111111111111111111111111111111111111 100000000000000000000000000000000000000000000000 111111111 011111111 5 242 4 0
ava0244.def 011111111111111111111111111111111111111111111111 100000000000000000000000000000000000000000000000 111111111 011111111 5 243 4 0
ava0245.def 011111111111111111111111111111111111111111111111 100000000000000000000000000000000000000000000000 111111111 011111111 5 244 4 0
ava0246.def 011111111111111111111111111111111111111111111111 100000000000000000000000000000000000000000000000 111111111 011111111 5 245 4 0
ava0247.def 011111111111111111111111111111111111111111111111 100000000000000000000000000000000000000000000000 111111111 011111111 5 246 4 0
ava0248.def 011111111111111111111111111111111111111111111111 100000000000000000000000000000000000000000000000 111111111 011111111 5 247 4 0
ava0249.def 011111111111111111111111111111111111111111111111 100000000000000000000000000000000000000000000000 111111111 011111111 5 248 4 0
ava0250.def 011111111111111111111111111111111111111111111111 100000000000000000000000000000000000000000000000 111111111 011111111 5 249 4 0
ava0251.def 011111111111111111111111111111111111111111111111 100000000000000000000000000000000000000000000000 111111111 011111111 5 250 4 0
ava0252.def 011111111111111111111111111111111111111111111111 100000000000000000000000000000000000000000000000 111111111 011111111 5 251 4 0
ava0253.def 011111111111111111111111111111111111111111111111 100000000000000000000000000000000000000000000000 111111111 011111111 5 252 4 0
ava0254.def 011111111111111111111111111111111111111111111111 100000000000000000000000000000000000000000000000 111111111 011111111 5 253 4 0
ava0255.def 011111111111111111111111111111111111111111111111 100000000000000000000000000000000000000000000000 111111111 011111111 5 254 4 0
ava0256.def 011111111111111111111111111111111111111111111111 100000000000000000000000000000000000000000000000 111111111 011111111 5 255 4 0
ava0257.def 011111111111111111111111111111111111111111111111 100000000000000000000000000000000000000000000000 111111111 011111111 5 256 4 0
ava0258.def 011111111111111111111111111111111111111111111111 100000000000000000000000000000000000000000000000 111111111 011111111 5 257 4 0
ava0259.def 011111111111111111111111111111111111111111111111 100000000000000000000000000000000000000000000000 111111111 011111111 5 258 4 0
ava0260.def 011111111111111111111111111111111111111111111111 100000000000000000000000000000000000000000000000 111111111 011111111 5 259 4 0
ava0261.def 011111111111111111111111111111111111111111111111 100000000000000000000000000000000000000000000000 111111111 011111111 5 260 4 0
ava0262.def 011111111111111111111111111111111111111111111111 100000000000000000000000000000000000000000000000 111111111 011111111 5 261 4 0
ava0263.def 011111111111111111111111111111111111111111111111 100000000000000000000000000000000000000000000000 111111111 011111111 5 262 4 0
ava0264.def 011111111111111111111111111111111111111111111111 100000000000000000000000000000000000000000000000 111111111 011111111 5 263 4 0
ava0265.def 011111111111111111111111111111111111111111111111 100000000000000000000000000000000000000000000000 111111111 011111111 5 264 4 0
ava0266.def 011111111111111111111111111111111111111111111111 100000000000000000000000000000000000000000000000 111111111 011111111 5 265 4 0
ava0267.def 011111111111111111111111111111111111111111111111 100000000000000000000000000000000000000000000000 111111111 011111111 5 266 4 0
ava0268.def 011111111111111111111111111111111111111111111111 100000000000000000000000000000000000000000000000 111111111 011111111 5 267 4 0
ava0269.def 011111111111111111111111111111111111111111111111 100000000000000000000000000000000000000000000000 111111111 011111111 5 268 4 0
ava0270.def 011111111111111111111111111111111111111111111111 100000000000000000000000000000000000000000000000 111111111 011111111 5 269 4 0
ava0271.def 011111111111111111111111111111111111111111111111 100000000000000000000000000000000000000000000000 111111111 011111111 5 270 4 0
ava0272.def 011111111111111111111111111111111111111111111111 100000000000000000000000000000000000000000000000 111111111 011111111 5 271 4 0
ava0273.def 011111111111111111111111111111111111111111111111 100000000000000000000000000000000000000000000000 111111111 011111111 5 272 4 0
ava0274.def 011111111111111111111111111111111111111111111111 100000000000000000000000000000000000000000000000 111111111 011111111 5 273 4 0
ava0275.def 011111111111111111111111111111111111111111111111 100000000000000000000000000000000000000000000000 111111111 011111111 5 274 4 0
ava0276.def 011111111111111111111111111111111111111111111111 100000000000000000000000000000000000000000000000 111111111 011111111 5 275 4 0
ava0277.def 011111111111111111111111111111111111111111111111 100000000000000000000000000000000000000000000000 111111111 011111111 5 276 4 0
ava0278.def 011111111111111111111111111111111111111111111111 100000000000000000000000000000000000000000000000 111111111 011111111 5 277 4 0
ava0279.def 011111111111111111111111111111111111111111111111 100000000000000000000000000000000000000000000000 111111111 011111111 5 278 4 0
ava0280.def 011111111111111111111111111111111111111111111111 100000000000000000000000000000000000000000000000 111111111 011111111 5 279 4 0
ava0281.def 011111111111111111111111111111111111111111111111 100000000000000000000000000000000000000000000000 111111111 011111111 5 280 4 0
ava0282.def 011111111111111111111111111111111111111111111111 100000000000000000000000000000000000000000000000 111111111 011111111 5 281 4 0
ava0283.def 011111111111111111111111111111111111111111111111 100000000000000000000000000000000000000000000000 111111111 011111111 5 282 4 0
ava0284.def 011111111111111111111111111111111111111111111111 100000000000000000000000000000000000000000000000 111111111 011111111 5 283 4 0
ava0285.def 011111111111111111111111111111111111111111111111 100000000000000000000000000000000000000000000000 111111111 011111111 5 284 4 0
ava0286.def 011111111111111111111111111111111111111111111111 100000000000000000000000000000000000000000000000 111111111 011111111 5 285 4 0
ava0287.def 011111111111111111111111111111111111111111111111 100000000000000000000000000000000000000000000000 111111111 011111111 5 286 4 0
ava0288.def 011111111111111111111111111111111111111111111111 100000000000000000000000000000000000000000000000 111111111 011111111 5 287 4 0
ava0289.def 011111111111111111111111111111111111111111111111 100000000000000000000000000000000000000000000000 111111111 011111111 5 288 4 0
ava0290.def 011111111111111111111111111111111111111111111111 100000000000000000000000000000000000000000000000 111111111 011111111 5 289 4 0
ava0291.def 011111111111111111111111111111111111111111111111 100000000000000000000000000000000000000000000000 111111111 011111111 5 290 4 0
ava0292.def 011111111111111111111111111111111111111111111111 100000000000000000000000000000000000000000000000 111111111 011111111 5 291 4 0
ava0293.def 011111111111111111111111111111111111111111111111 100000000000000000000000000000000000000000000000 111111111 011111111 5 292 4 0
ava0294.def 011111111111111111111111111111111111111111111111 100000000000000000000000000000000000000000000000 111111111 011111111 5 293 4 0
ava0295.def 011111111111111111111111111111111111111111111111 100000000000000000000000000000000000000000000000 111111111 011111111 5 294 4 0
ava0296.def 011111111111111111111111111111111111111111111111 100000000000000000000000000000000000000000000000 111111111 011111111 5 295 4 0
ava0297.def 011111111111111111111111111111111111111111111111 100000000000000000000000000000000000000000000000 111111111 011111111 5 296 4 0
ava0298.def 011111111111111111111111111111111111111111111111 100000000000000000000000000000000000000000000000 111111111 011111111 5 297 4 0
ava0299.def 011111111111111111111111111111111111111111111111 100000000000000000000000000000000000000000000000 111111111 011111111 5 298 4 0
ava0300.def 011111111111111111111111111111111111111111111111 100000000000000000000000000000000000000000000000 111111111 011111111 5 299 4 0
ava0301.def 011111111111111111111111111111111111111111111111 100000000000000000000000000000000000000000000000 111111111 011111111 5 300 4 0
ava0302.def 011111111111111111111111111111111111111111111111 100000000000000000000000000000000000000000000000 111111111 011111111 5 301 4 0
ava0303.def 011111111111111111111111111111111111111111111111 100000000000000000000000000000000000000000000000 111111111 011111111 5 302 4 0
ava0304.def 011111111111111111111111111111111111111111111111 100000000000000000000000000000000000000000000000 111111111 011111111 5 303 4 0
ava0305.def 011111111111111111111111111111111111111111111111 100000000000000000000000000000000000000000000000 111111111 011111111 5 304 4 0
ava0306.def 011111111111111111111111111111111111111111111111 100000000000000000000000000000000000000000000000 111111111 011111111 5 305 4 0
ava0307.def 011111111111111111111111111111111111111111111111 100000000000000000000000000000000000000000000000 111111111 011111111 5 306 4 0
ava0308.def 011111111111111111111111111111111111111111111111 100000000000000000000000000000000000000000000000 111111111 011111111 5 307 4 0
ava0309.def 011111111111111111111111111111111111111111111111 100000000000000000000000000000000000000000000000 111111111 011111111 5 308 4 0
ava0310.def 011111111111111111111111111111111111111111111111 100000000000000000000000000000000000000000000000 111111111 011111111 5 309 4 0
ava0311.def 011111111111111111111111111111111111111111111111 100000000000000000000000000000000000000000000000 111111111 011111111 5 310 4 0
ava0312.def 011111111111111111111111111111111111111111111111 100000000000000000000000000000000000000000000000 111111111 011111111 5 311 4 0
ava0313.def 011111111111111111111111111111111111111111111111 100000000000000000000000000000000000000000000000 111111111 011111111 5 312 4 0
ava0314.def 011111111111111111111111111111111111111111111111 100000000000000000000000000000000000000000000000 111111111 011111111 5 313 4 0
ava0315.def 011111111111111111111111111111111111111111111111 100000000000000000000000000000000000000000000000 111111111 011111111 5 314 4 0
ava0316.def 011111111111111111111111111111111111111111111111 100000000000000000000000000000000000000000000000 111111111 011111111 5 315 4 0
ava0317.def 011111111111111111111111111111111111111111111111 100000000000000000000000000000000000000000000000 111111111 011111111 5 316 4 0
ava0318.def 011111111111111111111111111111111111111111111111 100000000000000000000000000000000000000000000000 111111111 011111111 5 317 4 0
ava0319.def 011111111111111111111111111111111111111111111111 100000000000000000000000000000000000000000000000 111111111 011111111 5 318 4 0
ava0320.def 011111111111111111111111111111111111111111111111 100000000000000000000000000000000000000000000000 111111111 011111111 5 319 4 0
ava0321.def 011111111111111111111111111111111111111111111111 100000000000000000000000000000000000000000000000 111111111 011111111 5 320 4 0
ava0322.def 011111111111111111111111111111111111111111111111 100000000000000000000000000000000000000000000000 111111111 011111111 5 321 4 0
ava0323.def 011111111111111111111111111111111111111111111111 100000000000000000000000000000000000000000000000 111111111 011111111 5 322 4 0
ava0324.def 011111111111111111111111111111111111111111111111 100000000000000000000000000000000000000000000000 111111111 011111111 5 323 4 0
ava0325.def 011111111111111111111111111111111111111111111111 100000000000000000000000000000000000000000000000 111111111 011111111 5 324 4 0
ava0326.def 011111111111111111111111111111111111111111111111 100000000000000000000000000000000000000000000000 111111111 011111111 5 325 4 0
ava0327.def 011111111111111111111111111111111111111111111111 100000000000000000000000000000000000000000000000 111111111 011111111 5 326 4 0
ava0328.def 011111111111111111111111111111111111111111111111 100000000000000000000000000000000000000000000000 111111111 011111111 5 327 4 0
ava0329.def 011111111111111111111111111111111111111111111111 100000000000000000000000000000000000000000000000 111111111 011111111 5 328 4 0
ava0330.def 011111111111111111111111111111111111111111111111 100000000000000000000000000000000000000000000000 111111111 011111111 5 329 4 0
ava0331.def 011111111111111111111111111111111111111111111111 100000000000000000000000000000000000000000000000 111111111 011111111 5 330 4 0
ava0332.def 011111111111111111111111111111111111111111111111 100000000000000000000000000000000000000000000000 111111111 011111111 5 331 4 0
ava0333.def 011111111111111111111111111111111111111111111111 100000000000000000000000000000000000000000000000 111111111 011111111 5 332 4 0
ava0334.def 011111111111111111111111111111111111111111111111 100000000000000000000000000000000000000000000000 111111111 011111111 5 333 4 0
ava0335.def 011111111111111111111111111111111111111111111111 100000000000000000000000000000000000000000000000 111111111 011111111 5 334 4 0
ava0336.def 011111111111111111111111111111111111111111111111 100000000000000000000000000000000000000000000000 111111111 011111111 5 335 4 0
ava0337.def 011111111111111111111111111111111111111111111111 100000000000000000000000000000000000000000000000 111111111 011111111 5 336 4 0
ava0338.def 011111111111111111111111111111111111111111111111 100000000000000000000000000000000000000000000000 111111111 011111111 5 337 4 0
ava0339.def 011111111111111111111111111111111111111111111111 100000000000000000000000000000000000000000000000 111111111 011111111 5 338 4 0
ava0340.def 011111111111111111111111111111111111111111111111 100000000000000000000000000000000000000000000000 111111111 011111111 5 339 4 0
ava0341.def 011111111111111111111111111111111111111111111111 100000000000000000000000000000000000000000000000 111111111 011111111 5 340 4 0
ava0342.def 011111111111111111111111111111111111111111111111 100000000000000000000000000000000000000000000000 111111111 011111111 5 341 4 0
ava0343.def 011111111111111111111111111111111111111111111111 100000000000000000000000000000000000000000000000 111111111 011111111 5 342 4 0
ava0344.def 011111111111111111111111111111111111111111111111 100000000000000000000000000000000000000000000000 111111111 011111111 5 343 4 0
ava0345.def 011111111111111111111111111111111111111111111111 100000000000000000000000000000000000000000000000 111111111 011111111 5 344 4 0
ava0346.def 011111111111111111111111111111111111111111111111 100000000000000000000000000000000000000000000000 111111111 011111111 5 345 4 0
ava0347.def 011111111111111111111111111111111111111111111111 100000000000000000000000000000000000000000000000 111111111 011111111 5 346 4 0
ava0348.def 011111111111111111111111111111111111111111111111 100000000000000000000000000000000000000000000000 111111111 011111111 5 347 4 0
ava0349.def 011111111111111111111111111111111111111111111111 100000000000000000000000000000000000000000000000 111111111 011111111 5 348 4 0
ava0350.def 011111111111111111111111111111111111111111111111 100000000000000000000000000000000000000000000000 111111111 011111111 5 349 4 0
ava0351.def 011111111111111111111111111111111111111111111111 100000000000000000000000000000000000000000000000 111111111 011111111 5 350 4 0
ava0352.def 011111111111111111111111111111111111111111111111 100000000000000000000000000000000000000000000000 111111111 011111111 5 351 4 0
ava0353.def 011111111111111111111111111111111111111111111111 100000000000000000000000000000000000000000000000 111111111 011111111 5 352 4 0
ava0354.def 011111111111111111111111111111111111111111111111 100000000000000000000000000000000000000000000000 111111111 011111111 5 353 4 0
ava0355.def 011111111111111111111111111111111111111111111111 100000000000000000000000000000000000000000000000 111111111 011111111 5 354 4 0
ava0356.def 011111111111111111111111111111111111111111111111 100000000000000000000000000000000000000000000000 111111111 011111111 5 355 4 0
ava0357.def 011111111111111111111111111111111111111111111111 100000000000000000000000000000000000000000000000 111111111 011111111 5 356 4 0
ava0358.def 011111111111111111111111111111111111111111111111 100000000000000000000000000000000000000000000000 111111111 011111111 5 357 4 0
ava0359.def 011111111111111111111111111111111111111111111111 100000000000000000000000000000000000000000000000 111111111 011111111 5 358 4 0
ava0360.def 011111111111111111111111111111111111111111111111 100000000000000000000000000000000000000000000000 111111111 011111111 5 359 4 0
ava0361.def 011111111111111111111111111111111111111111111111 100000000000000000000000000000000000000000000000 111111111 011111111 5 360 4 0
ava0362.def 011111111111111111111111111111111111111111111111 100000000000000000000000000000000000000000000000 111111111 011111111 5 361 4 0
ava0363.def 011111111111111111111111111111111111111111111111 100000000000000000000000000000000000000000000000 111111111 011111111 5 362 4 0
ava0364.def 011111111111111111111111111111111111111111111111 100000000000000000000000000000000000000000000000 111111111 011111111 5 363 4 0
ava0365.def 011111111111111111111111111111111111111111111111 100000000000000000000000000000000000000000000000 111111111 011111111 5 364 4 0
ava0366.def 011111111111111111111111111111111111111111111111 100000000000000000000000000000000000000000000000 111111111 011111111 5 365 4 0
ava0367.def 011111111111111111111111111111111111111111111111 100000000000000000000000000000000000000000000000 111111111 011111111 5 366 4 0
ava0368.def 011111111111111111111111111111111111111111111111 100000000000000000000000000000000000000000000000 111111111 011111111 5 367 4 0
ava0369.def 011111111111111111111111111111111111111111111111 100000000000000000000000000000000000000000000000 111111111 011111111 5 368 4 0
ava0370.def 011111111111111111111111111111111111111111111111 100000000000000000000000000000000000000000000000 111111111 011111111 5 369 4 0
ava0371.def 011111111111111111111111111111111111111111111111 100000000000000000000000000000000000000000000000 111111111 011111111 5 370 4 0
ava0372.def 011111111111111111111111111111111111111111111111 100000000000000000000000000000000000000000000000 111111111 011111111 5 371 4 0
ava0373.def 011111111111111111111111111111111111111111111111 100000000000000000000000000000000000000000000000 111111111 011111111 5 372 4 0
ava0374.def 011111111111111111111111111111111111111111111111 100000000000000000000000000000000000000000000000 111111111 011111111 5 373 4 0
ava0375.def 011111111111111111111111111111111111111111111111 100000000000000000000000000000000000000000000000 111111111 011111111 5 374 4 0
ava0376.def 011111111111111111111111111111111111111111111111 100000000000000000000000000000000000000000000000 111111111 011111111 5 375 4 0
ava0377.def 011111111111111111111111111111111111111111111111 100000000000000000000000000000000000000000000000 111111111 011111111 5 376 4 0
ava0378.def 011111111111111111111111111111111111111111111111 100000000000000000000000000000000000000000000000 111111111 011111111 5 377 4 0
ava0379.def 011111111111111111111111111111111111111111111111 100000000000000000000000000000000000000000000000 111111111 011111111 5 378 4 0
ava0380.def 011111111111111111111111111111111111111111111111 100000000000000000000000000000000000000000000000 111111111 011111111 5 379 4 0
ava0381.def 011111111111111111111111111111111111111111111111 100000000000000000000000000000000000000000000000 111111111 011111111 5 380 4 0
ava0382.def 011111111111111111111111111111111111111111111111 100000000000000000000000000000000000000000000000 111111111 011111111 5 381 4 0
ava0383.def 011111111111111111111111111111111111111111111111 100000000000000000000000000000000000000000000000 111111111 011111111 5 382 4 0
ava0384.def 011111111111111111111111111111111111111111111111 100000000000000000000000000000000000000000000000 111111111 011111111 5 383 4 0
ava0385.def 011111111111111111111111111111111111111111111111 100000000000000000000000000000000000000000000000 111111111 011111111 5 384 4 0
ava0386.def 011111111111111111111111111111111111111111111111 100000000000000000000000000000000000000000000000 111111111 011111111 5 385 4 0
ava0387.def 011111111111111111111111111111111111111111111111 100000000000000000000000000000000000000000000000 111111111 011111111 5 386 4 0
ava0388.def 011111111111111111111111111111111111111111111111 100000000000000000000000000000000000000000000000 111111111 011111111 5 387 4 0
ava0389.def 011111111111111111111111111111111111111111111111 100000000000000000000000000000000000000000000000 111111111 011111111 5 388 4 0
ava0390.def 011111111111111111111111111111111111111111111111 100000000000000000000000000000000000000000000000 111111111 011111111 5 389 4 0
ava0391.def 011111111111111111111111111111111111111111111111 100000000000000000000000000000000000000000000000 111111111 011111111 5 390 4 0
ava0392.def 011111111111111111111111111111111111111111111111 100000000000000000000000000000000000000000000000 111111111 011111111 5 391 4 0
ava0393.def 011111111111111111111111111111111111111111111111 100000000000000000000000000000000000000000000000 111111111 011111111 5 392 4 0
ava0394.def 011111111111111111111111111111111111111111111111 100000000000000000000000000000000000000000000000 111111111 011111111 5 393 4 0
ava0395.def 011111111111111111111111111111111111111111111111 100000000000000000000000000000000000000000000000 111111111 011111111 5 394 4 0
ava0396.def 011111111111111111111111111111111111111111111111 100000000000000000000000000000000000000000000000 111111111 011111111 5 395 4 0
ava0397.def 011111111111111111111111111111111111111111111111 100000000000000000000000000000000000000000000000 111111111 011111111 5 396 4 0
ava0398.def 011111111111111111111111111111111111111111111111 100000000000000000000000000000000000000000000000 111111111 011111111 5 397 4 0
ava0399.def 011111111111111111111111111111111111111111111111 100000000000000000000000000000000000000000000000 111111111 011111111 5 398 4 0
ava0400.def 011111111111111111111111111111111111111111111111 100000000000000000000000000000000000000000000000 111111111 011111111 5 399 4 0
ava0401.def 011111111111111111111111111111111111111111111111 100000000000000000000000000000000000000000000000 111111111 011111111 5 400 4 0
ava0402.def 011111111111111111111111111111111111111111111111 100000000000000000000000000000000000000000000000 111111111 011111111 5 401 4 0
ava0403.def 011111111111111111111111111111111111111111111111 100000000000000000000000000000000000000000000000 111111111 011111111 5 402 4 0
ava0404.def 011111111111111111111111111111111111111111111111 100000000000000000000000000000000000000000000000 111111111 011111111 5 403 4 0
ava0405.def 011111111111111111111111111111111111111111111111 100000000000000000000000000000000000000000000000 111111111 011111111 5 404 4 0
ava0406.def 011111111111111111111111111111111111111111111111 100000000000000000000000000000000000000000000000 111111111 011111111 5 405 4 0
ava0407.def 011111111111111111111111111111111111111111111111 100000000000000000000000000000000000000000000000 111111111 011111111 5 406 4 0
ava0408.def 011111111111111111111111111111111111111111111111 100000000000000000000000000000000000000000000000 111111111 011111111 5 407 4 0
ava0409.def 011111111111111111111111111111111111111111111111 100000000000000000000000000000000000000000000000 111111111 011111111 5 408 4 0
ava0410.def 011111111111111111111111111111111111111111111111 100000000000000000000000000000000000000000000000 111111111 011111111 5 409 4 0
ava0411.def 011111111111111111111111111111111111111111111111 100000000000000000000000000000000000000000000000 111111111 011111111 5 410 4 0
ava0412.def 011111111111111111111111111111111111111111111111 100000000000000000000000000000000000000000000000 111111111 011111111 5 411 4 0
ava0413.def 011111111111111111111111111111111111111111111111 100000000000000000000000000000000000000000000000 111111111 011111111 5 412 4 0
ava0414.def 011111111111111111111111111111111111111111111111 100000000000000000000000000000000000000000000000 111111111 011111111 5 413 4 0
ava0415.def 011111111111111111111111111111111111111111111111 100000000000000000000000000000000000000000000000 111111111 011111111 5 414 4 0
ava0416.def 011111111111111111111111111111111111111111111111 100000000000000000000000000000000000000000000000 111111111 011111111 5 415 4 0
ava0417.def 011111111111111111111111111111111111111111111111 100000000000000000000000000000000000000000000000 111111111 011111111 5 416 4 0
ava0418.def 011111111111111111111111111111111111111111111111 100000000000000000000000000000000000000000000000 111111111 011111111 5 417 4 0
ava0419.def 011111111111111111111111111111111111111111111111 100000000000000000000000000000000000000000000000 111111111 011111111 5 418 4 0
ava0420.def 011111111111111111111111111111111111111111111111 100000000000000000000000000000000000000000000000 111111111 011111111 5 419 4 0
ava0421.def 011111111111111111111111111111111111111111111111 100000000000000000000000000000000000000000000000 111111111 011111111 5 420 4 0
ava0422.def 011111111111111111111111111111111111111111111111 100000000000000000000000000000000000000000000000 111111111 011111111 5 421 4 0
ava0423.def 011111111111111111111111111111111111111111111111 100000000000000000000000000000000000000000000000 111111111 011111111 5 422 4 0
ava0424.def 011111111111111111111111111111111111111111111111 100000000000000000000000000000000000000000000000 111111111 011111111 5 423 4 0
ava0425.def 011111111111111111111111111111111111111111111111 100000000000000000000000000000000000000000000000 111111111 011111111 5 424 4 0
ava0426.def 011111111111111111111111111111111111111111111111 100000000000000000000000000000000000000000000000 111111111 011111111 5 425 4 0
ava0427.def 011111111111111111111111111111111111111111111111 100000000000000000000000000000000000000000000000 111111111 011111111 5 426 4 0
ava0428.def 011111111111111111111111111111111111111111111111 100000000000000000000000000000000000000000000000 111111111 011111111 5 427 4 0
ava0429.def 011111111111111111111111111111111111111111111111 100000000000000000000000000000000000000000000000 111111111 011111111 5 428 4 0
ava0430.def 011111111111111111111111111111111111111111111111 100000000000000000000000000000000000000000000000 111111111 011111111 5 429 4 0
ava0431.def 011111111111111111111111111111111111111111111111 100000000000000000000000000000000000000000000000 111111111 011111111 5 430 4 0
ava0432.def 011111111111111111111111111111111111111111111111 100000000000000000000000000000000000000000000000 111111111 011111111 5 431 4 0
ava0433.def 011111111111111111111111111111111111111111111111 100000000000000000000000000000000000000000000000 111111111 011111111 5 432 4 0
ava0434.def 011111111111111111111111111111111111111111111111 100000000000000000000000000000000000000000000000 111111111 011111111 5 433 4 0
ava0435.def 011111111111111111111111111111111111111111111111 100000000000000000000000000000000000000000000000 111111111 011111111 5 434 4 0
ava0436.def 011111111111111111111111111111111111111111111111 100000000000000000000000000000000000000000000000 111111111 011111111 5 435 4 0
ava0437.def 011111111111111111111111111111111111111111111111 100000000000000000000000000000000000000000000000 111111111 011111111 5 436 4 0
ava0438.def 011111111111111111111111111111111111111111111111 100000000000000000000000000000000000000000000000 111111111 011111111 5 437 4 0
ava0439.def 011111111111111111111111111111111111111111111111 100000000000000000000000000000000000000000000000 111111111 011111111 5 438 4 0
ava0440.def 011111111111111111111111111111111111111111111111 100000000000000000000000000000000000000000000000 111111111 011111111 5 439 4 0
ava0441.def 011111111111111111111111111111111111111111111111 100000000000000000000000000000000000000000000000 111111111 011111111 5 440 4 0
ava0442.def 011111111111111111111111111111111111111111111111 100000000000000000000000000000000000000000000000 111111111 011111111 5 441 4 0
ava0443.def 011111111111111111111111111111111111111111111111 100000000000000000000000000000000000000000000000 111111111 011111111 5 442 4 0
ava0444.def 011111111111111111111111111111111111111111111111 100000000000000000000000000000000000000000000000 111111111 011111111 5 443 4 0
ava0445.def 011111111111111111111111111111111111111111111111 100000000000000000000000000000000000000000000000 111111111 011111111 5 444 4 0
ava0446.def 011111111111111111111111111111111111111111111111 100000000000000000000000000000000000000000000000 111111111 011111111 5 445 4 0
ava0447.def 011111111111111111111111111111111111111111111111 100000000000000000000000000000000000000000000000 111111111 011111111 5 446 4 0
ava0448.def 011111111111111111111111111111111111111111111111 100000000000000000000000000000000000000000000000 111111111 011111111 5 447 4 0
ava0449.def 011111111111111111111111111111111111111111111111 100000000000000000000000000000000000000000000000 111111111 011111111 5 448 4 0
ava0450.def 011111111111111111111111111111111111111111111111 100000000000000000000000000000000000000000000000 111111111 011111111 5 449 4 0
ava0451.def 011111111111111111111111111111111111111111111111 100000000000000000000000000000000000000000000000 111111111 011111111 5 450 4 0
ava0452.def 011111111111111111111111111111111111111111111111 100000000000000000000000000000000000000000000000 111111111 011111111 5 451 4 0
ava0453.def 011111111111111111111111111111111111111111111111 100000000000000000000000000000000000000000000000 111111111 011111111 5 452 4 0
ava0454.def 011111111111111111111111111111111111111111111111 100000000000000000000000000000000000000000000000 111111111 011111111 5 453 4 0
ava0455.def 011111111111111111111111111111111111111111111111 100000000000000000000000000000000000000000000000 111111111 011111111 5 454 4 0
ava0456.def 011111111111111111111111111111111111111111111111 100000000000000000000000000000000000000000000000 111111111 011111111 5 455 4 0
ava0457.def 011111111111111111111111111111111111111111111111 100000000000000000000000000000000000000000000000 111111111 011111111 5 456 4 0
ava0458.def 011111111111111111111111111111111111111111111111 100000000000000000000000000000000000000000000000 111111111 011111111 5 457 4 0
ava0459.def 011111111111111111111111111111111111111111111111 100000000000000000000000000000000000000000000000 111111111 011111111 5 458 4 0
ava0460.def 011111111111111111111111111111111111111111111111 100000000000000000000000000000000000000000000000 111111111 011111111 5 459 4 0
ava0461.def 011111111111111111111111111111111111111111111111 100000000000000000000000000000000000000000000000 111111111 011111111 5 460 4 0
ava0462.def 011111111111111111111111111111111111111111111111 100000000000000000000000000000000000000000000000 111111111 011111111 5 461 4 0
ava0463.def 011111111111111111111111111111111111111111111111 100000000000000000000000000000000000000000000000 111111111 011111111 5 462 4 0
ava0464.def 011111111111111111111111111111111111111111111111 100000000000000000000000000000000000000000000000 111111111 011111111 5 463 4 0
ava0465.def 011111111111111111111111111111111111111111111111 100000000000000000000000000000000000000000000000 111111111 011111111 5 464 4 0
ava0466.def 011111111111111111111111111111111111111111111111 100000000000000000000000000000000000000000000000 111111111 011111111 5 465 4 0
ava0467.def 011111111111111111111111111111111111111111111111 100000000000000000000000000000000000000000000000 111111111 011111111 5 466 4 0
ava0468.def 011111111111111111111111111111111111111111111111 100000000000000000000000000000000000000000000000 111111111 011111111 5 467 4 0
ava0469.def 011111111111111111111111111111111111111111111111 100000000000000000000000000000000000000000000000 111111111 011111111 5 468 4 0
ava0470.def 011111111111111111111111111111111111111111111111 100000000000000000000000000000000000000000000000 111111111 011111111 5 469 4 0
ava0471.def 011111111111111111111111111111111111111111111111 100000000000000000000000000000000000000000000000 111111111 011111111 5 470 4 0
ava0472.def 011111111111111111111111111111111111111111111111 100000000000000000000000000000000000000000000000 111111111 011111111 5 471 4 0
ava0473.def 011111111111111111111111111111111111111111111111 100000000000000000000000000000000000000000000000 111111111 011111111 5 472 4 0
ava0474.def 011111111111111111111111111111111111111111111111 100000000000000000000000000000000000000000000000 111111111 011111111 5 473 4 0
ava0475.def 011111111111111111111111111111111111111111111111 100000000000000000000000000000000000000000000000 111111111 011111111 5 474 4 0
ava0476.def 011111111111111111111111111111111111111111111111 100000000000000000000000000000000000000000000000 111111111 011111111 5 475 4 0
ava0477.def 011111111111111111111111111111111111111111111111 100000000000000000000000000000000000000000000000 111111111 011111111 5 476 4 0
ava0478.def 011111111111111111111111111111111111111111111111 100000000000000000000000000000000000000000000000 111111111 011111111 5 477 4 0
ava0479.def 011111111111111111111111111111111111111111111111 100000000000000000000000000000000000000000000000 111111111 011111111 5 478 4 0
ava0480.def 011111111111111111111111111111111111111111111111 100000000000000000000000000000000000000000000000 111111111 011111111 5 479 4 0
ava0481.def 011111111111111111111111111111111111111111111111 100000000000000000000000000000000000000000000000 111111111 011111111 5 480 4 0
ava0482.def 011111111111111111111111111111111111111111111111 100000000000000000000000000000000000000000000000 111111111 011111111 5 481 4 0
ava0483.def 011111111111111111111111111111111111111111111111 100000000000000000000000000000000000000000000000 111111111 011111111 5 482 4 0
ava0484.def 011111111111111111111111111111111111111111111111 100000000000000000000000000000000000000000000000 111111111 011111111 5 483 4 0
ava0485.def 011111111111111111111111111111111111111111111111 100000000000000000000000000000000000000000000000 111111111 011111111 5 484 4 0
ava0486.def 011111111111111111111111111111111111111111111111 100000000000000000000000000000000000000000000000 111111111 011111111 5 485 4 0
ava0487.def 011111111111111111111111111111111111111111111111 100000000000000000000000000000000000000000000000 111111111 011111111 5 486 4 0
ava0488.def 011111111111111111111111111111111111111111111111 100000000000000000000000000000000000000000000000 111111111 011111111 5 487 4 0
ava0489.def 011111111111111111111111111111111111111111111111 100000000000000000000000000000000000000000000000 111111111 011111111 5 488 4 0
ava0490.def 011111111111111111111111111111111111111111111111 100000000000000000000000000000000000000000000000 111111111 011111111 5 489 4 0
ava0491.def 011111111111111111111111111111111111111111111111 100000000000000000000000000000000000000000000000 111111111 011111111 5 490 4 0
ava0492.def 011111111111111111111111111111111111111111111111 100000000000000000000000000000000000000000000000 111111111 011111111 5 491 4 0
ava0493.def 011111111111111111111111111111111111111111111111 100000000000000000000000000000000000000000000000 111111111 011111111 5 492 4 0
ava0494.def 011111111111111111111111111111111111111111111111 100000000000000000000000000000000000000000000000 111111111 011111111 5 493 4 0
ava0495.def 011111111111111111111111111111111111111111111111 100000000000000000000000000000000000000000000000 111111111 011111111 5 494 4 0
ava0496.def 011111111111111111111111111111111111111111111111 100000000000000000000000000000000000000000000000 111111111 011111111 5 495 4 0
ava0497.def 011111111111111111111111111111111111111111111111 100000000000000000000000000000000000000000000000 111111111 011111111 5 496 4 0
ava0498.def 011111111111111111111111111111111111111111111111 100000000000000000000000000000000000000000000000 111111111 011111111 5 497 4 0
ava0499.def 011111111111111111111111111111111111111111111111 100000000000000000000000000000000000000000000000 111111111 011111111 5 498 4 0
ava0500.def 011111111111111111111111111111111111111111111111 100000000000000000000000000000000000000000000000 111111111 011111111 5 499 4 0
ava0501.def 011111111111111111111111111111111111111111111111 100000000000000000000000000000000000000000000000 111111111 011111111 5 500 4 0
ava0502.def 011111111111111111111111111111111111111111111111 100000000000000000000000000000000000000000000000 111111111 011111111 5 501 4 0
ava0503.def 011111111111111111111111111111111111111111111111 100000000000000000000000000000000000000000000000 111111111 011111111 5 502 4 0
ava0504.def 011111111111111111111111111111111111111111111111 100000000000000000000000000000000000000000000000 111111111 011111111 5 503 4 0
ava0505.def 011111111111111111111111111111111111111111111111 100000000000000000000000000000000000000000000000 111111111 011111111 5 504 4 0
ava0506.def 011111111111111111111111111111111111111111111111 100000000000000000000000000000000000000000000000 111111111 011111111 5 505 4 0
ava0507.def 011111111111111111111111111111111111111111111111 100000000000000000000000000000000000000000000000 111111111 011111111 5 506 4 0
ava0508.def 011111111111111111111111111111111111111111111111 100000000000000000000000000000000000000000000000 111111111 011111111 5 507 4 0
ava0509.def 011111111111111111111111111111111111111111111111 100000000000000000000000000000000000000000000000 111111111 011111111 5 508 4 0
ava0510.def 011111111111111111111111111111111111111111111111 100000000000000000000000000000000000000000000000 111111111 011111111 5 509 4 0
ava0511.def 011111111111111111111111111111111111111111111111 100000000000000000000000000000000000000000000000 111111111 011111111 5 510 4 0
ava0512.def 011111111111111111111111111111111111111111111111 100000000000000000000000000000000000000000000000 111111111 011111111 5 511 4 0
ava0513.def 011111111111111111111111111111111111111111111111 100000000000000000000000000000000000000000000000 111111111 011111111 5 512 4 0
ava0514.def 011111111111111111111111111111111111111111111111 100000000000000000000000000000000000000000000000 111111111 011111111 5 513 4 0
ava0515.def 011111111111111111111111111111111111111111111111 100000000000000000000000000000000000000000000000 111111111 011111111 5 514 4 0
ava0516.def 011111111111111111111111111111111111111111111111 100000000000000000000000000000000000000000000000 111111111 011111111 5 515 4 0
ava0517.def 011111111111111111111111111111111111111111111111 100000000000000000000000000000000000000000000000 111111111 011111111 5 516 4 0
ava0518.def 011111111111111111111111111111111111111111111111 100000000000000000000000000000000000000000000000 111111111 011111111 5 517 4 0
ava0519.def 011111111111111111111111111111111111111111111111 100000000000000000000000000000000000000000000000 111111111 011111111 5 518 4 0
ava0520.def 011111111111111111111111111111111111111111111111 100000000000000000000000000000000000000000000000 111111111 011111111 5 519 4 0
ava0521.def 011111111111111111111111111111111111111111111111 100000000000000000000000000000000000000000000000 111111111 011111111 5 520 4 0
ava0522.def 011111111111111111111111111111111111111111111111 100000000000000000000000000000000000000000000000 111111111 011111111 5 521 4 0
ava0523.def 011111111111111111111111111111111111111111111111 100000000000000000000000000000000000000000000000 111111111 011111111 5 522 4 0
ava0524.def 011111111111111111111111111111111111111111111111 100000000000000000000000000000000000000000000000 111111111 011111111 5 523 4 0
ava0525.def 011111111111111111111111111111111111111111111111 100000000000000000000000000000000000000000000000 111111111 011111111 5 524 4 0
ava0526.def 011111111111111111111111111111111111111111111111 100000000000000000000000000000000000000000000000 111111111 011111111 5 525 4 0
ava0527.def 011111111111111111111111111111111111111111111111 100000000000000000000000000000000000000000000000 111111111 011111111 5 526 4 0
ava0528.def 011111111111111111111111111111111111111111111111 100000000000000000000000000000000000000000000000 111111111 011111111 5 527 4 0
ava0529.def 011111111111111111111111111111111111111111111111 100000000000000000000000000000000000000000000000 111111111 011111111 5 528 4 0
ava0530.def 011111111111111111111111111111111111111111111111 100000000000000000000000000000000000000000000000 111111111 011111111 5 529 4 0
ava0531.def 011111111111111111111111111111111111111111111111 100000000000000000000000000000000000000000000000 111111111 011111111 5 530 4 0
ava0532.def 011111111111111111111111111111111111111111111111 100000000000000000000000000000000000000000000000 111111111 011111111 5 531 4 0
ava0533.def 011111111111111111111111111111111111111111111111 100000000000000000000000000000000000000000000000 111111111 011111111 5 532 4 0
ava0534.def 011111111111111111111111111111111111111111111111 100000000000000000000000000000000000000000000000 111111111 011111111 5 533 4 0
ava0535.def 011111111111111111111111111111111111111111111111 100000000000000000000000000000000000000000000000 111111111 011111111 5 534 4 0
ava0536.def 011111111111111111111111111111111111111111111111 100000000000000000000000000000000000000000000000 111111111 011111111 5 535 4 0
ava0537.def 011111111111111111111111111111111111111111111111 100000000000000000000000000000000000000000000000 111111111 011111111 5 536 4 0
ava0538.def 011111111111111111111111111111111111111111111111 100000000000000000000000000000000000000000000000 111111111 011111111 5 537 4 0
ava0539.def 011111111111111111111111111111111111111111111111 100000000000000000000000000000000000000000000000 111111111 011111111 5 538 4 0
ava0540.def 011111111111111111111111111111111111111111111111 100000000000000000000000000000000000000000000000 111111111 011111111 5 539 4 0
ava0541.def 011111111111111111111111111111111111111111111111 100000000000000000000000000000000000000000000000 111111111 011111111 5 540 4 0
ava0542.def 011111111111111111111111111111111111111111111111 100000000000000000000000000000000000000000000000 111111111 011111111 5 541 4 0
ava0543.def 011111111111111111111111111111111111111111111111 100000000000000000000000000000000000000000000000 111111111 011111111 5 542 4 0
ava0544.def 011111111111111111111111111111111111111111111111 100000000000000000000000000000000000000000000000 111111111 011111111 5 543 4 0
ava0545.def 011111111111111111111111111111111111111111111111 100000000000000000000000000000000000000000000000 111111111 011111111 5 544 4 0
ava0546.def 011111111111111111111111111111111111111111111111 100000000000000000000000000000000000000000000000 111111111 011111111 5 545 4 0
ava0547.def 011111111111111111111111111111111111111111111111 100000000000000000000000000000000000000000000000 111111111 011111111 5 546 4 0
ava0548.def 011111111111111111111111111111111111111111111111 100000000000000000000000000000000000000000000000 111111111 011111111 5 547 4 0
ava0549.def 011111111111111111111111111111111111111111111111 100000000000000000000000000000000000000000000000 111111111 011111111 5 548 4 0
ava0550.def 011111111111111111111111111111111111111111111111 100000000000000000000000000000000000000000000000 111111111 011111111 5 549 4 0
ava0551.def 011111111111111111111111111111111111111111111111 100000000000000000000000000000000000000000000000 111111111 011111111 5 550 4 0
ava0552.def 011111111111111111111111111111111111111111111111 100000000000000000000000000000000000000000000000 111111111 011111111 5 551 4 0
ava0553.def 011111111111111111111111111111111111111111111111 100000000000000000000000000000000000000000000000 111111111 011111111 5 552 4 0
ava0554.def 011111111111111111111111111111111111111111111111 100000000000000000000000000000000000000000000000 111111111 011111111 5 553 4 0
ava0555.def 011111111111111111111111111111111111111111111111 100000000000000000000000000000000000000000000000 111111111 011111111 5 554 4 0
ava0556.def 011111111111111111111111111111111111111111111111 100000000000000000000000000000000000000000000000 111111111 011111111 5 555 4 0
ava0557.def 011111111111111111111111111111111111111111111111 100000000000000000000000000000000000000000000000 111111111 011111111 5 556 4 0
ava0558.def 011111111111111111111111111111111111111111111111 100000000000000000000000000000000000000000000000 111111111 011111111 5 557 4 0
ava0559.def 011111111111111111111111111111111111111111111111 100000000000000000000000000000000000000000000000 111111111 011111111 5 558 4 0
ava0560.def 011111111111111111111111111111111111111111111111 100000000000000000000000000000000000000000000000 111111111 011111111 5 559 4 0
ava0561.def 011111111111111111111111111111111111111111111111 100000000000000000000000000000000000000000000000 111111111 011111111 5 560 4 0
ava0562.def 011111111111111111111111111111111111111111111111 100000000000000000000000000000000000000000000000 111111111 011111111 5 561 4 0
ava0563.def 011111111111111111111111111111111111111111111111 100000000000000000000000000000000000000000000000 111111111 011111111 5 562 4 0
ava0564.def 011111111111111111111111111111111111111111111111 100000000000000000000000000000000000000000000000 111111111 011111111 5 563 4 0
ava0565.def 011111111111111111111111111111111111111111111111 100000000000000000000000000000000000000000000000 111111111 011111111 5 564 4 0
ava0566.def 011111111111111111111111111111111111111111111111 100000000000000000000000000000000000000000000000 111111111 011111111 5 565 4 0
ava0567.def 011111111111111111111111111111111111111111111111 100000000000000000000000000000000000000000000000 111111111 011111111 5 566 4 0
ava0568.def 011111111111111111111111111111111111111111111111 100000000000000000000000000000000000000000000000 111111111 011111111 5 567 4 0
ava0569.def 011111111111111111111111111111111111111111111111 100000000000000000000000000000000000000000000000 111111111 011111111 5 568 4 0
ava0570.def 011111111111111111111111111111111111111111111111 100000000000000000000000000000000000000000000000 111111111 011111111 5 569 4 0
ava0571.def 011111111111111111111111111111111111111111111111 100000000000000000000000000000000000000000000000 111111111 011111111 5 570 4 0
ava0572.def 011111111111111111111111111111111111111111111111 100000000000000000000000000000000000000000000000 111111111 011111111 5 571 4 0
ava0573.def 011111111111111111111111111111111111111111111111 100000000000000000000000000000000000000000000000 111111111 011111111 5 572 4 0
ava0574.def 011111111111111111111111111111111111111111111111 100000000000000000000000000000000000000000000000 111111111 011111111 5 573 4 0
ava0575.def 011111111111111111111111111111111111111111111111 100000000000000000000000000000000000000000000000 111111111 011111111 5 574 4 0
ava0576.def 011111111111111111111111111111111111111111111111 100000000000000000000000000000000000000000000000 111111111 011111111 5 575 4 0
ava0577.def 011111111111111111111111111111111111111111111111 100000000000000000000000000000000000000000000000 111111111 011111111 5 576 4 0
ava0578.def 011111111111111111111111111111111111111111111111 100000000000000000000000000000000000000000000000 111111111 011111111 5 577 4 0
ava0579.def 011111111111111111111111111111111111111111111111 100000000000000000000000000000000000000000000000 111111111 011111111 5 578 4 0
ava0580.def 011111111111111111111111111111111111111111111111 100000000000000000000000000000000000000000000000 111111111 011111111 5 579 4 0
ava0581.def 011111111111111111111111111111111111111111111111 100000000000000000000000000000000000000000000000 111111111 011111111 5 580 4 0
ava0582.def 011111111111111111111111111111111111111111111111 100000000000000000000000000000000000000000000000 111111111 011111111 5 581 4 0
ava0583.def 011111111111111111111111111111111111111111111111 100000000000000000000000000000000000000000000000 111111111 011111111 5 582 4 0
ava0584.def 011111111111111111111111111111111111111111111111 100000000000000000000000000000000000000000000000 111111111 011111111 5 583 4 0
ava0585.def 011111111111111111111111111111111111111111111111 100000000000000000000000000000000000000000000000 111111111 011111111 5 584 4 0
ava0586.def 011111111111111111111111111111111111111111111111 100000000000000000000000000000000000000000000000 111111111 011111111 5 585 4 0
ava0587.def 011111111111111111111111111111111111111111111111 100000000000000000000000000000000000000000000000 111111111 011111111 5 586 4 0
ava0588.def 011111111111111111111111111111111111111111111111 100000000000000000000000000000000000000000000000 111111111 011111111 5 587 4 0
ava0589.def 011111111111111111111111111111111111111111111111 100000000000000000000000000000000000000000000000 111111111 011111111 5 588 4 0
ava0590.def 011111111111111111111111111111111111111111111111 100000000000000000000000000000000000000000000000 111111111 011111111 5 589 4 0
ava0591.def 011111111111111111111111111111111111111111111111 100000000000000000000000000000000000000000000000 111111111 011111111 5 590 4 0
ava0592.def 011111111111111111111111111111111111111111111111 100000000000000000000000000000000000000000000000 111111111 011111111 5 591 4 0
ava0593.def 011111111111111111111111111111111111111111111111 100000000000000000000000000000000000000000000000 111111111 011111111 5 592 4 0
ava0594.def 011111111111111111111111111111111111111111111111 100000000000000000000000000000000000000000000000 111111111 011111111 5 593 4 0
ava0595.def 011111111111111111111111111111111111111111111111 100000000000000000000000000000000000000000000000 111111111 011111111 5 594 4 0
ava0596.def 011111111111111111111111111111111111111111111111 100000000000000000000000000000000000000000000000 111111111 011111111 5 595 4 0
ava0597.def 011111111111111111111111111111111111111111111111 100000000000000000000000000000000000000000000000 111111111 011111111 5 596 4 0
ava0598.def 011111111111111111111111111111111111111111111111 100000000000000000000000000000000000000000000000 111111111 011111111 5 597 4 0
ava0599.def 011111111111111111111111111111111111111111111111 100000000000000000000000000000000000000000000000 111111111 011111111 5 598 4 0
ava0600.def 011111111111111111111111111111111111111111111111 100000000000000000000000000000000000000000000000 111111111 011111111 5 599 4 0
ava0601.def 011111111111111111111111111111111111111111111111 100000000000000000000000000000000000000000000000 111111111 011111111 5 600 4 0
ava0602.def 011111111111111111111111111111111111111111111111 100000000000000000000000000000000000000000000000 111111111 011111111 5 601 4 0
ava0603.def 011111111111111111111111111111111111111111111111 100000000000000000000000000000000000000000000000 111111111 011111111 5 602 4 0
ava0604.def 011111111111111111111111111111111111111111111111 100000000000000000000000000000000000000000000000 111111111 011111111 5 603 4 0
ava0605.def 011111111111111111111111111111111111111111111111 100000000000000000000000000000000000000000000000 111111111 011111111 5 604 4 0
ava0606.def 011111111111111111111111111111111111111111111111 100000000000000000000000000000000000000000000000 111111111 011111111 5 605 4 0
ava0607.def 011111111111111111111111111111111111111111111111 100000000000000000000000000000000000000000000000 111111111 011111111 5 606 4 0
ava0608.def 011111111111111111111111111111111111111111111111 100000000000000000000000000000000000000000000000 111111111 011111111 5 607 4 0
ava0609.def 011111111111111111111111111111111111111111111111 100000000000000000000000000000000000000000000000 111111111 011111111 5 608 4 0
ava0610.def 011111111111111111111111111111111111111111111111 100000000000000000000000000000000000000000000000 111111111 011111111 5 609 4 0
ava0611.def 011111111111111111111111111111111111111111111111 100000000000000000000000000000000000000000000000 111111111 011111111 5 610 4 0
ava0612.def 011111111111111111111111111111111111111111111111 100000000000000000000000000000000000000000000000 111111111 011111111 5 611 4 0
ava0613.def 011111111111111111111111111111111111111111111111 100000000000000000000000000000000000000000000000 111111111 011111111 5 612 4 0
ava0614.def 011111111111111111111111111111111111111111111111 100000000000000000000000000000000000000000000000 111111111 011111111 5 613 4 0
ava0615.def 011111111111111111111111111111111111111111111111 100000000000000000000000000000000000000000000000 111111111 011111111 5 614 4 0
ava0616.def 011111111111111111111111111111111111111111111111 100000000000000000000000000000000000000000000000 111111111 011111111 5 615 4 0
ava0617.def 011111111111111111111111111111111111111111111111 100000000000000000000000000000000000000000000000 111111111 011111111 5 616 4 0
ava0618.def 011111111111111111111111111111111111111111111111 100000000000000000000000000000000000000000000000 111111111 011111111 5 617 4 0
ava0619.def 011111111111111111111111111111111111111111111111 100000000000000000000000000000000000000000000000 111111111 011111111 5 618 4 0
ava0620.def 011111111111111111111111111111111111111111111111 100000000000000000000000000000000000000000000000 111111111 011111111 5 619 4 0
ava0621.def 011111111111111111111111111111111111111111111111 100000000000000000000000000000000000000000000000 111111111 011111111 5 620 4 0
ava0622.def 011111111111111111111111111111111111111111111111 100000000000000000000000000000000000000000000000 111111111 011111111 5 621 4 0
ava0623.def 011111111111111111111111111111111111111111111111 100000000000000000000000000000000000000000000000 111111111 011111111 5 622 4 0
ava0624.def 011111111111111111111111111111111111111111111111 100000000000000000000000000000000000000000000000 111111111 011111111 5 623 4 0
ava0625.def 011111111111111111111111111111111111111111111111 100000000000000000000000000000000000000000000000 111111111 011111111 5 624 4 0
ava0626.def 011111111111111111111111111111111111111111111111 100000000000000000000000000000000000000000000000 111111111 011111111 5 625 4 0
ava0627.def 011111111111111111111111111111111111111111111111 100000000000000000000000000000000000000000000000 111111111 011111111 5 626 4 0
ava0628.def 011111111111111111111111111111111111111111111111 100000000000000000000000000000000000000000000000 111111111 011111111 5 627 4 0
ava0629.def 011111111111111111111111111111111111111111111111 100000000000000000000000000000000000000000000000 111111111 011111111 5 628 4 0
ava0630.def 011111111111111111111111111111111111111111111111 100000000000000000000000000000000000000000000000 111111111 011111111 5 629 4 0
ava0631.def 011111111111111111111111111111111111111111111111 100000000000000000000000000000000000000000000000 111111111 011111111 5 630 4 0
ava0632.def 011111111111111111111111111111111111111111111111 100000000000000000000000000000000000000000000000 111111111 011111111 5 631 4 0
ava0633.def 011111111111111111111111111111111111111111111111 100000000000000000000000000000000000000000000000 111111111 011111111 5 632 4 0
ava0634.def 011111111111111111111111111111111111111111111111 100000000000000000000000000000000000000000000000 111111111 011111111 5 633 4 0
ava0635.def 011111111111111111111111111111111111111111111111 100000000000000000000000000000000000000000000000 111111111 011111111 5 634 4 0
ava0636.def 011111111111111111111111111111111111111111111111 100000000000000000000000000000000000000000000000 111111111 011111111 5 635 4 0
ava0637.def 011111111111111111111111111111111111111111111111 100000000000000000000000000000000000000000000000 111111111 011111111 5 636 4 0
ava0638.def 011111111111111111111111111111111111111111111111 100000000000000000000000000000000000000000000000 111111111 011111111 5 637 4 0
ava0639.def 011111111111111111111111111111111111111111111111 100000000000000000000000000000000000000000000000 111111111 011111111 5 638 4 0
ava0640.def 011111111111111111111111111111111111111111111111 100000000000000000000000000000000000000000000000 111111111 011111111 5 639 4 0
ava0641.def 011111111111111111111111111111111111111111111111 100000000000000000000000000000000000000000000000 111111111 011111111 5 640 4 0
ava0642.def 011111111111111111111111111111111111111111111111 100000000000000000000000000000000000000000000000 111111111 011111111 5 641 4 0
ava0643.def 011111111111111111111111111111111111111111111111 100000000000000000000000000000000000000000000000 111111111 011111111 5 642 4 0
ava0644.def 011111111111111111111111111111111111111111111111 100000000000000000000000000000000000000000000000 111111111 011111111 5 643 4 0
ava0645.def 011111111111111111111111111111111111111111111111 100000000000000000000000000000000000000000000000 111111111 011111111 5 644 4 0
ava0646.def 011111111111111111111111111111111111111111111111 100000000000000000000000000000000000000000000000 111111111 011111111 5 645 4 0
ava0647.def 011111111111111111111111111111111111111111111111 100000000000000000000000000000000000000000000000 111111111 011111111 5 646 4 0
ava0648.def 011111111111111111111111111111111111111111111111 100000000000000000000000000000000000000000000000 111111111 011111111 5 647 4 0
ava0649.def 011111111111111111111111111111111111111111111111 100000000000000000000000000000000000000000000000 111111111 011111111 5 648 4 0
ava0650.def 011111111111111111111111111111111111111111111111 100000000000000000000000000000000000000000000000 111111111 011111111 5 649 4 0
ava0651.def 011111111111111111111111111111111111111111111111 100000000000000000000000000000000000000000000000 111111111 011111111 5 650 4 0
ava0652.def 011111111111111111111111111111111111111111111111 100000000000000000000000000000000000000000000000 111111111 011111111 5 651 4 0
ava0653.def 011111111111111111111111111111111111111111111111 100000000000000000000000000000000000000000000000 111111111 011111111 5 652 4 0
ava0654.def 011111111111111111111111111111111111111111111111 100000000000000000000000000000000000000000000000 111111111 011111111 5 653 4 0
ava0655.def 011111111111111111111111111111111111111111111111 100000000000000000000000000000000000000000000000 111111111 011111111 5 654 4 0
ava0656.def 011111111111111111111111111111111111111111111111 100000000000000000000000000000000000000000000000 111111111 011111111 5 655 4 0
ava0657.def 011111111111111111111111111111111111111111111111 100000000000000000000000000000000000000000000000 111111111 011111111 5 656 4 0
ava0658.def 011111111111111111111111111111111111111111111111 100000000000000000000000000000000000000000000000 111111111 011111111 5 657 4 0
ava0659.def 011111111111111111111111111111111111111111111111 100000000000000000000000000000000000000000000000 111111111 011111111 5 658 4 0
ava0660.def 011111111111111111111111111111111111111111111111 100000000000000000000000000000000000000000000000 111111111 011111111 5 659 4 0
ava0661.def 011111111111111111111111111111111111111111111111 100000000000000000000000000000000000000000000000 111111111 011111111 5 660 4 0
ava0662.def 011111111111111111111111111111111111111111111111 100000000000000000000000000000000000000000000000 111111111 011111111 5 661 4 0
ava0663.def 011111111111111111111111111111111111111111111111 100000000000000000000000000000000000000000000000 111111111 011111111 5 662 4 0
ava0664.def 011111111111111111111111111111111111111111111111 100000000000000000000000000000000000000000000000 111111111 011111111 5 663 4 0
ava0665.def 011111111111111111111111111111111111111111111111 100000000000000000000000000000000000000000000000 111111111 011111111 5 664 4 0
ava0666.def 011111111111111111111111111111111111111111111111 100000000000000000000000000000000000000000000000 111111111 011111111 5 665 4 0
ava0667.def 011111111111111111111111111111111111111111111111 100000000000000000000000000000000000000000000000 111111111 011111111 5 666 4 0
ava0668.def 011111111111111111111111111111111111111111111111 100000000000000000000000000000000000000000000000 111111111 011111111 5 667 4 0
ava0669.def 011111111111111111111111111111111111111111111111 100000000000000000000000000000000000000000000000 111111111 011111111 5 668 4 0
ava0670.def 011111111111111111111111111111111111111111111111 100000000000000000000000000000000000000000000000 111111111 011111111 5 669 4 0
ava0671.def 011111111111111111111111111111111111111111111111 100000000000000000000000000000000000000000000000 111111111 011111111 5 670 4 0
ava0672.def 011111111111111111111111111111111111111111111111 100000000000000000000000000000000000000000000000 111111111 011111111 5 671 4 0
ava0673.def 011111111111111111111111111111111111111111111111 100000000000000000000000000000000000000000000000 111111111 011111111 5 672 4 0
ava0674.def 011111111111111111111111111111111111111111111111 100000000000000000000000000000000000000000000000 111111111 011111111 5 673 4 0
ava0675.def 011111111111111111111111111111111111111111111111 100000000000000000000000000000000000000000000000 111111111 011111111 5 674 4 0
ava0676.def 011111111111111111111111111111111111111111111111 100000000000000000000000000000000000000000000000 111111111 011111111 5 675 4 0
ava0677.def 011111111111111111111111111111111111111111111111 100000000000000000000000000000000000000000000000 111111111 011111111 5 676 4 0
ava0678.def 011111111111111111111111111111111111111111111111 100000000000000000000000000000000000000000000000 111111111 011111111 5 677 4 0
ava0679.def 011111111111111111111111111111111111111111111111 100000000000000000000000000000000000000000000000 111111111 011111111 5 678 4 0
ava0680.def 011111111111111111111111111111111111111111111111 100000000000000000000000000000000000000000000000 111111111 011111111 5 679 4 0
ava0681.def 011111111111111111111111111111111111111111111111 100000000000000000000000000000000000000000000000 111111111 011111111 5 680 4 0
ava0682.def 011111111111111111111111111111111111111111111111 100000000000000000000000000000000000000000000000 111111111 011111111 5 681 4 0
ava0683.def 011111111111111111111111111111111111111111111111 100000000000000000000000000000000000000000000000 111111111 011111111 5 682 4 0
ava0684.def 011111111111111111111111111111111111111111111111 100000000000000000000000000000000000000000000000 111111111 011111111 5 683 4 0
ava0685.def 011111111111111111111111111111111111111111111111 100000000000000000000000000000000000000000000000 111111111 011111111 5 684 4 0
ava0686.def 011111111111111111111111111111111111111111111111 100000000000000000000000000000000000000000000000 111111111 011111111 5 685 4 0
ava0687.def 011111111111111111111111111111111111111111111111 100000000000000000000000000000000000000000000000 111111111 011111111 5 686 4 0
ava0688.def 011111111111111111111111111111111111111111111111 100000000000000000000000000000000000000000000000 111111111 011111111 5 687 4 0
ava0689.def 011111111111111111111111111111111111111111111111 100000000000000000000000000000000000000000000000 111111111 011111111 5 688 4 0
ava0690.def 011111111111111111111111111111111111111111111111 100000000000000000000000000000000000000000000000 111111111 011111111 5 689 4 0
ava0691.def 011111111111111111111111111111111111111111111111 100000000000000000000000000000000000000000000000 111111111 011111111 5 690 4 0
ava0692.def 011111111111111111111111111111111111111111111111 100000000000000000000000000000000000000000000000 111111111 011111111 5 691 4 0
ava0693.def 011111111111111111111111111111111111111111111111 100000000000000000000000000000000000000000000000 111111111 011111111 5 692 4 0
ava0694.def 011111111111111111111111111111111111111111111111 100000000000000000000000000000000000000000000000 111111111 011111111 5 693 4 0
ava0695.def 011111111111111111111111111111111111111111111111 100000000000000000000000000000000000000000000000 111111111 011111111 5 694 4 0
ava0696.def 011111111111111111111111111111111111111111111111 100000000000000000000000000000000000000000000000 111111111 011111111 5 695 4 0
ava0697.def 011111111111111111111111111111111111111111111111 100000000000000000000000000000000000000000000000 111111111 011111111 5 696 4 0
ava0698.def 011111111111111111111111111111111111111111111111 100000000000000000000000000000000000000000000000 111111111 011111111 5 697 4 0
ava0699.def 011111111111111111111111111111111111111111111111 100000000000000000000000000000000000000000000000 111111111 011111111 5 698 4 0
ava0700.def 011111111111111111111111111111111111111111111111 100000000000000000000000000000000000000000000000 111111111 011111111 5 699 4 0
ava0701.def 011111111111111111111111111111111111111111111111 100000000000000000000000000000000000000000000000 111111111 011111111 5 700 4 0
ava0702.def 011111111111111111111111111111111111111111111111 100000000000000000000000000000000000000000000000 111111111 011111111 5 701 4 0
ava0703.def 011111111111111111111111111111111111111111111111 100000000000000000000000000000000000000000000000 111111111 011111111 5 702 4 0
ava0704.def 011111111111111111111111111111111111111111111111 100000000000000000000000000000000000000000000000 111111111 011111111 5 703 4 0
ava0705.def 011111111111111111111111111111111111111111111111 100000000000000000000000000000000000000000000000 111111111 011111111 5 704 4 0
ava0706.def 011111111111111111111111111111111111111111111111 100000000000000000000000000000000000000000000000 111111111 011111111 5 705 4 0
ava0707.def 011111111111111111111111111111111111111111111111 100000000000000000000000000000000000000000000000 111111111 011111111 5 706 4 0
ava0708.def 011111111111111111111111111111111111111111111111 100000000000000000000000000000000000000000000000 111111111 011111111 5 707 4 0
ava0709.def 011111111111111111111111111111111111111111111111 100000000000000000000000000000000000000000000000 111111111 011111111 5 708 4 0
ava0710.def 011111111111111111111111111111111111111111111111 100000000000000000000000000000000000000000000000 111111111 011111111 5 709 4 0
ava0711.def 011111111111111111111111111111111111111111111111 100000000000000000000000000000000000000000000000 111111111 011111111 5 710 4 0
ava0712.def 011111111111111111111111111111111111111111111111 100000000000000000000000000000000000000000000000 111111111 011111111 5 711 4 0
ava0713.def 011111111111111111111111111111111111111111111111 100000000000000000000000000000000000000000000000 111111111 011111111 5 712 4 0
ava0714.def 011111111111111111111111111111111111111111111111 100000000000000000000000000000000000000000000000 111111111 011111111 5 713 4 0
ava0715.def 011111111111111111111111111111111111111111111111 100000000000000000000000000000000000000000000000 111111111 011111111 5 714 4 0
ava0716.def 011111111111111111111111111111111111111111111111 100000000000000000000000000000000000000000000000 111111111 011111111 5 715 4 0
ava0717.def 011111111111111111111111111111111111111111111111 100000000000000000000000000000000000000000000000 111111111 011111111 5 716 4 0
ava0718.def 011111111111111111111111111111111111111111111111 100000000000000000000000000000000000000000000000 111111111 011111111 5 717 4 0
ava0719.def 011111111111111111111111111111111111111111111111 100000000000000000000000000000000000000000000000 111111111 011111111 5 718 4 0
ava0720.def 011111111111111111111111111111111111111111111111 100000000000000000000000000000000000000000000000 111111111 011111111 5 719 4 0
ava0721.def 011111111111111111111111111111111111111111111111 100000000000000000000000000000000000000000000000 111111111 011111111 5 720 4 0
ava0722.def 011111111111111111111111111111111111111111111111 100000000000000000000000000000000000000000000000 111111111 011111111 5 721 4 0
ava0723.def 011111111111111111111111111111111111111111111111 100000000000000000000000000000000000000000000000 111111111 011111111 5 722 4 0
ava0724.def 011111111111111111111111111111111111111111111111 100000000000000000000000000000000000000000000000 111111111 011111111 5 723 4 0
ava0725.def 011111111111111111111111111111111111111111111111 100000000000000000000000000000000000000000000000 111111111 011111111 5 724 4 0
ava0726.def 011111111111111111111111111111111111111111111111 100000000000000000000000000000000000000000000000 111111111 011111111 5 725 4 0
ava0727.def 011111111111111111111111111111111111111111111111 100000000000000000000000000000000000000000000000 111111111 011111111 5 726 4 0
ava0728.def 011111111111111111111111111111111111111111111111 100000000000000000000000000000000000000000000000 111111111 011111111 5 727 4 0
ava0729.def 011111111111111111111111111111111111111111111111 100000000000000000000000000000000000000000000000 111111111 011111111 5 728 4 0
ava0730.def 011111111111111111111111111111111111111111111111 100000000000000000000000000000000000000000000000 111111111 011111111 5 729 4 0
ava0731.def 011111111111111111111111111111111111111111111111 100000000000000000000000000000000000000000000000 111111111 011111111 5 730 4 0
ava0732.def 011111111111111111111111111111111111111111111111 100000000000000000000000000000000000000000000000 111111111 011111111 5 731 4 0
ava0733.def 011111111111111111111111111111111111111111111111 100000000000000000000000000000000000000000000000 111111111 011111111 5 732 4 0
ava0734.def 011111111111111111111111111111111111111111111111 100000000000000000000000000000000000000000000000 111111111 011111111 5 733 4 0
ava0735.def 011111111111111111111111111111111111111111111111 100000000000000000000000000000000000000000000000 111111111 011111111 5 734 4 0
ava0736.def 011111111111111111111111111111111111111111111111 100000000000000000000000000000000000000000000000 111111111 011111111 5 735 4 0
ava0737.def 011111111111111111111111111111111111111111111111 100000000000000000000000000000000000000000000000 111111111 011111111 5 736 4 0
ava0738.def 011111111111111111111111111111111111111111111111 100000000000000000000000000000000000000000000000 111111111 011111111 5 737 4 0
ava0739.def 011111111111111111111111111111111111111111111111 100000000000000000000000000000000000000000000000 111111111 011111111 5 738 4 0
ava0740.def 011111111111111111111111111111111111111111111111 100000000000000000000000000000000000000000000000 111111111 011111111 5 739 4 0
ava0741.def 011111111111111111111111111111111111111111111111 100000000000000000000000000000000000000000000000 111111111 011111111 5 740 4 0
ava0742.def 011111111111111111111111111111111111111111111111 100000000000000000000000000000000000000000000000 111111111 011111111 5 741 4 0
ava0743.def 011111111111111111111111111111111111111111111111 100000000000000000000000000000000000000000000000 111111111 011111111 5 742 4 0
ava0744.def 011111111111111111111111111111111111111111111111 100000000000000000000000000000000000000000000000 111111111 011111111 5 743 4 0
ava0745.def 011111111111111111111111111111111111111111111111 100000000000000000000000000000000000000000000000 111111111 011111111 5 744 4 0
ava0746.def 011111111111111111111111111111111111111111111111 100000000000000000000000000000000000000000000000 111111111 011111111 5 745 4 0
ava0747.def 011111111111111111111111111111111111111111111111 100000000000000000000000000000000000000000000000 111111111 011111111 5 746 4 0
ava0748.def 011111111111111111111111111111111111111111111111 100000000000000000000000000000000000000000000000 111111111 011111111 5 747 4 0
ava0749.def 011111111111111111111111111111111111111111111111 100000000000000000000000000000000000000000000000 111111111 011111111 5 748 4 0
ava0750.def 011111111111111111111111111111111111111111111111 100000000000000000000000000000000000000000000000 111111111 011111111 5 749 4 0
ava0751.def 011111111111111111111111111111111111111111111111 100000000000000000000000000000000000000000000000 111111111 011111111 5 750 4 0
ava0752.def 011111111111111111111111111111111111111111111111 100000000000000000000000000000000000000000000000 111111111 011111111 5 751 4 0
ava0753.def 011111111111111111111111111111111111111111111111 100000000000000000000000000000000000000000000000 111111111 011111111 5 752 4 0
ava0754.def 011111111111111111111111111111111111111111111111 100000000000000000000000000000000000000000000000 111111111 011111111 5 753 4 0
ava0755.def 011111111111111111111111111111111111111111111111 100000000000000000000000000000000000000000000000 111111111 011111111 5 754 4 0
ava0756.def 011111111111111111111111111111111111111111111111 100000000000000000000000000000000000000000000000 111111111 011111111 5 755 4 0
ava0757.def 011111111111111111111111111111111111111111111111 100000000000000000000000000000000000000000000000 111111111 011111111 5 756 4 0
ava0758.def 011111111111111111111111111111111111111111111111 100000000000000000000000000000000000000000000000 111111111 011111111 5 757 4 0
ava0759.def 011111111111111111111111111111111111111111111111 100000000000000000000000000000000000000000000000 111111111 011111111 5 758 4 0
ava0760.def 011111111111111111111111111111111111111111111111 100000000000000000000000000000000000000000000000 111111111 011111111 5 759 4 0
ava0761.def 011111111111111111111111111111111111111111111111 100000000000000000000000000000000000000000000000 111111111 011111111 5 760 4 0
ava0762.def 011111111111111111111111111111111111111111111111 100000000000000000000000000000000000000000000000 111111111 011111111 5 761 4 0
ava0763.def 011111111111111111111111111111111111111111111111 100000000000000000000000000000000000000000000000 111111111 011111111 5 762 4 0
ava0764.def 011111111111111111111111111111111111111111111111 100000000000000000000000000000000000000000000000 111111111 011111111 5 763 4 0
ava0765.def 011111111111111111111111111111111111111111111111 100000000000000000000000000000000000000000000000 111111111 011111111 5 764 4 0
ava0766.def 011111111111111111111111111111111111111111111111 100000000000000000000000000000000000000000000000 111111111 011111111 5 765 4 0
ava0767.def 011111111111111111111111111111111111111111111111 100000000000000000000000000000000000000000000000 111111111 011111111 5 766 4 0
ava0768.def 011111111111111111111111111111111111111111111111 100000000000000000000000000000000000000000000000 111111111 011111111 5 767 4 0
ava0769.def 011111111111111111111111111111111111111111111111 100000000000000000000000000000000000000000000000 111111111 011111111 5 768 4 0
ava0770.def 011111111111111111111111111111111111111111111111 100000000000000000000000000000000000000000000000 111111111 011111111 5 769 4 0
ava0771.def 011111111111111111111111111111111111111111111111 100000000000000000000000000000000000000000000000 111111111 011111111 5 770 4 0
ava0772.def 011111111111111111111111111111111111111111111111 100000000000000000000000000000000000000000000000 111111111 011111111 5 771 4 0
ava0773.def 011111111111111111111111111111111111111111111111 100000000000000000000000000000000000000000000000 111111111 011111111 5 772 4 0
ava0774.def 011111111111111111111111111111111111111111111111 100000000000000000000000000000000000000000000000 111111111 011111111 5 773 4 0
ava0775.def 011111111111111111111111111111111111111111111111 100000000000000000000000000000000000000000000000 111111111 011111111 5 774 4 0
ava0776.def 011111111111111111111111111111111111111111111111 100000000000000000000000000000000000000000000000 111111111 011111111 5 775 4 0
ava0777.def 011111111111111111111111111111111111111111111111 100000000000000000000000000000000000000000000000 111111111 011111111 5 776 4 0
ava0778.def 011111111111111111111111111111111111111111111111 100000000000000000000000000000000000000000000000 111111111 011111111 5 777 4 0
ava0779.def 011111111111111111111111111111111111111111111111 100000000000000000000000000000000000000000000000 111111111 011111111 5 778 4 0
ava0780.def 011111111111111111111111111111111111111111111111 100000000000000000000000000000000000000000000000 111111111 011111111 5 779 4 0
ava0781.def 011111111111111111111111111111111111111111111111 100000000000000000000000000000000000000000000000 111111111 011111111 5 780 4 0
ava0782.def 011111111111111111111111111111111111111111111111 100000000000000000000000000000000000000000000000 111111111 011111111 5 781 4 0
ava0783.def 011111111111111111111111111111111111111111111111 100000000000000000000000000000000000000000000000 111111111 011111111 5 782 4 0
ava0784.def 011111111111111111111111111111111111111111111111 100000000000000000000000000000000000000000000000 111111111 011111111 5 783 4 0
ava0785.def 011111111111111111111111111111111111111111111111 100000000000000000000000000000000000000000000000 111111111 011111111 5 784 4 0
ava0786.def 011111111111111111111111111111111111111111111111 100000000000000000000000000000000000000000000000 111111111 011111111 5 785 4 0
ava0787.def 011111111111111111111111111111111111111111111111 100000000000000000000000000000000000000000000000 111111111 011111111 5 786 4 0
ava0788.def 011111111111111111111111111111111111111111111111 100000000000000000000000000000000000000000000000 111111111 011111111 5 787 4 0
ava0789.def 011111111111111111111111111111111111111111111111 100000000000000000000000000000000000000000000000 111111111 011111111 5 788 4 0
ava0790.def 011111111111111111111111111111111111111111111111 100000000000000000000000000000000000000000000000 111111111 011111111 5 789 4 0
ava0791.def 011111111111111111111111111111111111111111111111 100000000000000000000000000000000000000000000000 111111111 011111111 5 790 4 0
ava0792.def 011111111111111111111111111111111111111111111111 100000000000000000000000000000000000000000000000 111111111 011111111 5 791 4 0
ava0793.def 011111111111111111111111111111111111111111111111 100000000000000000000000000000000000000000000000 111111111 011111111 5 792 4 0
ava0794.def 011111111111111111111111111111111111111111111111 100000000000000000000000000000000000000000000000 111111111 011111111 5 793 4 0
ava0795.def 011111111111111111111111111111111111111111111111 100000000000000000000000000000000000000000000000 111111111 011111111 5 794 4 0
ava0796.def 011111111111111111111111111111111111111111111111 100000000000000000000000000000000000000000000000 111111111 011111111 5 795 4 0
ava0797.def 011111111111111111111111111111111111111111111111 100000000000000000000000000000000000000000000000 111111111 011111111 5 796 4 0
ava0798.def 011111111111111111111111111111111111111111111111 100000000000000000000000000000000000000000000000 111111111 011111111 5 797 4 0
ava0799.def 011111111111111111111111111111111111111111111111 100000000000000000000000000000000000000000000000 111111111 011111111 5 798 4 0
ava0800.def 011111111111111111111111111111111111111111111111 100000000000000000000000000000000000000000000000 111111111 011111111 5 799 4 0
ava0801.def 011111111111111111111111111111111111111111111111 100000000000000000000000000000000000000000000000 111111111 011111111 5 800 4 0
ava0802.def 011111111111111111111111111111111111111111111111 100000000000000000000000000000000000000000000000 111111111 011111111 5 801 4 0
ava0803.def 011111111111111111111111111111111111111111111111 100000000000000000000000000000000000000000000000 111111111 011111111 5 802 4 0
ava0804.def 011111111111111111111111111111111111111111111111 100000000000000000000000000000000000000000000000 111111111 011111111 5 803 4 0
ava0805.def 011111111111111111111111111111111111111111111111 100000000000000000000000000000000000000000000000 111111111 011111111 5 804 4 0
ava0806.def 011111111111111111111111111111111111111111111111 100000000000000000000000000000000000000000000000 111111111 011111111 5 805 4 0
ava0807.def 011111111111111111111111111111111111111111111111 100000000000000000000000000000000000000000000000 111111111 011111111 5 806 4 0
ava0808.def 011111111111111111111111111111111111111111111111 100000000000000000000000000000000000000000000000 111111111 011111111 5 807 4 0
ava0809.def 011111111111111111111111111111111111111111111111 100000000000000000000000000000000000000000000000 111111111 011111111 5 808 4 0
ava0810.def 011111111111111111111111111111111111111111111111 100000000000000000000000000000000000000000000000 111111111 011111111 5 809 4 0
ava0811.def 011111111111111111111111111111111111111111111111 100000000000000000000000000000000000000000000000 111111111 011111111 5 810 4 0
ava0812.def 011111111111111111111111111111111111111111111111 100000000000000000000000000000000000000000000000 111111111 011111111 5 811 4 0
ava0813.def 011111111111111111111111111111111111111111111111 100000000000000000000000000000000000000000000000 111111111 011111111 5 812 4 0
ava0814.def 011111111111111111111111111111111111111111111111 100000000000000000000000000000000000000000000000 111111111 011111111 5 813 4 0
ava0815.def 011111111111111111111111111111111111111111111111 100000000000000000000000000000000000000000000000 111111111 011111111 5 814 4 0
ava0816.def 011111111111111111111111111111111111111111111111 100000000000000000000000000000000000000000000000 111111111 011111111 5 815 4 0
ava0817.def 011111111111111111111111111111111111111111111111 100000000000000000000000000000000000000000000000 111111111 011111111 5 816 4 0
ava0818.def 011111111111111111111111111111111111111111111111 100000000000000000000000000000000000000000000000 111111111 011111111 5 817 4 0
ava0819.def 011111111111111111111111111111111111111111111111 100000000000000000000000000000000000000000000000 111111111 011111111 5 818 4 0
ava0820.def 011111111111111111111111111111111111111111111111 100000000000000000000000000000000000000000000000 111111111 011111111 5 819 4 0
ava0821.def 011111111111111111111111111111111111111111111111 100000000000000000000000000000000000000000000000 111111111 011111111 5 820 4 0
ava0822.def 011111111111111111111111111111111111111111111111 100000000000000000000000000000000000000000000000 111111111 011111111 5 821 4 0
ava0823.def 011111111111111111111111111111111111111111111111 100000000000000000000000000000000000000000000000 111111111 011111111 5 822 4 0
ava0824.def 011111111111111111111111111111111111111111111111 100000000000000000000000000000000000000000000000 111111111 011111111 5 823 4 0
ava0825.def 011111111111111111111111111111111111111111111111 100000000000000000000000000000000000000000000000 111111111 011111111 5 824 4 0
ava0826.def 011111111111111111111111111111111111111111111111 100000000000000000000000000000000000000000000000 111111111 011111111 5 825 4 0
ava0827.def 011111111111111111111111111111111111111111111111 100000000000000000000000000000000000000000000000 111111111 011111111 5 826 4 0
ava0828.def 011111111111111111111111111111111111111111111111 100000000000000000000000000000000000000000000000 111111111 011111111 5 827 4 0
ava0829.def 011111111111111111111111111111111111111111111111 100000000000000000000000000000000000000000000000 111111111 011111111 5 828 4 0
ava0830.def 011111111111111111111111111111111111111111111111 100000000000000000000000000000000000000000000000 111111111 011111111 5 829 4 0
ava0831.def 011111111111111111111111111111111111111111111111 100000000000000000000000000000000000000000000000 111111111 011111111 5 830 4 0
ava0832.def 011111111111111111111111111111111111111111111111 100000000000000000000000000000000000000000000000 111111111 011111111 5 831 4 0
ava0833.def 011111111111111111111111111111111111111111111111 100000000000000000000000000000000000000000000000 111111111 011111111 5 832 4 0
ava0834.def 011111111111111111111111111111111111111111111111 100000000000000000000000000000000000000000000000 111111111 011111111 5 833 4 0
ava0835.def 011111111111111111111111111111111111111111111111 100000000000000000000000000000000000000000000000 111111111 011111111 5 834 4 0
ava0836.def 011111111111111111111111111111111111111111111111 100000000000000000000000000000000000000000000000 111111111 011111111 5 835 4 0
ava0837.def 011111111111111111111111111111111111111111111111 100000000000000000000000000000000000000000000000 111111111 011111111 5 836 4 0
ava0838.def 011111111111111111111111111111111111111111111111 100000000000000000000000000000000000000000000000 111111111 011111111 5 837 4 0
ava0839.def 011111111111111111111111111111111111111111111111 100000000000000000000000000000000000000000000000 111111111 011111111 5 838 4 0
ava0840.def 011111111111111111111111111111111111111111111111 100000000000000000000000000000000000000000000000 111111111 011111111 5 839 4 0
ava0841.def 011111111111111111111111111111111111111111111111 100000000000000000000000000000000000000000000000 111111111 011111111 5 840 4 0
ava0842.def 011111111111111111111111111111111111111111111111 100000000000000000000000000000000000000000000000 111111111 011111111 5 841 4 0
ava0843.def 011111111111111111111111111111111111111111111111 100000000000000000000000000000000000000000000000 111111111 011111111 5 842 4 0
ava0844.def 011111111111111111111111111111111111111111111111 100000000000000000000000000000000000000000000000 111111111 011111111 5 843 4 0
ava0845.def 011111111111111111111111111111111111111111111111 100000000000000000000000000000000000000000000000 111111111 011111111 5 844 4 0
ava0846.def 011111111111111111111111111111111111111111111111 100000000000000000000000000000000000000000000000 111111111 011111111 5 845 4 0
ava0847.def 011111111111111111111111111111111111111111111111 100000000000000000000000000000000000000000000000 111111111 011111111 5 846 4 0
ava0848.def 011111111111111111111111111111111111111111111111 100000000000000000000000000000000000000000000000 111111111 011111111 5 847 4 0
ava0849.def 011111111111111111111111111111111111111111111111 100000000000000000000000000000000000000000000000 111111111 011111111 5 848 4 0
ava0850.def 011111111111111111111111111111111111111111111111 100000000000000000000000000000000000000000000000 111111111 011111111 5 849 4 0
ava0851.def 011111111111111111111111111111111111111111111111 100000000000000000000000000000000000000000000000 111111111 011111111 5 850 4 0
ava0852.def 011111111111111111111111111111111111111111111111 100000000000000000000000000000000000000000000000 111111111 011111111 5 851 4 0
ava0853.def 011111111111111111111111111111111111111111111111 100000000000000000000000000000000000000000000000 111111111 011111111 5 852 4 0
ava0854.def 011111111111111111111111111111111111111111111111 100000000000000000000000000000000000000000000000 111111111 011111111 5 853 4 0
ava0855.def 011111111111111111111111111111111111111111111111 100000000000000000000000000000000000000000000000 111111111 011111111 5 854 4 0
ava0856.def 011111111111111111111111111111111111111111111111 100000000000000000000000000000000000000000000000 111111111 011111111 5 855 4 0
ava0857.def 011111111111111111111111111111111111111111111111 100000000000000000000000000000000000000000000000 111111111 011111111 5 856 4 0
ava0858.def 011111111111111111111111111111111111111111111111 100000000000000000000000000000000000000000000000 111111111 011111111 5 857 4 0
ava0859.def 011111111111111111111111111111111111111111111111 100000000000000000000000000000000000000000000000 111111111 011111111 5 858 4 0
ava0860.def 011111111111111111111111111111111111111111111111 100000000000000000000000000000000000000000000000 111111111 011111111 5 859 4 0
ava0861.def 011111111111111111111111111111111111111111111111 100000000000000000000000000000000000000000000000 111111111 011111111 5 860 4 0
ava0862.def 011111111111111111111111111111111111111111111111 100000000000000000000000000000000000000000000000 111111111 011111111 5 861 4 0
ava0863.def 011111111111111111111111111111111111111111111111 100000000000000000000000000000000000000000000000 111111111 011111111 5 862 4 0
ava0864.def 011111111111111111111111111111111111111111111111 100000000000000000000000000000000000000000000000 111111111 011111111 5 863 4 0
ava0865.def 011111111111111111111111111111111111111111111111 100000000000000000000000000000000000000000000000 111111111 011111111 5 864 4 0
ava0866.def 011111111111111111111111111111111111111111111111 100000000000000000000000000000000000000000000000 111111111 011111111 5 865 4 0
ava0867.def 011111111111111111111111111111111111111111111111 100000000000000000000000000000000000000000000000 111111111 011111111 5 866 4 0
ava0868.def 011111111111111111111111111111111111111111111111 100000000000000000000000000000000000000000000000 111111111 011111111 5 867 4 0
ava0869.def 011111111111111111111111111111111111111111111111 100000000000000000000000000000000000000000000000 111111111 011111111 5 868 4 0
ava0870.def 011111111111111111111111111111111111111111111111 100000000000000000000000000000000000000000000000 111111111 011111111 5 869 4 0
ava0871.def 011111111111111111111111111111111111111111111111 100000000000000000000000000000000000000000000000 111111111 011111111 5 870 4 0
ava0872.def 011111111111111111111111111111111111111111111111 100000000000000000000000000000000000000000000000 111111111 011111111 5 871 4 0
ava0873.def 011111111111111111111111111111111111111111111111 100000000000000000000000000000000000000000000000 111111111 011111111 5 872 4 0
ava0874.def 011111111111111111111111111111111111111111111111 100000000000000000000000000000000000000000000000 111111111 011111111 5 873 4 0
ava0875.def 011111111111111111111111111111111111111111111111 100000000000000000000000000000000000000000000000 111111111 011111111 5 874 4 0
ava0876.def 011111111111111111111111111111111111111111111111 100000000000000000000000000000000000000000000000 111111111 011111111 5 875 4 0
ava0877.def 011111111111111111111111111111111111111111111111 100000000000000000000000000000000000000000000000 111111111 011111111 5 876 4 0
ava0878.def 011111111111111111111111111111111111111111111111 100000000000000000000000000000000000000000000000 111111111 011111111 5 877 4 0
ava0879.def 011111111111111111111111111111111111111111111111 100000000000000000000000000000000000000000000000 111111111 011111111 5 878 4 0
ava0880.def 011111111111111111111111111111111111111111111111 100000000000000000000000000000000000000000000000 111111111 011111111 5 879 4 0
ava0881.def 011111111111111111111111111111111111111111111111 100000000000000000000000000000000000000000000000 111111111 011111111 5 880 4 0
ava0882.def 011111111111111111111111111111111111111111111111 100000000000000000000000000000000000000000000000 111111111 011111111 5 881 4 0
ava0883.def 011111111111111111111111111111111111111111111111 100000000000000000000000000000000000000000000000 111111111 011111111 5 882 4 0
ava0884.def 011111111111111111111111111111111111111111111111 100000000000000000000000000000000000000000000000 111111111 011111111 5 883 4 0
ava0885.def 011111111111111111111111111111111111111111111111 100000000000000000000000000000000000000000000000 111111111 011111111 5 884 4 0
ava0886.def 011111111111111111111111111111111111111111111111 100000000000000000000000000000000000000000000000 111111111 011111111 5 885 4 0
ava0887.def 011111111111111111111111111111111111111111111111 100000000000000000000000000000000000000000000000 111111111 011111111 5 886 4 0
ava0888.def 011111111111111111111111111111111111111111111111 100000000000000000000000000000000000000000000000 111111111 011111111 5 887 4 0
ava0889.def 011111111111111111111111111111111111111111111111 100000000000000000000000000000000000000000000000 111111111 011111111 5 888 4 0
ava0890.def 011111111111111111111111111111111111111111111111 100000000000000000000000000000000000000000000000 111111111 011111111 5 889 4 0
ava0891.def 011111111111111111111111111111111111111111111111 100000000000000000000000000000000000000000000000 111111111 011111111 5 890 4 0
ava0892.def 011111111111111111111111111111111111111111111111 100000000000000000000000000000000000000000000000 111111111 011111111 5 891 4 0
ava0893.def 011111111111111111111111111111111111111111111111 100000000000000000000000000000000000000000000000 111111111 011111111 5 892 4 0
ava0894.def 011111111111111111111111111111111111111111111111 100000000000000000000000000000000000000000000000 111111111 011111111 5 893 4 0
ava0895.def 011111111111111111111111111111111111111111111111 100000000000000000000000000000000000000000000000 111111111 011111111 5 894 4 0
ava0896.def 011111111111111111111111111111111111111111111111 100000000000000000000000000000000000000000000000 111111111 011111111 5 895 4 0
ava0897.def 011111111111111111111111111111111111111111111111 100000000000000000000000000000000000000000000000 111111111 011111111 5 896 4 0
ava0898.def 011111111111111111111111111111111111111111111111 100000000000000000000000000000000000000000000000 111111111 011111111 5 897 4 0
ava0899.def 011111111111111111111111111111111111111111111111 100000000000000000000000000000000000000000000000 111111111 011111111 5 898 4 0
ava0900.def 011111111111111111111111111111111111111111111111 100000000000000000000000000000000000000000000000 111111111 011111111 5 899 4 0
ava0901.def 011111111111111111111111111111111111111111111111 100000000000000000000000000000000000000000000000 111111111 011111111 5 900 4 0
ava0902.def 011111111111111111111111111111111111111111111111 100000000000000000000000000000000000000000000000 111111111 011111111 5 901 4 0
ava0903.def 011111111111111111111111111111111111111111111111 100000000000000000000000000000000000000000000000 111111111 011111111 5 902 4 0
ava0904.def 011111111111111111111111111111111111111111111111 100000000000000000000000000000000000000000000000 111111111 011111111 5 903 4 0
ava0905.def 011111111111111111111111111111111111111111111111 100000000000000000000000000000000000000000000000 111111111 011111111 5 904 4 0
ava0906.def 011111111111111111111111111111111111111111111111 100000000000000000000000000000000000000000000000 111111111 011111111 5 905 4 0
ava0907.def 011111111111111111111111111111111111111111111111 100000000000000000000000000000000000000000000000 111111111 011111111 5 906 4 0
ava0908.def 011111111111111111111111111111111111111111111111 100000000000000000000000000000000000000000000000 111111111 011111111 5 907 4 0
ava0909.def 011111111111111111111111111111111111111111111111 100000000000000000000000000000000000000000000000 111111111 011111111 5 908 4 0
ava0910.def 011111111111111111111111111111111111111111111111 100000000000000000000000000000000000000000000000 111111111 011111111 5 909 4 0
ava0911.def 011111111111111111111111111111111111111111111111 100000000000000000000000000000000000000000000000 111111111 011111111 5 910 4 0
ava0912.def 011111111111111111111111111111111111111111111111 100000000000000000000000000000000000000000000000 111111111 011111111 5 911 4 0
ava0913.def 011111111111111111111111111111111111111111111111 100000000000000000000000000000000000000000000000 111111111 011111111 5 912 4 0
ava0914.def 011111111111111111111111111111111111111111111111 100000000000000000000000000000000000000000000000 111111111 011111111 5 913 4 0
ava0915.def 011111111111111111111111111111111111111111111111 100000000000000000000000000000000000000000000000 111111111 011111111 5 914 4 0
ava0916.def 011111111111111111111111111111111111111111111111 100000000000000000000000000000000000000000000000 111111111 011111111 5 915 4 0
ava0917.def 011111111111111111111111111111111111111111111111 100000000000000000000000000000000000000000000000 111111111 011111111 5 916 4 0
ava0918.def 011111111111111111111111111111111111111111111111 100000000000000000000000000000000000000000000000 111111111 011111111 5 917 4 0
ava0919.def 011111111111111111111111111111111111111111111111 100000000000000000000000000000000000000000000000 111111111 011111111 5 918 4 0
ava0920.def 011111111111111111111111111111111111111111111111 100000000000000000000000000000000000000000000000 111111111 011111111 5 919 4 0
ava0921.def 011111111111111111111111111111111111111111111111 100000000000000000000000000000000000000000000000 111111111 011111111 5 920 4 0
ava0922.def 011111111111111111111111111111111111111111111111 100000000000000000000000000000000000000000000000 111111111 011111111 5 921 4 0
ava0923.def 011111111111111111111111111111111111111111111111 100000000000000000000000000000000000000000000000 111111111 011111111 5 922 4 0
ava0924.def 011111111111111111111111111111111111111111111111 100000000000000000000000000000000000000000000000 111111111 011111111 5 923 4 0
ava0925.def 011111111111111111111111111111111111111111111111 100000000000000000000000000000000000000000000000 111111111 011111111 5 924 4 0
ava0926.def 011111111111111111111111111111111111111111111111 100000000000000000000000000000000000000000000000 111111111 011111111 5 925 4 0
ava0927.def 011111111111111111111111111111111111111111111111 100000000000000000000000000000000000000000000000 111111111 011111111 5 926 4 0
ava0928.def 011111111111111111111111111111111111111111111111 100000000000000000000000000000000000000000000000 111111111 011111111 5 927 4 0
ava0929.def 011111111111111111111111111111111111111111111111 100000000000000000000000000000000000000000000000 111111111 011111111 5 928 4 0
ava0930.def 011111111111111111111111111111111111111111111111 100000000000000000000000000000000000000000000000 111111111 011111111 5 929 4 0
ava0931.def 011111111111111111111111111111111111111111111111 100000000000000000000000000000000000000000000000 111111111 011111111 5 930 4 0
ava0932.def 011111111111111111111111111111111111111111111111 100000000000000000000000000000000000000000000000 111111111 011111111 5 931 4 0
ava0933.def 011111111111111111111111111111111111111111111111 100000000000000000000000000000000000000000000000 111111111 011111111 5 932 4 0
ava0934.def 011111111111111111111111111111111111111111111111 100000000000000000000000000000000000000000000000 111111111 011111111 5 933 4 0
ava0935.def 011111111111111111111111111111111111111111111111 100000000000000000000000000000000000000000000000 111111111 011111111 5 934 4 0
ava0936.def 011111111111111111111111111111111111111111111111 100000000000000000000000000000000000000000000000 111111111 011111111 5 935 4 0
ava0937.def 011111111111111111111111111111111111111111111111 100000000000000000000000000000000000000000000000 111111111 011111111 5 936 4 0
ava0938.def 011111111111111111111111111111111111111111111111 100000000000000000000000000000000000000000000000 111111111 011111111 5 937 4 0
ava0939.def 011111111111111111111111111111111111111111111111 100000000000000000000000000000000000000000000000 111111111 011111111 5 938 4 0
ava0940.def 011111111111111111111111111111111111111111111111 100000000000000000000000000000000000000000000000 111111111 011111111 5 939 4 0
ava0941.def 011111111111111111111111111111111111111111111111 100000000000000000000000000000000000000000000000 111111111 011111111 5 940 4 0
ava0942.def 011111111111111111111111111111111111111111111111 100000000000000000000000000000000000000000000000 111111111 011111111 5 941 4 0
ava0943.def 011111111111111111111111111111111111111111111111 100000000000000000000000000000000000000000000000 111111111 011111111 5 942 4 0
ava0944.def 011111111111111111111111111111111111111111111111 100000000000000000000000000000000000000000000000 111111111 011111111 5 943 4 0
ava0945.def 011111111111111111111111111111111111111111111111 100000000000000000000000000000000000000000000000 111111111 011111111 5 944 4 0
ava0946.def 011111111111111111111111111111111111111111111111 100000000000000000000000000000000000000000000000 111111111 011111111 5 945 4 0
ava0947.def 011111111111111111111111111111111111111111111111 100000000000000000000000000000000000000000000000 111111111 011111111 5 946 4 0
ava0948.def 011111111111111111111111111111111111111111111111 100000000000000000000000000000000000000000000000 111111111 011111111 5 947 4 0
ava0949.def 011111111111111111111111111111111111111111111111 100000000000000000000000000000000000000000000000 111111111 011111111 5 948 4 0
ava0950.def 011111111111111111111111111111111111111111111111 100000000000000000000000000000000000000000000000 111111111 011111111 5 949 4 0
ava0951.def 011111111111111111111111111111111111111111111111 100000000000000000000000000000000000000000000000 111111111 011111111 5 950 4 0
ava0952.def 011111111111111111111111111111111111111111111111 100000000000000000000000000000000000000000000000 111111111 011111111 5 951 4 0
ava0953.def 011111111111111111111111111111111111111111111111 100000000000000000000000000000000000000000000000 111111111 011111111 5 952 4 0
ava0954.def 011111111111111111111111111111111111111111111111 100000000000000000000000000000000000000000000000 111111111 011111111 5 953 4 0
ava0955.def 011111111111111111111111111111111111111111111111 100000000000000000000000000000000000000000000000 111111111 011111111 5 954 4 0
ava0956.def 011111111111111111111111111111111111111111111111 100000000000000000000000000000000000000000000000 111111111 011111111 5 955 4 0
ava0957.def 011111111111111111111111111111111111111111111111 100000000000000000000000000000000000000000000000 111111111 011111111 5 956 4 0
ava0958.def 011111111111111111111111111111111111111111111111 100000000000000000000000000000000000000000000000 111111111 011111111 5 957 4 0
ava0959.def 011111111111111111111111111111111111111111111111 100000000000000000000000000000000000000000000000 111111111 011111111 5 958 4 0
ava0960.def 011111111111111111111111111111111111111111111111 100000000000000000000000000000000000000000000000 111111111 011111111 5 959 4 0
ava0961.def 011111111111111111111111111111111111111111111111 100000000000000000000000000000000000000000000000 111111111 011111111 5 960 4 0
ava0962.def 011111111111111111111111111111111111111111111111 100000000000000000000000000000000000000000000000 111111111 011111111 5 961 4 0
ava0963.def 011111111111111111111111111111111111111111111111 100000000000000000000000000000000000000000000000 111111111 011111111 5 962 4 0
ava0964.def 011111111111111111111111111111111111111111111111 100000000000000000000000000000000000000000000000 111111111 011111111 5 963 4 0
ava0965.def 011111111111111111111111111111111111111111111111 100000000000000000000000000000000000000000000000 111111111 011111111 5 964 4 0
ava0966.def 011111111111111111111111111111111111111111111111 100000000000000000000000000000000000000000000000 111111111 011111111 5 965 4 0
ava0967.def 011111111111111111111111111111111111111111111111 100000000000000000000000000000000000000000000000 111111111 011111111 5 966 4 0
ava0968.def 011111111111111111111111111111111111111111111111 100000000000000000000000000000000000000000000000 111111111 011111111 5 967 4 0
ava0969.def 011111111111111111111111111111111111111111111111 100000000000000000000000000000000000000000000000 111111111 011111111 5 968 4 0
ava0970.def 011111111111111111111111111111111111111111111111 100000000000000000000000000000000000000000000000 111111111 011111111 5 969 4 0
ava0971.def 011111111111111111111111111111111111111111111111 100000000000000000000000000000000000000000000000 111111111 011111111 5 970 4 0
ava0972.def 011111111111111111111111111111111111111111111111 100000000000000000000000000000000000000000000000 111111111 011111111 5 971 4 0
ava0973.def 011111111111111111111111111111111111111111111111 100000000000000000000000000000000000000000000000 111111111 011111111 5 972 4 0
ava0974.def 011111111111111111111111111111111111111111111111 100000000000000000000000000000000000000000000000 111111111 011111111 5 973 4 0
ava0975.def 011111111111111111111111111111111111111111111111 100000000000000000000000000000000000000000000000 111111111 011111111 5 974 4 0
ava0976.def 011111111111111111111111111111111111111111111111 100000000000000000000000000000000000000000000000 111111111 011111111 5 975 4 0
ava0977.def 011111111111111111111111111111111111111111111111 100000000000000000000000000000000000000000000000 111111111 011111111 5 976 4 0
ava0978.def 011111111111111111111111111111111111111111111111 100000000000000000000000000000000000000000000000 111111111 011111111 5 977 4 0
ava0979.def 011111111111111111111111111111111111111111111111 100000000000000000000000000000000000000000000000 111111111 011111111 5 978 4 0
ava0980.def 011111111111111111111111111111111111111111111111 100000000000000000000000000000000000000000000000 111111111 011111111 5 979 4 0
ava0981.def 011111111111111111111111111111111111111111111111 100000000000000000000000000000000000000000000000 111111111 011111111 5 980 4 0
ava0982.def 011111111111111111111111111111111111111111111111 100000000000000000000000000000000000000000000000 111111111 011111111 5 981 4 0
ava0983.def 011111111111111111111111111111111111111111111111 100000000000000000000000000000000000000000000000 111111111 011111111 5 982 4 0
ava0984.def 011111111111111111111111111111111111111111111111 100000000000000000000000000000000000000000000000 111111111 011111111 5 983 4 0
ava0985.def 011111111111111111111111111111111111111111111111 100000000000000000000000000000000000000000000000 111111111 011111111 5 984 4 0
ava0986.def 011111111111111111111111111111111111111111111111 100000000000000000000000000000000000000000000000 111111111 011111111 5 985 4 0
ava0987.def 011111111111111111111111111111111111111111111111 100000000000000000000000000000000000000000000000 111111111 011111111 5 986 4 0
ava0988.def 011111111111111111111111111111111111111111111111 100000000000000000000000000000000000000000000000 111111111 011111111 5 987 4 0
ava0989.def 011111111111111111111111111111111111111111111111 100000000000000000000000000000000000000000000000 111111111 011111111 5 988 4 0
ava0990.def 011111111111111111111111111111111111111111111111 100000000000000000000000000000000000000000000000 111111111 011111111 5 989 4 0
ava0991.def 011111111111111111111111111111111111111111111111 100000000000000000000000000000000000000000000000 111111111 011111111 5 990 4 0
ava0992.def 011111111111111111111111111111111111111111111111 100000000000000000000000000000000000000000000000 111111111 011111111 5 991 4 0
ava0993.def 011111111111111111111111111111111111111111111111 100000000000000000000000000000000000000000000000 111111111 011111111 5 992 4 0
ava0994.def 011111111111111111111111111111111111111111111111 100000000000000000000000000000000000000000000000 111111111 011111111 5 993 4 0
ava0995.def 011111111111111111111111111111111111111111111111 100000000000000000000000000000000000000000000000 111111111 011111111 5 994 4 0
ava0996.def 011111111111111111111111111111111111111111111111 100000000000000000000000000000000000000000000000 111111111 011111111 5 995 4 0
ava0997.def 011111111111111111111111111111111111111111111111 100000000000000000000000000000000000000000000000 111111111 011111111 5 996 4 0
ava0998.def 011111111111111111111111111111111111111111111111 100000000000000000000000000000000000000000000000 111111111 011111111 5 997 4 0
ava0999.def 011111111111111111111111111111111111111111111111 100000000000000000000000000000000000000000000000 111111111 011111111 5 998 4 0
ava1000.def 011111111111111111111111111111111111111111111111 100000000000000000000000000000000000000000000000 111111111 011111111 5 999 4 0
AdvMn122.def 011111111111111111111111111111111111111111111111 100000000000000000000000000000000000000000000000 111111111 000000001 54 122 2 0 
AdvMn124.def 011111111111111111111111111111111111111111111111 100000000000000000000000000000000000000000000000 111111111 000000001 54 124 2 0 
AdvMn126.def 011111111111111111111111111111111111111111111111 100000000000000000000000000000000000000000000000 111111111 000000001 54 126 2 0 
AdvMn128.def 011111111111111111111111111111111111111111111111 100000000000000000000000000000000000000000000000 111111111 000000001 54 128 2 0 
ztemple.rmg 000111110001111111111111111111111111111111111111 001000000000000000000000000000000000000000000000 011111111 011111111 63 75 1 0
AVSutop0.def 100011111000001100001111111111111111111111111111 010000000000000000000000000000000000000000000000 111111111 011111111 63 76 0 0
sf1478.def 000111110001111111111111111111111111111111111111 010000000000000000000000000000000000000000000000 111111111 011111111 63 77 0 0
bzair.def 011111111111111111111111111111111111111111111111 100000000000000000000000000000000000000000000000 111111111 011111111 63 78 0 0
AVCcasx0.def 000001110000011110001111111111111111111111111111 001000000000000000000000000000000000000000000000 011111111 011111111 98 9 1 0
AVCramx0.def 000001110000011110001111111111111111111111111111 001000000000000000000000000000000000000000000000 011111111 011111111 98 10 1 0
AVCtowx0.def 000001110000011110001111111111111111111111111111 001000000000000000000000000000000000000000000000 011111111 011111111 98 11 1 0
AVCinfx0.def 000001110000011110001111111111111111111111111111 001000000000000000000000000000000000000000000000 011111111 011111111 98 12 1 0
AVCnecx0.def 000001110000011110001111111111111111111111111111 001000000000000000000000000000000000000000000000 011111111 011111111 98 13 1 0
AVCdunx0.def 000001110000011110001111111111111111111111111111 001000000000000000000000000000000000000000000000 011111111 011111111 98 14 1 0
AVCstrx0.def 000001110000011110001111111111111111111111111111 001000000000000000000000000000000000000000000000 011111111 011111111 98 15 1 0
AVCftrx0.def 000001110000011110001111111111111111111111111111 001000000000000000000000000000000000000000000000 011111111 011111111 98 16 1 0
avchforx.def 000001110000011110001111111111111111111111111111 001000000000000000000000000000000000000000000000 011111111 011111111 98 17 1 0
AVCcasx0.def 000001110000011110001111111111111111111111111111 001000000000000000000000000000000000000000000000 011111111 011111111 98 18 1 0
AVCramx0.def 000001110000011110001111111111111111111111111111 001000000000000000000000000000000000000000000000 011111111 011111111 98 19 1 0
AVCtowx0.def 000001110000011110001111111111111111111111111111 001000000000000000000000000000000000000000000000 011111111 011111111 98 20 1 0
AVCinfx0.def 000001110000011110001111111111111111111111111111 001000000000000000000000000000000000000000000000 011111111 011111111 98 21 1 0
AVCnecx0.def 000001110000011110001111111111111111111111111111 001000000000000000000000000000000000000000000000 011111111 011111111 98 22 1 0
AVCdunx0.def 000001110000011110001111111111111111111111111111 001000000000000000000000000000000000000000000000 011111111 011111111 98 23 1 0
AVCstrx0.def 000001110000011110001111111111111111111111111111 001000000000000000000000000000000000000000000000 011111111 011111111 98 24 1 0
AVCftrx0.def 000001110000011110001111111111111111111111111111 001000000000000000000000000000000000000000000000 011111111 011111111 98 25 1 0
avchforx.def 000001110000011110001111111111111111111111111111 001000000000000000000000000000000000000000000000 011111111 011111111 98 26 1 0
